Unit,ID,Entry,Row,Range,ReplicationTOS,TRT,RepRow,Variety,Type,TOS,Plotname,subset
1,V49,49,1,1,1,49,1,Emu_Rock,TL,2,V49 (Emu_Rock),
2,V40,40,2,1,2,40,1,Cutlass,TL,2,V40 (Cutlass),
3,V11,11,3,1,1,11,1,Bass,TL,2,V11 (Bass),
4,V66,66,4,1,1,66,1,Longsword,TL,2,V66 (Longsword),
5,V48,48,5,1,2,48,1,Ellison,TL,2,V48 (Ellison),
6,V28,28,6,1,2,28,2,CSIROW007,TL,2,V28 (CSIROW007),
7,V51,51,7,1,1,51,2,Fleet,TL,2,V51 (Fleet),
8,V20,20,8,1,1,20,2,Commander,TL,2,V20 (Commander),
9,V77,77,9,1,1,77,2,Rosella,TL,2,V77 (Rosella),
10,V34,34,10,1,2,34,2,CSIROW029,TL,2,V34 (CSIROW029),
11,V4,4,1,2,1,4,1,Spartacus CL,Control,2,V4 (Spartacus CL),
12,V72,72,2,2,1,72,1,Ouyen,TL,2,V72 (Ouyen),
13,V47,47,3,2,2,47,1,EGA_Wills,TL,2,V47 (EGA_Wills),
14,V85,85,4,2,1,85,1,Sunbee,TL,2,V85 (Sunbee),
15,V70,70,5,2,1,70,1,Mitch,TL,2,V70 (Mitch),
16,V41,41,6,2,2,41,2,Dash,TL,2,V41 (Dash),
17,V12,12,7,2,1,12,2,Baudin,TL,2,V12 (Baudin),
18,V38,38,8,2,2,38,2,CSIROW102,TL,2,V38 (CSIROW102),
19,V61,61,9,2,1,61,2,Janz,TL,2,V61 (Janz),
20,V88,88,10,2,1,88,2,Sunstate,TL,2,V88 (Sunstate),
21,V57,57,1,3,1,57,1,Granger,TL,2,V57 (Granger),
22,V27,27,2,3,1,27,1,CSIROW005,TL,2,V27 (CSIROW005),
23,V32,32,3,3,2,32,1,CSIROW023,TL,2,V32 (CSIROW023),
24,V42,42,4,3,2,42,1,Derrimut,TL,2,V42 (Derrimut),
25,V82,82,5,3,1,82,1,Spitfire,TL,2,V82 (Spitfire),
26,V9,9,6,3,1,9,2,Axe,TL,2,V9 (Axe),
27,V36,36,7,3,2,36,2,CSIROW077,TL,2,V36 (CSIROW077),
28,V76,76,8,3,1,76,2,Rosalind,TL,2,V76 (Rosalind),
29,V63,63,9,3,1,63,2,Kellalac,TL,2,V63 (Kellalac),
30,V44,44,10,3,2,44,2,EGA_Gregory,TL,2,V44 (EGA_Gregory),
31,V35,35,1,4,2,35,1,CSIROW073,TL,2,V35 (CSIROW073),
32,V53,53,2,4,1,53,1,Forrest,TL,2,V53 (Forrest),
33,V80,80,3,4,1,80,1,Scout,TL,2,V80 (Scout),
34,V43,43,4,4,2,43,1,EGA_Eaglehawk,TL,2,V43 (EGA_Eaglehawk),
35,V18,18,5,4,1,18,1,Cassiopee,TL,2,V18 (Cassiopee),
36,V81,81,6,4,1,81,2,Shepherd,TL,2,V81 (Shepherd),
37,V42,42,7,4,2,42,2,Derrimut,TL,2,V42 (Derrimut),
38,V14,14,8,4,1,14,2,Bolac,TL,2,V14 (Bolac),
39,V31,31,9,4,2,31,2,CSIROW021,TL,2,V31 (CSIROW021),
40,V68,68,10,4,1,68,2,Magenta,TL,2,V68 (Magenta),
41,V38,38,1,5,2,38,1,CSIROW102,TL,2,V38 (CSIROW102),
42,V46,46,2,5,2,46,1,EGA_Wedgetail,TL,2,V46 (EGA_Wedgetail),
43,V90,90,3,5,1,90,1,Trojan,TL,2,V90 (Trojan),
44,V2,2,4,5,2,2,1,Beaufort,Control,2,V2 (Beaufort),
45,V17,17,5,5,1,17,1,Capstan,TL,2,V17 (Capstan),
46,V29,29,6,5,2,29,2,CSIROW011,TL,2,V29 (CSIROW011),
47,V23,23,7,5,1,23,2,CSIROB1,TL,2,V23 (CSIROB1),
48,V5,5,8,5,1,5,2,Manning,Control,2,V5 (Manning),
49,V86,86,9,5,1,86,2,Sunbri,TL,2,V86 (Sunbri),
50,V1,1,10,5,2,1,2,RGT Planet,Control,2,V1 (RGT Planet),
51,V54,54,1,6,1,54,1,Franklin,TL,2,V54 (Franklin),
52,V8,8,2,6,1,8,1,Alestar,TL,2,V8 (Alestar),
53,V36,36,3,6,2,36,1,CSIROW077,TL,2,V36 (CSIROW077),
54,V92,92,4,6,1,92,1,Westminster,TL,2,V92 (Westminster),
55,V6,6,5,6,1,6,1,Scepter,Control,2,V6 (Scepter),
56,V93,93,6,6,1,93,2,Whistler,TL,2,V93 (Whistler),
57,V22,22,7,6,1,22,2,Crusader,TL,2,V22 (Crusader),
58,V47,47,8,6,2,47,2,EGA_Wills,TL,2,V47 (EGA_Wills),
59,V37,37,9,6,2,37,2,CSIROW087,TL,2,V37 (CSIROW087),
60,V79,79,10,6,1,79,2,Scope,TL,2,V79 (Scope),
61,V31,31,1,7,2,31,1,CSIROW021,TL,2,V31 (CSIROW021),
62,V67,67,2,7,1,67,1,Mace,TL,2,V67 (Mace),
63,V64,64,3,7,1,64,1,Kittyhawk,TL,2,V64 (Kittyhawk),
64,V87,87,4,7,1,87,1,Sunlamb,TL,2,V87 (Sunlamb),
65,V28,28,5,7,2,28,1,CSIROW007,TL,2,V28 (CSIROW007),
66,V19,19,6,7,1,19,2,Catalina,TL,2,V19 (Catalina),
67,V45,45,7,7,2,45,2,EGA_Hume,TL,2,V45 (EGA_Hume),
68,V56,56,8,7,1,56,2,Gauntlet,TL,2,V56 (Gauntlet),
69,V4,4,9,7,1,4,2,Spartacus CL,Control,2,V4 (Spartacus CL),
70,V62,62,10,7,1,62,2,Keel,TL,2,V62 (Keel),
71,V58,58,1,8,1,58,1,Grenade CL Plus,TL,2,V58 (Grenade CL Plus),
72,V5,5,2,8,1,5,1,Manning,Control,2,V5 (Manning),
73,V75,75,3,8,1,75,1,Revenue,TL,2,V75 (Revenue),
74,V44,44,4,8,2,44,1,EGA_Gregory,TL,2,V44 (EGA_Gregory),
75,V21,21,5,8,1,21,1,Compass,TL,2,V21 (Compass),
76,V26,26,6,8,1,26,2,CSIROW003,TL,2,V26 (CSIROW003),
77,V52,52,7,8,1,52,2,Flinders,TL,2,V52 (Flinders),
78,V30,30,8,8,2,30,2,CSIROW018,TL,2,V30 (CSIROW018),
79,V71,71,9,8,1,71,2,Navigator,TL,2,V71 (Navigator),
80,V40,40,10,8,2,40,2,Cutlass,TL,2,V40 (Cutlass),
81,V33,33,1,9,2,33,1,CSIROW027,TL,2,V33 (CSIROW027),
82,V39,39,2,9,2,39,1,CSIROW105,TL,2,V39 (CSIROW105),
83,V3,3,3,9,1,3,1,Lancer,Control,2,V3 (Lancer),
84,V74,74,4,9,1,74,1,Peake,TL,2,V74 (Peake),
85,V65,65,5,9,1,65,1,Lockyer,TL,2,V65 (Lockyer),
86,V46,46,6,9,2,46,2,EGA_Wedgetail,TL,2,V46 (EGA_Wedgetail),
87,V35,35,7,9,2,35,2,CSIROW073,TL,2,V35 (CSIROW073),
88,V25,25,8,9,1,25,2,CSIROW002,TL,2,V25 (CSIROW002),
89,V13,13,9,9,1,13,2,Biere,TL,2,V13 (Biere),
90,V94,94,10,9,1,94,2,Wyalkatchem,TL,2,V94 (Wyalkatchem),
91,V16,16,1,10,1,16,1,Calingiri,TL,2,V16 (Calingiri),
92,V59,59,2,10,1,59,1,Grout,TL,2,V59 (Grout),
93,V7,7,3,10,1,7,1,AGT_Scythe,TL,2,V7 (AGT_Scythe),
94,V29,29,4,10,2,29,1,CSIROW011,TL,2,V29 (CSIROW011),
95,V37,37,5,10,2,37,1,CSIROW087,TL,2,V37 (CSIROW087),
96,V48,48,6,10,2,48,2,Ellison,TL,2,V48 (Ellison),
97,V84,84,7,10,1,84,2,Strzelecki,TL,2,V84 (Strzelecki),
98,V89,89,8,10,1,89,2,Suntop,TL,2,V89 (Suntop),
99,V43,43,9,10,2,43,2,EGA_Eaglehawk,TL,2,V43 (EGA_Eaglehawk),
100,V60,60,10,10,1,60,2,H45,TL,2,V60 (H45),
101,V30,30,1,11,2,30,1,CSIROW018,TL,2,V30 (CSIROW018),
102,V15,15,2,11,1,15,1,Braewood,TL,2,V15 (Braewood),
103,V55,55,3,11,1,55,1,Gairdner,TL,2,V55 (Gairdner),
104,V69,69,4,11,1,69,1,Merinda,TL,2,V69 (Merinda),
105,V45,45,5,11,2,45,1,EGA_Hume,TL,2,V45 (EGA_Hume),
106,V24,24,6,11,1,24,2,CSIROB3,TL,2,V24 (CSIROB3),
107,V83,83,7,11,1,83,2,Stirling,TL,2,V83 (Stirling),
108,V6,6,8,11,1,6,2,Scepter,Control,2,V6 (Scepter),
109,V73,73,9,11,1,73,2,Oxford,TL,2,V73 (Oxford),
110,V33,33,10,11,2,33,2,CSIROW027,TL,2,V33 (CSIROW027),
111,V96,96,1,12,1,96,1,Young,TL,2,V96 (Young),
112,V34,34,2,12,2,34,1,CSIROW029,TL,2,V34 (CSIROW029),
113,V41,41,3,12,2,41,1,Dash,TL,2,V41 (Dash),
114,V50,50,4,12,1,50,1,Fathom,TL,2,V50 (Fathom),
115,V78,78,5,12,1,78,1,Schooner,TL,2,V78 (Schooner),
116,V10,10,6,12,1,10,2,Banks,TL,2,V10 (Banks),
117,V39,39,7,12,2,39,2,CSIROW105,TL,2,V39 (CSIROW105),
118,V91,91,8,12,1,91,2,Urambie,TL,2,V91 (Urambie),
119,V95,95,9,12,1,95,2,Yitpi,TL,2,V95 (Yitpi),
120,V32,32,10,12,2,32,2,CSIROW023,TL,2,V32 (CSIROW023),
1,V62,62,11,1,1,62,1,Keel,TL,5,V62 (Keel),
2,V34,34,12,1,1,34,1,CSIROW029,TL,5,V34 (CSIROW029),
3,V49,49,13,1,1,49,1,Emu_Rock,TL,5,V49 (Emu_Rock),
4,V13,13,14,1,2,13,1,Biere,TL,5,V13 (Biere),
5,V14,14,15,1,2,14,1,Bolac,TL,5,V14 (Bolac),
6,V69,69,16,1,1,69,2,Merinda,TL,5,V69 (Merinda),
7,V90,90,17,1,1,90,2,Trojan,TL,5,V90 (Trojan),
8,V15,15,18,1,2,15,2,Braewood,TL,5,V15 (Braewood),
9,V2,2,19,1,2,2,2,Beaufort,Control,5,V2 (Beaufort),
10,V61,61,20,1,1,61,2,Janz,TL,5,V61 (Janz),
11,V1,1,11,2,2,1,1,RGT Planet,Control,5,V1 (RGT Planet),
12,V18,18,12,2,2,18,1,Cassiopee,TL,5,V18 (Cassiopee),
13,V85,85,13,2,1,85,1,Sunbee,TL,5,V85 (Sunbee),
14,V5,5,14,2,1,5,1,Manning,Control,5,V5 (Manning),
15,V38,38,15,2,1,38,1,CSIROW102,TL,5,V38 (CSIROW102),
16,V21,21,16,2,2,21,2,Compass,TL,5,V21 (Compass),
17,V12,12,17,2,2,12,2,Baudin,TL,5,V12 (Baudin),
18,V70,70,18,2,1,70,2,Mitch,TL,5,V70 (Mitch),
19,V33,33,19,2,1,33,2,CSIROW027,TL,5,V33 (CSIROW027),
20,V59,59,20,2,1,59,2,Grout,TL,5,V59 (Grout),
21,V89,89,11,3,1,89,1,Suntop,TL,5,V89 (Suntop),
22,V76,76,12,3,1,76,1,Rosalind,TL,5,V76 (Rosalind),
23,V17,17,13,3,2,17,1,Capstan,TL,5,V17 (Capstan),
24,V72,72,14,3,1,72,1,Ouyen,TL,5,V72 (Ouyen),
25,V93,93,15,3,2,93,1,Whistler,TL,5,V93 (Whistler),
26,V52,52,16,3,1,52,2,Flinders,TL,5,V52 (Flinders),
27,V78,78,17,3,1,78,2,Schooner,TL,5,V78 (Schooner),
28,V84,84,18,3,1,84,2,Strzelecki,TL,5,V84 (Strzelecki),
29,V10,10,19,3,2,10,2,Banks,TL,5,V10 (Banks),
30,V92,92,20,3,2,92,2,Westminster,TL,5,V92 (Westminster),
31,V19,19,11,4,2,19,1,Catalina,TL,5,V19 (Catalina),
32,V40,40,12,4,1,40,1,Cutlass,TL,5,V40 (Cutlass),
33,V35,35,13,4,1,35,1,CSIROW073,TL,5,V35 (CSIROW073),
34,V11,11,14,4,2,11,1,Bass,TL,5,V11 (Bass),
35,V25,25,15,4,1,25,1,CSIROW002,TL,5,V25 (CSIROW002),
36,V86,86,16,4,1,86,2,Sunbri,TL,5,V86 (Sunbri),
37,V20,20,17,4,2,20,2,Commander,TL,5,V20 (Commander),
38,V95,95,18,4,2,95,2,Yitpi,TL,5,V95 (Yitpi),
39,V75,75,19,4,1,75,2,Revenue,TL,5,V75 (Revenue),
40,V80,80,20,4,1,80,2,Scout,TL,5,V80 (Scout),
41,V50,50,11,5,1,50,1,Fathom,TL,5,V50 (Fathom),
42,V96,96,12,5,2,96,1,Young,TL,5,V96 (Young),
43,V91,91,13,5,2,91,1,Urambie,TL,5,V91 (Urambie),
44,V60,60,14,5,1,60,1,H45,TL,5,V60 (H45),
45,V31,31,15,5,1,31,1,CSIROW021,TL,5,V31 (CSIROW021),
46,V66,66,16,5,1,66,2,Longsword,TL,5,V66 (Longsword),
47,V18,18,17,5,2,18,2,Cassiopee,TL,5,V18 (Cassiopee),
48,V6,6,18,5,1,6,2,Scepter,Control,5,V6 (Scepter),
49,V79,79,19,5,1,79,2,Scope,TL,5,V79 (Scope),
50,V7,7,20,5,2,7,2,AGT_Scythe,TL,5,V7 (AGT_Scythe),
51,V41,41,11,6,1,41,1,Dash,TL,5,V41 (Dash),
52,V26,26,12,6,1,26,1,CSIROW003,TL,5,V26 (CSIROW003),
53,V21,21,13,6,2,21,1,Compass,TL,5,V21 (Compass),
54,V2,2,14,6,2,2,1,Beaufort,Control,5,V2 (Beaufort),
55,V58,58,15,6,1,58,1,Grenade CL Plus,TL,5,V58 (Grenade CL Plus),
56,V8,8,16,6,2,8,2,Alestar,TL,5,V8 (Alestar),
57,V36,36,17,6,1,36,2,CSIROW077,TL,5,V36 (CSIROW077),
58,V77,77,18,6,1,77,2,Rosella,TL,5,V77 (Rosella),
59,V17,17,19,6,2,17,2,Capstan,TL,5,V17 (Capstan),
60,V73,73,20,6,1,73,2,Oxford,TL,5,V73 (Oxford),
61,V95,95,11,7,2,95,1,Yitpi,TL,5,V95 (Yitpi),
62,V44,44,12,7,1,44,1,EGA_Gregory,TL,5,V44 (EGA_Gregory),
63,V88,88,13,7,1,88,1,Sunstate,TL,5,V88 (Sunstate),
64,V55,55,14,7,1,55,1,Gairdner,TL,5,V55 (Gairdner),
65,V94,94,15,7,2,94,1,Wyalkatchem,TL,5,V94 (Wyalkatchem),
66,V1,1,16,7,2,1,2,RGT Planet,Control,5,V1 (RGT Planet),
67,V71,71,17,7,1,71,2,Navigator,TL,5,V71 (Navigator),
68,V14,14,18,7,2,14,2,Bolac,TL,5,V14 (Bolac),
69,V48,48,19,7,1,48,2,Ellison,TL,5,V48 (Ellison),
70,V4,4,20,7,1,4,2,Spartacus CL,Control,5,V4 (Spartacus CL),
71,V12,12,11,8,2,12,1,Baudin,TL,5,V12 (Baudin),
72,V29,29,12,8,1,29,1,CSIROW011,TL,5,V29 (CSIROW011),
73,V10,10,13,8,2,10,1,Banks,TL,5,V10 (Banks),
74,V23,23,14,8,1,23,1,CSIROB1,TL,5,V23 (CSIROB1),
75,V47,47,15,8,1,47,1,EGA_Wills,TL,5,V47 (EGA_Wills),
76,V30,30,16,8,1,30,2,CSIROW018,TL,5,V30 (CSIROW018),
77,V19,19,17,8,2,19,2,Catalina,TL,5,V19 (Catalina),
78,V51,51,18,8,1,51,2,Fleet,TL,5,V51 (Fleet),
79,V16,16,19,8,2,16,2,Calingiri,TL,5,V16 (Calingiri),
80,V74,74,20,8,1,74,2,Peake,TL,5,V74 (Peake),
81,V24,24,11,9,1,24,1,CSIROB3,TL,5,V24 (CSIROB3),
82,V3,3,12,9,1,3,1,Lancer,Control,5,V3 (Lancer),
83,V42,42,13,9,1,42,1,Derrimut,TL,5,V42 (Derrimut),
84,V8,8,14,9,2,8,1,Alestar,TL,5,V8 (Alestar),
85,V67,67,15,9,1,67,1,Mace,TL,5,V67 (Mace),
86,V9,9,16,9,2,9,2,Axe,TL,5,V9 (Axe),
87,V83,83,17,9,1,83,2,Stirling,TL,5,V83 (Stirling),
88,V11,11,18,9,2,11,2,Bass,TL,5,V11 (Bass),
89,V56,56,19,9,1,56,2,Gauntlet,TL,5,V56 (Gauntlet),
90,V28,28,20,9,1,28,2,CSIROW007,TL,5,V28 (CSIROW007),
91,V7,7,11,10,2,7,1,AGT_Scythe,TL,5,V7 (AGT_Scythe),
92,V65,65,12,10,1,65,1,Lockyer,TL,5,V65 (Lockyer),
93,V22,22,13,10,1,22,1,Crusader,TL,5,V22 (Crusader),
94,V16,16,14,10,2,16,1,Calingiri,TL,5,V16 (Calingiri),
95,V63,63,15,10,1,63,1,Kellalac,TL,5,V63 (Kellalac),
96,V68,68,16,10,1,68,2,Magenta,TL,5,V68 (Magenta),
97,V43,43,17,10,1,43,2,EGA_Eaglehawk,TL,5,V43 (EGA_Eaglehawk),
98,V32,32,18,10,1,32,2,CSIROW023,TL,5,V32 (CSIROW023),
99,V3,3,19,10,1,3,2,Lancer,Control,5,V3 (Lancer),
100,V13,13,20,10,2,13,2,Biere,TL,5,V13 (Biere),
101,V37,37,11,11,1,37,1,CSIROW087,TL,5,V37 (CSIROW087),
102,V27,27,12,11,1,27,1,CSIROW005,TL,5,V27 (CSIROW005),
103,V15,15,13,11,2,15,1,Braewood,TL,5,V15 (Braewood),
104,V81,81,14,11,1,81,1,Shepherd,TL,5,V81 (Shepherd),
105,V20,20,15,11,2,20,1,Commander,TL,5,V20 (Commander),
106,V82,82,16,11,1,82,2,Spitfire,TL,5,V82 (Spitfire),
107,V91,91,17,11,2,91,2,Urambie,TL,5,V91 (Urambie),
108,V64,64,18,11,1,64,2,Kittyhawk,TL,5,V64 (Kittyhawk),
109,V46,46,19,11,1,46,2,EGA_Wedgetail,TL,5,V46 (EGA_Wedgetail),
110,V93,93,20,11,2,93,2,Whistler,TL,5,V93 (Whistler),
111,V54,54,11,12,1,54,1,Franklin,TL,5,V54 (Franklin),
112,V9,9,12,12,2,9,1,Axe,TL,5,V9 (Axe),
113,V45,45,13,12,1,45,1,EGA_Hume,TL,5,V45 (EGA_Hume),
114,V39,39,14,12,1,39,1,CSIROW105,TL,5,V39 (CSIROW105),
115,V92,92,15,12,2,92,1,Westminster,TL,5,V92 (Westminster),
116,V94,94,16,12,2,94,2,Wyalkatchem,TL,5,V94 (Wyalkatchem),
117,V53,53,17,12,1,53,2,Forrest,TL,5,V53 (Forrest),
118,V57,57,18,12,1,57,2,Granger,TL,5,V57 (Granger),
119,V87,87,19,12,1,87,2,Sunlamb,TL,5,V87 (Sunlamb),
120,V96,96,20,12,2,96,2,Young,TL,5,V96 (Young),
1,V1,1,21,1,2,1,1,RGT Planet,Control,7,V1 (RGT Planet),
2,V24,24,22,1,1,24,1,CSIROB3,TL,7,V24 (CSIROB3),
3,V70,70,23,1,1,70,1,Mitch,TL,7,V70 (Mitch),
4,V53,53,24,1,2,53,1,Forrest,TL,7,V53 (Forrest),
5,V18,18,25,1,1,18,1,Cassiopee,TL,7,V18 (Cassiopee),
6,V43,43,26,1,2,43,2,EGA_Eaglehawk,TL,7,V43 (EGA_Eaglehawk),
7,V16,16,27,1,1,16,2,Calingiri,TL,7,V16 (Calingiri),
8,V51,51,28,1,2,51,2,Fleet,TL,7,V51 (Fleet),
9,V76,76,29,1,1,76,2,Rosalind,TL,7,V76 (Rosalind),
10,V22,22,30,1,1,22,2,Crusader,TL,7,V22 (Crusader),
11,V94,94,21,2,1,94,1,Wyalkatchem,TL,7,V94 (Wyalkatchem),
12,V60,60,22,2,2,60,1,H45,TL,7,V60 (H45),
13,V68,68,23,2,1,68,1,Magenta,TL,7,V68 (Magenta),
14,V66,66,24,2,1,66,1,Longsword,TL,7,V66 (Longsword),
15,V55,55,25,2,2,55,1,Gairdner,TL,7,V55 (Gairdner),
16,V46,46,26,2,2,46,2,EGA_Wedgetail,TL,7,V46 (EGA_Wedgetail),
17,V20,20,27,2,1,20,2,Commander,TL,7,V20 (Commander),
18,V32,32,28,2,1,32,2,CSIROW023,TL,7,V32 (CSIROW023),
19,V96,96,29,2,1,96,2,Young,TL,7,V96 (Young),
20,V59,59,30,2,2,59,2,Grout,TL,7,V59 (Grout),
21,V85,85,21,3,1,85,1,Sunbee,TL,7,V85 (Sunbee),
22,V31,31,22,3,1,31,1,CSIROW021,TL,7,V31 (CSIROW021),
23,V48,48,23,3,2,48,1,Ellison,TL,7,V48 (Ellison),
24,V50,50,24,3,2,50,1,Fathom,TL,7,V50 (Fathom),
25,V73,73,25,3,1,73,1,Oxford,TL,7,V73 (Oxford),
26,V47,47,26,3,2,47,2,EGA_Wills,TL,7,V47 (EGA_Wills),
27,V95,95,27,3,1,95,2,Yitpi,TL,7,V95 (Yitpi),
28,V90,90,28,3,1,90,2,Trojan,TL,7,V90 (Trojan),
29,V63,63,29,3,2,63,2,Kellalac,TL,7,V63 (Kellalac),
30,V13,13,30,3,1,13,2,Biere,TL,7,V13 (Biere),
31,V58,58,21,4,2,58,1,Grenade CL Plus,TL,7,V58 (Grenade CL Plus),
32,V29,29,22,4,1,29,1,CSIROW011,TL,7,V29 (CSIROW011),
33,V64,64,23,4,1,64,1,Kittyhawk,TL,7,V64 (Kittyhawk),
34,V77,77,24,4,1,77,1,Rosella,TL,7,V77 (Rosella),
35,V63,63,25,4,2,63,1,Kellalac,TL,7,V63 (Kellalac),
36,V34,34,26,4,1,34,2,CSIROW029,TL,7,V34 (CSIROW029),
37,V3,3,27,4,1,3,2,Lancer,Control,7,V3 (Lancer),
38,V87,87,28,4,1,87,2,Sunlamb,TL,7,V87 (Sunlamb),
39,V57,57,29,4,2,57,2,Granger,TL,7,V57 (Granger),
40,V23,23,30,4,1,23,2,CSIROB1,TL,7,V23 (CSIROB1),
41,V67,67,21,5,1,67,1,Mace,TL,7,V67 (Mace),
42,V28,28,22,5,1,28,1,CSIROW007,TL,7,V28 (CSIROW007),
43,V61,61,23,5,2,61,1,Janz,TL,7,V61 (Janz),
44,V62,62,24,5,2,62,1,Keel,TL,7,V62 (Keel),
45,V40,40,25,5,1,40,1,Cutlass,TL,7,V40 (Cutlass),
46,V86,86,26,5,1,86,2,Sunbri,TL,7,V86 (Sunbri),
47,V81,81,27,5,1,81,2,Shepherd,TL,7,V81 (Shepherd),
48,V53,53,28,5,2,53,2,Forrest,TL,7,V53 (Forrest),
49,V48,48,29,5,2,48,2,Ellison,TL,7,V48 (Ellison),
50,V89,89,30,5,1,89,2,Suntop,TL,7,V89 (Suntop),
51,V5,5,21,6,1,5,1,Manning,Control,7,V5 (Manning),
52,V82,82,22,6,1,82,1,Spitfire,TL,7,V82 (Spitfire),
53,V79,79,23,6,1,79,1,Scope,TL,7,V79 (Scope),
54,V51,51,24,6,2,51,1,Fleet,TL,7,V51 (Fleet),
55,V44,44,25,6,2,44,1,EGA_Gregory,TL,7,V44 (EGA_Gregory),
56,V71,71,26,6,1,71,2,Navigator,TL,7,V71 (Navigator),
57,V78,78,27,6,1,78,2,Schooner,TL,7,V78 (Schooner),
58,V56,56,28,6,2,56,2,Gauntlet,TL,7,V56 (Gauntlet),
59,V11,11,29,6,1,11,2,Bass,TL,7,V11 (Bass),
60,V45,45,30,6,2,45,2,EGA_Hume,TL,7,V45 (EGA_Hume),
61,V43,43,21,7,2,43,1,EGA_Eaglehawk,TL,7,V43 (EGA_Eaglehawk),
62,V54,54,22,7,2,54,1,Franklin,TL,7,V54 (Franklin),
63,V26,26,23,7,1,26,1,CSIROW003,TL,7,V26 (CSIROW003),
64,V8,8,24,7,1,8,1,Alestar,TL,7,V8 (Alestar),
65,V30,30,25,7,1,30,1,CSIROW018,TL,7,V30 (CSIROW018),
66,V4,4,26,7,1,4,2,Spartacus CL,Control,7,V4 (Spartacus CL),
67,V58,58,27,7,2,58,2,Grenade CL Plus,TL,7,V58 (Grenade CL Plus),
68,V19,19,28,7,1,19,2,Catalina,TL,7,V19 (Catalina),
69,V12,12,29,7,1,12,2,Baudin,TL,7,V12 (Baudin),
70,V60,60,30,7,2,60,2,H45,TL,7,V60 (H45),
71,V92,92,21,8,1,92,1,Westminster,TL,7,V92 (Westminster),
72,V46,46,22,8,2,46,1,EGA_Wedgetail,TL,7,V46 (EGA_Wedgetail),
73,V27,27,23,8,1,27,1,CSIROW005,TL,7,V27 (CSIROW005),
74,V45,45,24,8,2,45,1,EGA_Hume,TL,7,V45 (EGA_Hume),
75,V21,21,25,8,1,21,1,Compass,TL,7,V21 (Compass),
76,V50,50,26,8,2,50,2,Fathom,TL,7,V50 (Fathom),
77,V84,84,27,8,1,84,2,Strzelecki,TL,7,V84 (Strzelecki),
78,V38,38,28,8,1,38,2,CSIROW102,TL,7,V38 (CSIROW102),
79,V2,2,29,8,2,2,2,Beaufort,Control,7,V2 (Beaufort),
80,V83,83,30,8,1,83,2,Stirling,TL,7,V83 (Stirling),
81,V37,37,21,9,1,37,1,CSIROW087,TL,7,V37 (CSIROW087),
82,V33,33,22,9,1,33,1,CSIROW027,TL,7,V33 (CSIROW027),
83,V52,52,23,9,2,52,1,Flinders,TL,7,V52 (Flinders),
84,V72,72,24,9,1,72,1,Ouyen,TL,7,V72 (Ouyen),
85,V3,3,25,9,1,3,1,Lancer,Control,7,V3 (Lancer),
86,V10,10,26,9,1,10,2,Banks,TL,7,V10 (Banks),
87,V49,49,27,9,2,49,2,Emu_Rock,TL,7,V49 (Emu_Rock),
88,V65,65,28,9,1,65,2,Lockyer,TL,7,V65 (Lockyer),
89,V88,88,29,9,1,88,2,Sunstate,TL,7,V88 (Sunstate),
90,V44,44,30,9,2,44,2,EGA_Gregory,TL,7,V44 (EGA_Gregory),
91,V17,17,21,10,1,17,1,Capstan,TL,7,V17 (Capstan),
92,V2,2,22,10,2,2,1,Beaufort,Control,7,V2 (Beaufort),
93,V7,7,23,10,1,7,1,AGT_Scythe,TL,7,V7 (AGT_Scythe),
94,V49,49,24,10,2,49,1,Emu_Rock,TL,7,V49 (Emu_Rock),
95,V39,39,25,10,1,39,1,CSIROW105,TL,7,V39 (CSIROW105),
96,V41,41,26,10,1,41,2,Dash,TL,7,V41 (Dash),
97,V54,54,27,10,2,54,2,Franklin,TL,7,V54 (Franklin),
98,V80,80,28,10,1,80,2,Scout,TL,7,V80 (Scout),
99,V62,62,29,10,2,62,2,Keel,TL,7,V62 (Keel),
100,V14,14,30,10,1,14,2,Bolac,TL,7,V14 (Bolac),
101,V59,59,21,11,2,59,1,Grout,TL,7,V59 (Grout),
102,V91,91,22,11,1,91,1,Urambie,TL,7,V91 (Urambie),
103,V47,47,23,11,2,47,1,EGA_Wills,TL,7,V47 (EGA_Wills),
104,V69,69,24,11,1,69,1,Merinda,TL,7,V69 (Merinda),
105,V74,74,25,11,1,74,1,Peake,TL,7,V74 (Peake),
106,V1,1,26,11,2,1,2,RGT Planet,Control,7,V1 (RGT Planet),
107,V9,9,27,11,1,9,2,Axe,TL,7,V9 (Axe),
108,V6,6,28,11,1,6,2,Scepter,Control,7,V6 (Scepter),
109,V93,93,29,11,1,93,2,Whistler,TL,7,V93 (Whistler),
110,V52,52,30,11,2,52,2,Flinders,TL,7,V52 (Flinders),
111,V57,57,21,12,2,57,1,Granger,TL,7,V57 (Granger),
112,V15,15,22,12,1,15,1,Braewood,TL,7,V15 (Braewood),
113,V75,75,23,12,1,75,1,Revenue,TL,7,V75 (Revenue),
114,V25,25,24,12,1,25,1,CSIROW002,TL,7,V25 (CSIROW002),
115,V56,56,25,12,2,56,1,Gauntlet,TL,7,V56 (Gauntlet),
116,V42,42,26,12,1,42,2,Derrimut,TL,7,V42 (Derrimut),
117,V36,36,27,12,1,36,2,CSIROW077,TL,7,V36 (CSIROW077),
118,V61,61,28,12,2,61,2,Janz,TL,7,V61 (Janz),
119,V55,55,29,12,2,55,2,Gairdner,TL,7,V55 (Gairdner),
120,V35,35,30,12,1,35,2,CSIROW073,TL,7,V35 (CSIROW073),
1,V42,42,31,1,2,42,1,Derrimut,TL,6,V42 (Derrimut),
2,V79,79,32,1,1,79,1,Scope,TL,6,V79 (Scope),
3,V46,46,33,1,1,46,1,EGA_Wedgetail,TL,6,V46 (EGA_Wedgetail),
4,V60,60,34,1,1,60,1,H45,TL,6,V60 (H45),
5,V36,36,35,1,2,36,1,CSIROW077,TL,6,V36 (CSIROW077),
6,V49,49,36,1,1,49,2,Emu_Rock,TL,6,V49 (Emu_Rock),
7,V22,22,37,1,2,22,2,Crusader,TL,6,V22 (Crusader),
8,V26,26,38,1,2,26,2,CSIROW003,TL,6,V26 (CSIROW003),
9,V75,75,39,1,1,75,2,Revenue,TL,6,V75 (Revenue),
10,V94,94,40,1,1,94,2,Wyalkatchem,TL,6,V94 (Wyalkatchem),
11,V58,58,31,2,1,58,1,Grenade CL Plus,TL,6,V58 (Grenade CL Plus),
12,V20,20,32,2,1,20,1,Commander,TL,6,V20 (Commander),
13,V34,34,33,2,2,34,1,CSIROW029,TL,6,V34 (CSIROW029),
14,V33,33,34,2,2,33,1,CSIROW027,TL,6,V33 (CSIROW027),
15,V44,44,35,2,1,44,1,EGA_Gregory,TL,6,V44 (EGA_Gregory),
16,V25,25,36,2,2,25,2,CSIROW002,TL,6,V25 (CSIROW002),
17,V90,90,37,2,1,90,2,Trojan,TL,6,V90 (Trojan),
18,V35,35,38,2,2,35,2,CSIROW073,TL,6,V35 (CSIROW073),
19,V93,93,39,2,1,93,2,Whistler,TL,6,V93 (Whistler),
20,V63,63,40,2,1,63,2,Kellalac,TL,6,V63 (Kellalac),
21,V7,7,31,3,1,7,1,AGT_Scythe,TL,6,V7 (AGT_Scythe),
22,V37,37,32,3,2,37,1,CSIROW087,TL,6,V37 (CSIROW087),
23,V21,21,33,3,1,21,1,Compass,TL,6,V21 (Compass),
24,V4,4,34,3,1,4,1,Spartacus CL,Control,6,V4 (Spartacus CL),
25,V82,82,35,3,1,82,1,Spitfire,TL,6,V82 (Spitfire),
26,V61,61,36,3,1,61,2,Janz,TL,6,V61 (Janz),
27,V47,47,37,3,1,47,2,EGA_Wills,TL,6,V47 (EGA_Wills),
28,V62,62,38,3,1,62,2,Keel,TL,6,V62 (Keel),
29,V24,24,39,3,2,24,2,CSIROB3,TL,6,V24 (CSIROB3),
30,V29,29,40,3,2,29,2,CSIROW011,TL,6,V29 (CSIROW011),
31,V40,40,31,4,2,40,1,Cutlass,TL,6,V40 (Cutlass),
32,V81,81,32,4,1,81,1,Shepherd,TL,6,V81 (Shepherd),
33,V28,28,33,4,2,28,1,CSIROW007,TL,6,V28 (CSIROW007),
34,V73,73,34,4,1,73,1,Oxford,TL,6,V73 (Oxford),
35,V54,54,35,4,1,54,1,Franklin,TL,6,V54 (Franklin),
36,V42,42,36,4,2,42,2,Derrimut,TL,6,V42 (Derrimut),
37,V50,50,37,4,1,50,2,Fathom,TL,6,V50 (Fathom),
38,V67,67,38,4,1,67,2,Mace,TL,6,V67 (Mace),
39,V66,66,39,4,1,66,2,Longsword,TL,6,V66 (Longsword),
40,V5,5,40,4,1,5,2,Manning,Control,6,V5 (Manning),
41,V48,48,31,5,1,48,1,Ellison,TL,6,V48 (Ellison),
42,V24,24,32,5,2,24,1,CSIROB3,TL,6,V24 (CSIROB3),
43,V68,68,33,5,1,68,1,Magenta,TL,6,V68 (Magenta),
44,V1,1,34,5,2,1,1,RGT Planet,Control,6,V1 (RGT Planet),
45,V6,6,35,5,1,6,1,Scepter,Control,6,V6 (Scepter),
46,V30,30,36,5,2,30,2,CSIROW018,TL,6,V30 (CSIROW018),
47,V36,36,37,5,2,36,2,CSIROW077,TL,6,V36 (CSIROW077),
48,V96,96,38,5,1,96,2,Young,TL,6,V96 (Young),
49,V56,56,39,5,1,56,2,Gauntlet,TL,6,V56 (Gauntlet),
50,V76,76,40,5,1,76,2,Rosalind,TL,6,V76 (Rosalind),
51,V26,26,31,6,2,26,1,CSIROW003,TL,6,V26 (CSIROW003),
52,V91,91,32,6,1,91,1,Urambie,TL,6,V91 (Urambie),
53,V16,16,33,6,1,16,1,Calingiri,TL,6,V16 (Calingiri),
54,V65,65,34,6,1,65,1,Lockyer,TL,6,V65 (Lockyer),
55,V41,41,35,6,2,41,1,Dash,TL,6,V41 (Dash),
56,V45,45,36,6,1,45,2,EGA_Hume,TL,6,V45 (EGA_Hume),
57,V74,74,37,6,1,74,2,Peake,TL,6,V74 (Peake),
58,V38,38,38,6,2,38,2,CSIROW102,TL,6,V38 (CSIROW102),
59,V31,31,39,6,2,31,2,CSIROW021,TL,6,V31 (CSIROW021),
60,V19,19,40,6,1,19,2,Catalina,TL,6,V19 (Catalina),
61,V70,70,31,7,1,70,1,Mitch,TL,6,V70 (Mitch),
62,V85,85,32,7,1,85,1,Sunbee,TL,6,V85 (Sunbee),
63,V10,10,33,7,1,10,1,Banks,TL,6,V10 (Banks),
64,V29,29,34,7,2,29,1,CSIROW011,TL,6,V29 (CSIROW011),
65,V39,39,35,7,2,39,1,CSIROW105,TL,6,V39 (CSIROW105),
66,V80,80,36,7,1,80,2,Scout,TL,6,V80 (Scout),
67,V78,78,37,7,1,78,2,Schooner,TL,6,V78 (Schooner),
68,V88,88,38,7,1,88,2,Sunstate,TL,6,V88 (Sunstate),
69,V41,41,39,7,2,41,2,Dash,TL,6,V41 (Dash),
70,V32,32,40,7,2,32,2,CSIROW023,TL,6,V32 (CSIROW023),
71,V31,31,31,8,2,31,1,CSIROW021,TL,6,V31 (CSIROW021),
72,V83,83,32,8,1,83,1,Stirling,TL,6,V83 (Stirling),
73,V59,59,33,8,1,59,1,Grout,TL,6,V59 (Grout),
74,V25,25,34,8,2,25,1,CSIROW002,TL,6,V25 (CSIROW002),
75,V92,92,35,8,1,92,1,Westminster,TL,6,V92 (Westminster),
76,V28,28,36,8,2,28,2,CSIROW007,TL,6,V28 (CSIROW007),
77,V51,51,37,8,1,51,2,Fleet,TL,6,V51 (Fleet),
78,V55,55,38,8,1,55,2,Gairdner,TL,6,V55 (Gairdner),
79,V4,4,39,8,1,4,2,Spartacus CL,Control,6,V4 (Spartacus CL),
80,V18,18,40,8,1,18,2,Cassiopee,TL,6,V18 (Cassiopee),
81,V64,64,31,9,1,64,1,Kittyhawk,TL,6,V64 (Kittyhawk),
82,V27,27,32,9,2,27,1,CSIROW005,TL,6,V27 (CSIROW005),
83,V5,5,33,9,1,5,1,Manning,Control,6,V5 (Manning),
84,V9,9,34,9,1,9,1,Axe,TL,6,V9 (Axe),
85,V71,71,35,9,1,71,1,Navigator,TL,6,V71 (Navigator),
86,V13,13,36,9,1,13,2,Biere,TL,6,V13 (Biere),
87,V23,23,37,9,2,23,2,CSIROB1,TL,6,V23 (CSIROB1),
88,V2,2,38,9,2,2,2,Beaufort,Control,6,V2 (Beaufort),
89,V84,84,39,9,1,84,2,Strzelecki,TL,6,V84 (Strzelecki),
90,V37,37,40,9,2,37,2,CSIROW087,TL,6,V37 (CSIROW087),
91,V3,3,31,10,1,3,1,Lancer,Control,6,V3 (Lancer),
92,V30,30,32,10,2,30,1,CSIROW018,TL,6,V30 (CSIROW018),
93,V17,17,33,10,1,17,1,Capstan,TL,6,V17 (Capstan),
94,V32,32,34,10,2,32,1,CSIROW023,TL,6,V32 (CSIROW023),
95,V52,52,35,10,1,52,1,Flinders,TL,6,V52 (Flinders),
96,V33,33,36,10,2,33,2,CSIROW027,TL,6,V33 (CSIROW027),
97,V87,87,37,10,1,87,2,Sunlamb,TL,6,V87 (Sunlamb),
98,V53,53,38,10,1,53,2,Forrest,TL,6,V53 (Forrest),
99,V15,15,39,10,1,15,2,Braewood,TL,6,V15 (Braewood),
100,V40,40,40,10,2,40,2,Cutlass,TL,6,V40 (Cutlass),
101,V57,57,31,11,1,57,1,Granger,TL,6,V57 (Granger),
102,V8,8,32,11,1,8,1,Alestar,TL,6,V8 (Alestar),
103,V23,23,33,11,2,23,1,CSIROB1,TL,6,V23 (CSIROB1),
104,V69,69,34,11,1,69,1,Merinda,TL,6,V69 (Merinda),
105,V38,38,35,11,2,38,1,CSIROW102,TL,6,V38 (CSIROW102),
106,V6,6,36,11,1,6,2,Scepter,Control,6,V6 (Scepter),
107,V12,12,37,11,1,12,2,Baudin,TL,6,V12 (Baudin),
108,V34,34,38,11,2,34,2,CSIROW029,TL,6,V34 (CSIROW029),
109,V95,95,39,11,1,95,2,Yitpi,TL,6,V95 (Yitpi),
110,V77,77,40,11,1,77,2,Rosella,TL,6,V77 (Rosella),
111,V72,72,31,12,1,72,1,Ouyen,TL,6,V72 (Ouyen),
112,V35,35,32,12,2,35,1,CSIROW073,TL,6,V35 (CSIROW073),
113,V86,86,33,12,1,86,1,Sunbri,TL,6,V86 (Sunbri),
114,V43,43,34,12,1,43,1,EGA_Eaglehawk,TL,6,V43 (EGA_Eaglehawk),
115,V22,22,35,12,2,22,1,Crusader,TL,6,V22 (Crusader),
116,V11,11,36,12,1,11,2,Bass,TL,6,V11 (Bass),
117,V27,27,37,12,2,27,2,CSIROW005,TL,6,V27 (CSIROW005),
118,V14,14,38,12,1,14,2,Bolac,TL,6,V14 (Bolac),
119,V39,39,39,12,2,39,2,CSIROW105,TL,6,V39 (CSIROW105),
120,V89,89,40,12,1,89,2,Suntop,TL,6,V89 (Suntop),
1,V75,75,41,1,1,75,1,Revenue,TL,1,V75 (Revenue),
2,V92,92,42,1,1,92,1,Westminster,TL,1,V92 (Westminster),
3,V49,49,43,1,1,49,1,Emu_Rock,TL,1,V49 (Emu_Rock),
4,V16,16,44,1,2,16,1,Calingiri,TL,1,V16 (Calingiri),
5,V8,8,45,1,2,8,1,Alestar,TL,1,V8 (Alestar),
6,V18,18,46,1,2,18,2,Cassiopee,TL,1,V18 (Cassiopee),
7,V95,95,47,1,1,95,2,Yitpi,TL,1,V95 (Yitpi),
8,V88,88,48,1,1,88,2,Sunstate,TL,1,V88 (Sunstate),
9,V17,17,49,1,2,17,2,Capstan,TL,1,V17 (Capstan),
10,V34,34,50,1,1,34,2,CSIROW029,TL,1,V34 (CSIROW029),
11,V21,21,41,2,2,21,1,Compass,TL,1,V21 (Compass),subset\u0007
12,V35,35,42,2,1,35,1,CSIROW073,TL,1,V35 (CSIROW073),
13,V9,9,43,2,2,9,1,Axe,TL,1,V9 (Axe),subset\u0007
14,V30,30,44,2,1,30,1,CSIROW018,TL,1,V30 (CSIROW018),
15,V73,73,45,2,1,73,1,Oxford,TL,1,V73 (Oxford),
16,V20,20,46,2,2,20,2,Commander,TL,1,V20 (Commander),subset\u0007
17,V76,76,47,2,1,76,2,Rosalind,TL,1,V76 (Rosalind),
18,V3,3,48,2,1,3,2,Lancer,Control,1,V3 (Lancer),subset\u0007
19,V61,61,49,2,1,61,2,Janz,TL,1,V61 (Janz),
20,V74,74,50,2,1,74,2,Peake,TL,1,V74 (Peake),
21,V56,56,41,3,1,56,1,Gauntlet,TL,1,V56 (Gauntlet),
22,V15,15,42,3,2,15,1,Braewood,TL,1,V15 (Braewood),
23,V77,77,43,3,1,77,1,Rosella,TL,1,V77 (Rosella),
24,V79,79,44,3,1,79,1,Scope,TL,1,V79 (Scope),
25,V14,14,45,3,2,14,1,Bolac,TL,1,V14 (Bolac),
26,V32,32,46,3,1,32,2,CSIROW023,TL,1,V32 (CSIROW023),
27,V7,7,47,3,2,7,2,AGT_Scythe,TL,1,V7 (AGT_Scythe),
28,V53,53,48,3,1,53,2,Forrest,TL,1,V53 (Forrest),
29,V94,94,49,3,1,94,2,Wyalkatchem,TL,1,V94 (Wyalkatchem),
30,V10,10,50,3,2,10,2,Banks,TL,1,V10 (Banks),
31,V25,25,41,4,2,25,1,CSIROW002,TL,1,V25 (CSIROW002),
32,V4,4,42,4,1,4,1,Spartacus CL,Control,1,V4 (Spartacus CL),subset\u0007
33,V55,55,43,4,1,55,1,Gairdner,TL,1,V55 (Gairdner),
34,V26,26,44,4,2,26,1,CSIROW003,TL,1,V26 (CSIROW003),
35,V67,67,45,4,1,67,1,Mace,TL,1,V67 (Mace),subset\u0007
36,V1,1,46,4,2,1,2,RGT Planet,Control,1,V1 (RGT Planet),subset\u0007
37,V13,13,47,4,2,13,2,Biere,TL,1,V13 (Biere),
38,V68,68,48,4,1,68,2,Magenta,TL,1,V68 (Magenta),
39,V6,6,49,4,1,6,2,Scepter,Control,1,V6 (Scepter),subset\u0007
40,V91,91,50,4,1,91,2,Urambie,TL,1,V91 (Urambie),subset\u0007
41,V47,47,41,5,1,47,1,EGA_Wills,TL,1,V47 (EGA_Wills),
42,V27,27,42,5,2,27,1,CSIROW005,TL,1,V27 (CSIROW005),
43,V81,81,43,5,1,81,1,Shepherd,TL,1,V81 (Shepherd),
44,V3,3,44,5,1,3,1,Lancer,Control,1,V3 (Lancer),subset\u0007
45,V63,63,45,5,1,63,1,Kellalac,TL,1,V63 (Kellalac),
46,V45,45,46,5,1,45,2,EGA_Hume,TL,1,V45 (EGA_Hume),
47,V69,69,47,5,1,69,2,Merinda,TL,1,V69 (Merinda),
48,V23,23,48,5,2,23,2,CSIROB1,TL,1,V23 (CSIROB1),
49,V16,16,49,5,2,16,2,Calingiri,TL,1,V16 (Calingiri),
50,V40,40,50,5,1,40,2,Cutlass,TL,1,V40 (Cutlass),subset\u0007
51,V65,65,41,6,1,65,1,Lockyer,TL,1,V65 (Lockyer),
52,V89,89,42,6,1,89,1,Suntop,TL,1,V89 (Suntop),subset\u0007
53,V10,10,43,6,2,10,1,Banks,TL,1,V10 (Banks),
54,V46,46,44,6,1,46,1,EGA_Wedgetail,TL,1,V46 (EGA_Wedgetail),
55,V19,19,45,6,2,19,1,Catalina,TL,1,V19 (Catalina),
56,V86,86,46,6,1,86,2,Sunbri,TL,1,V86 (Sunbri),
57,V39,39,47,6,1,39,2,CSIROW105,TL,1,V39 (CSIROW105),
58,V9,9,48,6,2,9,2,Axe,TL,1,V9 (Axe),subset\u0007
59,V66,66,49,6,1,66,2,Longsword,TL,1,V66 (Longsword),
60,V11,11,50,6,2,11,2,Bass,TL,1,V11 (Bass),
61,V24,24,41,7,2,24,1,CSIROB3,TL,1,V24 (CSIROB3),
62,V7,7,42,7,2,7,1,AGT_Scythe,TL,1,V7 (AGT_Scythe),
63,V78,78,43,7,1,78,1,Schooner,TL,1,V78 (Schooner),
64,V54,54,44,7,1,54,1,Franklin,TL,1,V54 (Franklin),
65,V50,50,45,7,1,50,1,Fathom,TL,1,V50 (Fathom),subset\u0007
66,V70,70,46,7,1,70,2,Mitch,TL,1,V70 (Mitch),
67,V25,25,47,7,2,25,2,CSIROW002,TL,1,V25 (CSIROW002),
68,V48,48,48,7,1,48,2,Ellison,TL,1,V48 (Ellison),
69,V27,27,49,7,2,27,2,CSIROW005,TL,1,V27 (CSIROW005),
70,V64,64,50,7,1,64,2,Kittyhawk,TL,1,V64 (Kittyhawk),subset\u0007
71,V1,1,41,8,2,1,1,RGT Planet,Control,1,V1 (RGT Planet),subset\u0007
72,V33,33,42,8,1,33,1,CSIROW027,TL,1,V33 (CSIROW027),
73,V29,29,43,8,1,29,1,CSIROW011,TL,1,V29 (CSIROW011),
74,V44,44,44,8,1,44,1,EGA_Gregory,TL,1,V44 (EGA_Gregory),subset\u0007
75,V11,11,45,8,2,11,1,Bass,TL,1,V11 (Bass),
76,V8,8,46,8,2,8,2,Alestar,TL,1,V8 (Alestar),
77,V52,52,47,8,1,52,2,Flinders,TL,1,V52 (Flinders),
78,V43,43,48,8,1,43,2,EGA_Eaglehawk,TL,1,V43 (EGA_Eaglehawk),
79,V96,96,49,8,1,96,2,Young,TL,1,V96 (Young),
80,V22,22,50,8,2,22,2,Crusader,TL,1,V22 (Crusader),
81,V28,28,41,9,1,28,1,CSIROW007,TL,1,V28 (CSIROW007),
82,V84,84,42,9,1,84,1,Strzelecki,TL,1,V84 (Strzelecki),
83,V12,12,43,9,2,12,1,Baudin,TL,1,V12 (Baudin),
84,V18,18,44,9,2,18,1,Cassiopee,TL,1,V18 (Cassiopee),
85,V5,5,45,9,1,5,1,Manning,Control,1,V5 (Manning),subset\u0007
86,V82,82,46,9,1,82,2,Spitfire,TL,1,V82 (Spitfire),
87,V90,90,47,9,1,90,2,Trojan,TL,1,V90 (Trojan),subset\u0007
88,V31,31,48,9,1,31,2,CSIROW021,TL,1,V31 (CSIROW021),
89,V2,2,49,9,2,2,2,Beaufort,Control,1,V2 (Beaufort),subset\u0007
90,V15,15,50,9,2,15,2,Braewood,TL,1,V15 (Braewood),
91,V42,42,41,10,1,42,1,Derrimut,TL,1,V42 (Derrimut),
92,V23,23,42,10,2,23,1,CSIROB1,TL,1,V23 (CSIROB1),
93,V71,71,43,10,1,71,1,Navigator,TL,1,V71 (Navigator),
94,V2,2,44,10,2,2,1,Beaufort,Control,1,V2 (Beaufort),subset\u0007
95,V58,58,45,10,1,58,1,Grenade CL Plus,TL,1,V58 (Grenade CL Plus),
96,V26,26,46,10,2,26,2,CSIROW003,TL,1,V26 (CSIROW003),
97,V59,59,47,10,1,59,2,Grout,TL,1,V59 (Grout),
98,V19,19,48,10,2,19,2,Catalina,TL,1,V19 (Catalina),
99,V83,83,49,10,1,83,2,Stirling,TL,1,V83 (Stirling),
100,V62,62,50,10,1,62,2,Keel,TL,1,V62 (Keel),
101,V22,22,41,11,2,22,1,Crusader,TL,1,V22 (Crusader),
102,V51,51,42,11,1,51,1,Fleet,TL,1,V51 (Fleet),
103,V20,20,43,11,2,20,1,Commander,TL,1,V20 (Commander),subset\u0007
104,V72,72,44,11,1,72,1,Ouyen,TL,1,V72 (Ouyen),
105,V60,60,45,11,1,60,1,H45,TL,1,V60 (H45),
106,V24,24,46,11,2,24,2,CSIROB3,TL,1,V24 (CSIROB3),
107,V41,41,47,11,1,41,2,Dash,TL,1,V41 (Dash),
108,V87,87,48,11,1,87,2,Sunlamb,TL,1,V87 (Sunlamb),
109,V12,12,49,11,2,12,2,Baudin,TL,1,V12 (Baudin),
110,V93,93,50,11,1,93,2,Whistler,TL,1,V93 (Whistler),
111,V85,85,41,12,1,85,1,Sunbee,TL,1,V85 (Sunbee),
112,V37,37,42,12,1,37,1,CSIROW087,TL,1,V37 (CSIROW087),
113,V57,57,43,12,1,57,1,Granger,TL,1,V57 (Granger),
114,V13,13,44,12,2,13,1,Biere,TL,1,V13 (Biere),
115,V17,17,45,12,2,17,1,Capstan,TL,1,V17 (Capstan),
116,V80,80,46,12,1,80,2,Scout,TL,1,V80 (Scout),
117,V14,14,47,12,2,14,2,Bolac,TL,1,V14 (Bolac),
118,V38,38,48,12,1,38,2,CSIROW102,TL,1,V38 (CSIROW102),
119,V21,21,49,12,2,21,2,Compass,TL,1,V21 (Compass),subset\u0007
120,V36,36,50,12,1,36,2,CSIROW077,TL,1,V36 (CSIROW077),
1,V55,55,51,1,2,55,1,Gairdner,TL,3,V55 (Gairdner),
2,V17,17,52,1,1,17,1,Capstan,TL,3,V17 (Capstan),
3,V71,71,53,1,1,71,1,Navigator,TL,3,V71 (Navigator),
4,V95,95,54,1,1,95,1,Yitpi,TL,3,V95 (Yitpi),
5,V62,62,55,1,2,62,1,Keel,TL,3,V62 (Keel),
6,V15,15,56,1,1,15,2,Braewood,TL,3,V15 (Braewood),
7,V46,46,57,1,1,46,2,EGA_Wedgetail,TL,3,V46 (EGA_Wedgetail),
8,V65,65,58,1,2,65,2,Lockyer,TL,3,V65 (Lockyer),
9,V54,54,59,1,2,54,2,Franklin,TL,3,V54 (Franklin),
10,V14,14,60,1,1,14,2,Bolac,TL,3,V14 (Bolac),
11,V89,89,51,2,1,89,1,Suntop,TL,3,V89 (Suntop),
12,V3,3,52,2,1,3,1,Lancer,Control,3,V3 (Lancer),
13,V60,60,53,2,2,60,1,H45,TL,3,V60 (H45),
14,V13,13,54,2,1,13,1,Biere,TL,3,V13 (Biere),
15,V84,84,55,2,1,84,1,Strzelecki,TL,3,V84 (Strzelecki),
16,V40,40,56,2,1,40,2,Cutlass,TL,3,V40 (Cutlass),
17,V53,53,57,2,2,53,2,Forrest,TL,3,V53 (Forrest),
18,V85,85,58,2,1,85,2,Sunbee,TL,3,V85 (Sunbee),
19,V50,50,59,2,2,50,2,Fathom,TL,3,V50 (Fathom),
20,V25,25,60,2,1,25,2,CSIROW002,TL,3,V25 (CSIROW002),
21,V38,38,51,3,1,38,1,CSIROW102,TL,3,V38 (CSIROW102),
22,V76,76,52,3,1,76,1,Rosalind,TL,3,V76 (Rosalind),
23,V63,63,53,3,2,63,1,Kellalac,TL,3,V63 (Kellalac),
24,V66,66,54,3,2,66,1,Longsword,TL,3,V66 (Longsword),
25,V23,23,55,3,1,23,1,CSIROB1,TL,3,V23 (CSIROB1),
26,V2,2,56,3,2,2,2,Beaufort,Control,3,V2 (Beaufort),
27,V6,6,57,3,1,6,2,Scepter,Control,3,V6 (Scepter),
28,V88,88,58,3,1,88,2,Sunstate,TL,3,V88 (Sunstate),
29,V31,31,59,3,1,31,2,CSIROW021,TL,3,V31 (CSIROW021),
30,V68,68,60,3,2,68,2,Magenta,TL,3,V68 (Magenta),
31,V73,73,51,4,1,73,1,Oxford,TL,3,V73 (Oxford),
32,V4,4,52,4,1,4,1,Spartacus CL,Control,3,V4 (Spartacus CL),
33,V74,74,53,4,1,74,1,Peake,TL,3,V74 (Peake),
34,V52,52,54,4,2,52,1,Flinders,TL,3,V52 (Flinders),
35,V61,61,55,4,2,61,1,Janz,TL,3,V61 (Janz),
36,V56,56,56,4,2,56,2,Gauntlet,TL,3,V56 (Gauntlet),
37,V41,41,57,4,1,41,2,Dash,TL,3,V41 (Dash),
38,V32,32,58,4,1,32,2,CSIROW023,TL,3,V32 (CSIROW023),
39,V49,49,59,4,2,49,2,Emu_Rock,TL,3,V49 (Emu_Rock),
40,V86,86,60,4,1,86,2,Sunbri,TL,3,V86 (Sunbri),
41,V69,69,51,5,2,69,1,Merinda,TL,3,V69 (Merinda),
42,V29,29,52,5,1,29,1,CSIROW011,TL,3,V29 (CSIROW011),
43,V72,72,53,5,1,72,1,Ouyen,TL,3,V72 (Ouyen),
44,V2,2,54,5,2,2,1,Beaufort,Control,3,V2 (Beaufort),
45,V34,34,55,5,1,34,1,CSIROW029,TL,3,V34 (CSIROW029),
46,V59,59,56,5,2,59,2,Grout,TL,3,V59 (Grout),
47,V24,24,57,5,1,24,2,CSIROB3,TL,3,V24 (CSIROB3),
48,V55,55,58,5,2,55,2,Gairdner,TL,3,V55 (Gairdner),
49,V70,70,59,5,1,70,2,Mitch,TL,3,V70 (Mitch),
50,V77,77,60,5,1,77,2,Rosella,TL,3,V77 (Rosella),
51,V94,94,51,6,1,94,1,Wyalkatchem,TL,3,V94 (Wyalkatchem),
52,V81,81,52,6,1,81,1,Shepherd,TL,3,V81 (Shepherd),
53,V64,64,53,6,2,64,1,Kittyhawk,TL,3,V64 (Kittyhawk),
54,V90,90,54,6,1,90,1,Trojan,TL,3,V90 (Trojan),
55,V54,54,55,6,2,54,1,Franklin,TL,3,V54 (Franklin),
56,V28,28,56,6,1,28,2,CSIROW007,TL,3,V28 (CSIROW007),
57,V60,60,57,6,2,60,2,H45,TL,3,V60 (H45),
58,V87,87,58,6,1,87,2,Sunlamb,TL,3,V87 (Sunlamb),
59,V51,51,59,6,2,51,2,Fleet,TL,3,V51 (Fleet),
60,V12,12,60,6,1,12,2,Baudin,TL,3,V12 (Baudin),
61,V47,47,51,7,1,47,1,EGA_Wills,TL,3,V47 (EGA_Wills),
62,V20,20,52,7,1,20,1,Commander,TL,3,V20 (Commander),
63,V1,1,53,7,2,1,1,RGT Planet,Control,3,V1 (RGT Planet),
64,V49,49,54,7,2,49,1,Emu_Rock,TL,3,V49 (Emu_Rock),
65,V75,75,55,7,1,75,1,Revenue,TL,3,V75 (Revenue),
66,V39,39,56,7,1,39,2,CSIROW105,TL,3,V39 (CSIROW105),
67,V43,43,57,7,1,43,2,EGA_Eaglehawk,TL,3,V43 (EGA_Eaglehawk),
68,V7,7,58,7,1,7,2,AGT_Scythe,TL,3,V7 (AGT_Scythe),
69,V64,64,59,7,2,64,2,Kittyhawk,TL,3,V64 (Kittyhawk),
70,V66,66,60,7,2,66,2,Longsword,TL,3,V66 (Longsword),
71,V68,68,51,8,2,68,1,Magenta,TL,3,V68 (Magenta),
72,V53,53,52,8,2,53,1,Forrest,TL,3,V53 (Forrest),
73,V35,35,53,8,1,35,1,CSIROW073,TL,3,V35 (CSIROW073),
74,V82,82,54,8,1,82,1,Spitfire,TL,3,V82 (Spitfire),
75,V36,36,55,8,1,36,1,CSIROW077,TL,3,V36 (CSIROW077),
76,V8,8,56,8,1,8,2,Alestar,TL,3,V8 (Alestar),
77,V57,57,57,8,2,57,2,Granger,TL,3,V57 (Granger),
78,V18,18,58,8,1,18,2,Cassiopee,TL,3,V18 (Cassiopee),
79,V80,80,59,8,1,80,2,Scout,TL,3,V80 (Scout),
80,V58,58,60,8,2,58,2,Grenade CL Plus,TL,3,V58 (Grenade CL Plus),
81,V30,30,51,9,1,30,1,CSIROW018,TL,3,V30 (CSIROW018),
82,V67,67,52,9,2,67,1,Mace,TL,3,V67 (Mace),
83,V91,91,53,9,1,91,1,Urambie,TL,3,V91 (Urambie),
84,V59,59,54,9,2,59,1,Grout,TL,3,V59 (Grout),
85,V92,92,55,9,1,92,1,Westminster,TL,3,V92 (Westminster),
86,V3,3,56,9,1,3,2,Lancer,Control,3,V3 (Lancer),
87,V96,96,57,9,1,96,2,Young,TL,3,V96 (Young),
88,V52,52,58,9,2,52,2,Flinders,TL,3,V52 (Flinders),
89,V45,45,59,9,1,45,2,EGA_Hume,TL,3,V45 (EGA_Hume),
90,V79,79,60,9,1,79,2,Scope,TL,3,V79 (Scope),
91,V26,26,51,10,1,26,1,CSIROW003,TL,3,V26 (CSIROW003),
92,V58,58,52,10,2,58,1,Grenade CL Plus,TL,3,V58 (Grenade CL Plus),
93,V65,65,53,10,2,65,1,Lockyer,TL,3,V65 (Lockyer),
94,V16,16,54,10,1,16,1,Calingiri,TL,3,V16 (Calingiri),
95,V48,48,55,10,1,48,1,Ellison,TL,3,V48 (Ellison),
96,V27,27,56,10,1,27,2,CSIROW005,TL,3,V27 (CSIROW005),
97,V9,9,57,10,1,9,2,Axe,TL,3,V9 (Axe),
98,V67,67,58,10,2,67,2,Mace,TL,3,V67 (Mace),
99,V22,22,59,10,1,22,2,Crusader,TL,3,V22 (Crusader),
100,V1,1,60,10,2,1,2,RGT Planet,Control,3,V1 (RGT Planet),
101,V57,57,51,11,2,57,1,Granger,TL,3,V57 (Granger),
102,V10,10,52,11,1,10,1,Banks,TL,3,V10 (Banks),
103,V42,42,53,11,1,42,1,Derrimut,TL,3,V42 (Derrimut),
104,V5,5,54,11,1,5,1,Manning,Control,3,V5 (Manning),
105,V51,51,55,11,2,51,1,Fleet,TL,3,V51 (Fleet),
106,V19,19,56,11,1,19,2,Catalina,TL,3,V19 (Catalina),
107,V61,61,57,11,2,61,2,Janz,TL,3,V61 (Janz),
108,V83,83,58,11,1,83,2,Stirling,TL,3,V83 (Stirling),
109,V69,69,59,11,2,69,2,Merinda,TL,3,V69 (Merinda),
110,V33,33,60,11,1,33,2,CSIROW027,TL,3,V33 (CSIROW027),
111,V78,78,51,12,1,78,1,Schooner,TL,3,V78 (Schooner),
112,V37,37,52,12,1,37,1,CSIROW087,TL,3,V37 (CSIROW087),
113,V50,50,53,12,2,50,1,Fathom,TL,3,V50 (Fathom),
114,V11,11,54,12,1,11,1,Bass,TL,3,V11 (Bass),
115,V56,56,55,12,2,56,1,Gauntlet,TL,3,V56 (Gauntlet),
116,V63,63,56,12,2,63,2,Kellalac,TL,3,V63 (Kellalac),
117,V21,21,57,12,1,21,2,Compass,TL,3,V21 (Compass),
118,V62,62,58,12,2,62,2,Keel,TL,3,V62 (Keel),
119,V44,44,59,12,1,44,2,EGA_Gregory,TL,3,V44 (EGA_Gregory),
120,V93,93,60,12,1,93,2,Whistler,TL,3,V93 (Whistler),
1,V31,31,61,1,1,31,1,CSIROW021,TL,4,V31 (CSIROW021),
2,V79,79,62,1,2,79,1,Scope,TL,4,V79 (Scope),
3,V8,8,63,1,1,8,1,Alestar,TL,4,V8 (Alestar),
4,V86,86,64,1,2,86,1,Sunbri,TL,4,V86 (Sunbri),
5,V38,38,65,1,1,38,1,CSIROW102,TL,4,V38 (CSIROW102),
6,V66,66,66,1,1,66,2,Longsword,TL,4,V66 (Longsword),
7,V53,53,67,1,1,53,2,Forrest,TL,4,V53 (Forrest),
8,V83,83,68,1,2,83,2,Stirling,TL,4,V83 (Stirling),
9,V78,78,69,1,2,78,2,Schooner,TL,4,V78 (Schooner),
10,V29,29,70,1,1,29,2,CSIROW011,TL,4,V29 (CSIROW011),
11,V41,41,61,2,1,41,1,Dash,TL,4,V41 (Dash),
12,V69,69,62,2,1,69,1,Merinda,TL,4,V69 (Merinda),
13,V88,88,63,2,2,88,1,Sunstate,TL,4,V88 (Sunstate),
14,V59,59,64,2,1,59,1,Grout,TL,4,V59 (Grout),
15,V74,74,65,2,2,74,1,Peake,TL,4,V74 (Peake),
16,V85,85,66,2,2,85,2,Sunbee,TL,4,V85 (Sunbee),
17,V4,4,67,2,1,4,2,Spartacus CL,Control,4,V4 (Spartacus CL),subset\u0007
18,V94,94,68,2,1,94,2,Wyalkatchem,TL,4,V94 (Wyalkatchem),
19,V92,92,69,2,1,92,2,Westminster,TL,4,V92 (Westminster),
20,V67,67,70,2,1,67,2,Mace,TL,4,V67 (Mace),subset\u0007
21,V7,7,61,3,1,7,1,AGT_Scythe,TL,4,V7 (AGT_Scythe),
22,V87,87,62,3,2,87,1,Sunlamb,TL,4,V87 (Sunlamb),
23,V68,68,63,3,1,68,1,Magenta,TL,4,V68 (Magenta),
24,V76,76,64,3,2,76,1,Rosalind,TL,4,V76 (Rosalind),
25,V24,24,65,3,1,24,1,CSIROB3,TL,4,V24 (CSIROB3),
26,V2,2,66,3,2,2,2,Beaufort,Control,4,V2 (Beaufort),subset\u0007
27,V18,18,67,3,1,18,2,Cassiopee,TL,4,V18 (Cassiopee),
28,V77,77,68,3,2,77,2,Rosella,TL,4,V77 (Rosella),
29,V43,43,69,3,1,43,2,EGA_Eaglehawk,TL,4,V43 (EGA_Eaglehawk),
30,V90,90,70,3,2,90,2,Trojan,TL,4,V90 (Trojan),subset\u0007
31,V89,89,61,4,2,89,1,Suntop,TL,4,V89 (Suntop),subset\u0007
32,V21,21,62,4,1,21,1,Compass,TL,4,V21 (Compass),subset\u0007
33,V77,77,63,4,2,77,1,Rosella,TL,4,V77 (Rosella),
34,V17,17,64,4,1,17,1,Capstan,TL,4,V17 (Capstan),
35,V60,60,65,4,1,60,1,H45,TL,4,V60 (H45),
36,V64,64,66,4,1,64,2,Kittyhawk,TL,4,V64 (Kittyhawk),subset\u0007
37,V88,88,67,4,2,88,2,Sunstate,TL,4,V88 (Sunstate),
38,V72,72,68,4,2,72,2,Ouyen,TL,4,V72 (Ouyen),
39,V34,34,69,4,1,34,2,CSIROW029,TL,4,V34 (CSIROW029),
40,V16,16,70,4,1,16,2,Calingiri,TL,4,V16 (Calingiri),
41,V70,70,61,5,2,70,1,Mitch,TL,4,V70 (Mitch),
42,V56,56,62,5,1,56,1,Gauntlet,TL,4,V56 (Gauntlet),
43,V10,10,63,5,1,10,1,Banks,TL,4,V10 (Banks),
44,V93,93,64,5,1,93,1,Whistler,TL,4,V93 (Whistler),
45,V75,75,65,5,2,75,1,Revenue,TL,4,V75 (Revenue),
46,V5,5,66,5,1,5,2,Manning,Control,4,V5 (Manning),subset\u0007
47,V54,54,67,5,1,54,2,Franklin,TL,4,V54 (Franklin),
48,V50,50,68,5,1,50,2,Fathom,TL,4,V50 (Fathom),subset\u0007
49,V81,81,69,5,2,81,2,Shepherd,TL,4,V81 (Shepherd),
50,V51,51,70,5,1,51,2,Fleet,TL,4,V51 (Fleet),
51,V45,45,61,6,1,45,1,EGA_Hume,TL,4,V45 (EGA_Hume),
52,V15,15,62,6,1,15,1,Braewood,TL,4,V15 (Braewood),
53,V6,6,63,6,1,6,1,Scepter,Control,4,V6 (Scepter),subset\u0007
54,V78,78,64,6,2,78,1,Schooner,TL,4,V78 (Schooner),
55,V19,19,65,6,1,19,1,Catalina,TL,4,V19 (Catalina),
56,V55,55,66,6,1,55,2,Gairdner,TL,4,V55 (Gairdner),
57,V27,27,67,6,1,27,2,CSIROW005,TL,4,V27 (CSIROW005),
58,V3,3,68,6,1,3,2,Lancer,Control,4,V3 (Lancer),subset\u0007
59,V80,80,69,6,2,80,2,Scout,TL,4,V80 (Scout),
60,V76,76,70,6,2,76,2,Rosalind,TL,4,V76 (Rosalind),
61,V57,57,61,7,1,57,1,Granger,TL,4,V57 (Granger),
62,V84,84,62,7,2,84,1,Strzelecki,TL,4,V84 (Strzelecki),
63,V11,11,63,7,1,11,1,Bass,TL,4,V11 (Bass),
64,V28,28,64,7,1,28,1,CSIROW007,TL,4,V28 (CSIROW007),
65,V4,4,65,7,1,4,1,Spartacus CL,Control,4,V4 (Spartacus CL),subset\u0007
66,V9,9,66,7,1,9,2,Axe,TL,4,V9 (Axe),subset\u0007
67,V82,82,67,7,2,82,2,Spitfire,TL,4,V82 (Spitfire),
68,V36,36,68,7,1,36,2,CSIROW077,TL,4,V36 (CSIROW077),
69,V79,79,69,7,2,79,2,Scope,TL,4,V79 (Scope),
70,V96,96,70,7,1,96,2,Young,TL,4,V96 (Young),
71,V81,81,61,8,2,81,1,Shepherd,TL,4,V81 (Shepherd),
72,V14,14,62,8,1,14,1,Bolac,TL,4,V14 (Bolac),
73,V85,85,63,8,2,85,1,Sunbee,TL,4,V85 (Sunbee),
74,V52,52,64,8,1,52,1,Flinders,TL,4,V52 (Flinders),
75,V13,13,65,8,1,13,1,Biere,TL,4,V13 (Biere),
76,V71,71,66,8,2,71,2,Navigator,TL,4,V71 (Navigator),
77,V26,26,67,8,1,26,2,CSIROW003,TL,4,V26 (CSIROW003),
78,V49,49,68,8,1,49,2,Emu_Rock,TL,4,V49 (Emu_Rock),
79,V35,35,69,8,1,35,2,CSIROW073,TL,4,V35 (CSIROW073),
80,V6,6,70,8,1,6,2,Scepter,Control,4,V6 (Scepter),subset\u0007
81,V72,72,61,9,2,72,1,Ouyen,TL,4,V72 (Ouyen),
82,V39,39,62,9,1,39,1,CSIROW105,TL,4,V39 (CSIROW105),
83,V58,58,63,9,1,58,1,Grenade CL Plus,TL,4,V58 (Grenade CL Plus),
84,V73,73,64,9,2,73,1,Oxford,TL,4,V73 (Oxford),
85,V95,95,65,9,1,95,1,Yitpi,TL,4,V95 (Yitpi),
86,V70,70,66,9,2,70,2,Mitch,TL,4,V70 (Mitch),
87,V12,12,67,9,1,12,2,Baudin,TL,4,V12 (Baudin),
88,V86,86,68,9,2,86,2,Sunbri,TL,4,V86 (Sunbri),
89,V47,47,69,9,1,47,2,EGA_Wills,TL,4,V47 (EGA_Wills),
90,V65,65,70,9,1,65,2,Lockyer,TL,4,V65 (Lockyer),
91,V42,42,61,10,1,42,1,Derrimut,TL,4,V42 (Derrimut),
92,V90,90,62,10,2,90,1,Trojan,TL,4,V90 (Trojan),subset\u0007
93,V63,63,63,10,1,63,1,Kellalac,TL,4,V63 (Kellalac),
94,V71,71,64,10,2,71,1,Navigator,TL,4,V71 (Navigator),
95,V40,40,65,10,1,40,1,Cutlass,TL,4,V40 (Cutlass),subset\u0007
96,V23,23,66,10,1,23,2,CSIROB1,TL,4,V23 (CSIROB1),
97,V84,84,67,10,2,84,2,Strzelecki,TL,4,V84 (Strzelecki),
98,V32,32,68,10,1,32,2,CSIROW023,TL,4,V32 (CSIROW023),
99,V48,48,69,10,1,48,2,Ellison,TL,4,V48 (Ellison),
100,V73,73,70,10,2,73,2,Oxford,TL,4,V73 (Oxford),
101,V20,20,61,11,1,20,1,Commander,TL,4,V20 (Commander),subset\u0007
102,V83,83,62,11,2,83,1,Stirling,TL,4,V83 (Stirling),
103,V33,33,63,11,1,33,1,CSIROW027,TL,4,V33 (CSIROW027),
104,V22,22,64,11,1,22,1,Crusader,TL,4,V22 (Crusader),
105,V5,5,65,11,1,5,1,Manning,Control,4,V5 (Manning),subset\u0007
106,V74,74,66,11,2,74,2,Peake,TL,4,V74 (Peake),
107,V25,25,67,11,1,25,2,CSIROW002,TL,4,V25 (CSIROW002),
108,V87,87,68,11,2,87,2,Sunlamb,TL,4,V87 (Sunlamb),
109,V30,30,69,11,1,30,2,CSIROW018,TL,4,V30 (CSIROW018),
110,V62,62,70,11,1,62,2,Keel,TL,4,V62 (Keel),
111,V1,1,61,12,2,1,1,RGT Planet,Control,4,V1 (RGT Planet),subset\u0007
112,V91,91,62,12,1,91,1,Urambie,TL,4,V91 (Urambie),subset\u0007
113,V80,80,63,12,2,80,1,Scout,TL,4,V80 (Scout),
114,V61,61,64,12,1,61,1,Janz,TL,4,V61 (Janz),
115,V82,82,65,12,2,82,1,Spitfire,TL,4,V82 (Spitfire),
116,V46,46,66,12,1,46,2,EGA_Wedgetail,TL,4,V46 (EGA_Wedgetail),
117,V89,89,67,12,2,89,2,Suntop,TL,4,V89 (Suntop),subset\u0007
118,V44,44,68,12,1,44,2,EGA_Gregory,TL,4,V44 (EGA_Gregory),subset\u0007
119,V75,75,69,12,2,75,2,Revenue,TL,4,V75 (Revenue),
120,V37,37,70,12,1,37,2,CSIROW087,TL,4,V37 (CSIROW087),
1,V66,66,71,1,2,66,1,Longsword,TL,8,V66 (Longsword),
2,V89,89,72,1,1,89,1,Suntop,TL,8,V89 (Suntop),subset\u0007
3,V19,19,73,1,1,19,1,Catalina,TL,8,V19 (Catalina),
4,V92,92,74,1,1,92,1,Westminster,TL,8,V92 (Westminster),
5,V76,76,75,1,2,76,1,Rosalind,TL,8,V76 (Rosalind),
6,V86,86,76,1,1,86,2,Sunbri,TL,8,V86 (Sunbri),
7,V78,78,77,1,2,78,2,Schooner,TL,8,V78 (Schooner),
8,V47,47,78,1,1,47,2,EGA_Wills,TL,8,V47 (EGA_Wills),
9,V69,69,79,1,2,69,2,Merinda,TL,8,V69 (Merinda),
10,V56,56,80,1,1,56,2,Gauntlet,TL,8,V56 (Gauntlet),
11,V53,53,71,2,1,53,1,Forrest,TL,8,V53 (Forrest),
12,V12,12,72,2,1,12,1,Baudin,TL,8,V12 (Baudin),
13,V5,5,73,2,1,5,1,Manning,Control,8,V5 (Manning),subset\u0007
14,V70,70,74,2,2,70,1,Mitch,TL,8,V70 (Mitch),
15,V28,28,75,2,1,28,1,CSIROW007,TL,8,V28 (CSIROW007),
16,V50,50,76,2,1,50,2,Fathom,TL,8,V50 (Fathom),subset\u0007
17,V75,75,77,2,2,75,2,Revenue,TL,8,V75 (Revenue),
18,V83,83,78,2,2,83,2,Stirling,TL,8,V83 (Stirling),
19,V33,33,79,2,1,33,2,CSIROW027,TL,8,V33 (CSIROW027),
20,V46,46,80,2,1,46,2,EGA_Wedgetail,TL,8,V46 (EGA_Wedgetail),
21,V37,37,71,3,1,37,1,CSIROW087,TL,8,V37 (CSIROW087),
22,V73,73,72,3,2,73,1,Oxford,TL,8,V73 (Oxford),
23,V96,96,73,3,1,96,1,Young,TL,8,V96 (Young),
24,V14,14,74,3,1,14,1,Bolac,TL,8,V14 (Bolac),
25,V67,67,75,3,2,67,1,Mace,TL,8,V67 (Mace),subset\u0007
26,V6,6,76,3,1,6,2,Scepter,Control,8,V6 (Scepter),subset\u0007
27,V22,22,77,3,1,22,2,Crusader,TL,8,V22 (Crusader),
28,V3,3,78,3,1,3,2,Lancer,Control,8,V3 (Lancer),subset\u0007
29,V59,59,79,3,1,59,2,Grout,TL,8,V59 (Grout),
30,V64,64,80,3,2,64,2,Kittyhawk,TL,8,V64 (Kittyhawk),subset\u0007
31,V84,84,71,4,2,84,1,Strzelecki,TL,8,V84 (Strzelecki),
32,V64,64,72,4,2,64,1,Kittyhawk,TL,8,V64 (Kittyhawk),subset\u0007
33,V36,36,73,4,1,36,1,CSIROW077,TL,8,V36 (CSIROW077),
34,V2,2,74,4,2,2,1,Beaufort,Control,8,V2 (Beaufort),subset\u0007
35,V41,41,75,4,1,41,1,Dash,TL,8,V41 (Dash),
36,V55,55,76,4,1,55,2,Gairdner,TL,8,V55 (Gairdner),
37,V52,52,77,4,1,52,2,Flinders,TL,8,V52 (Flinders),
38,V71,71,78,4,2,71,2,Navigator,TL,8,V71 (Navigator),
39,V79,79,79,4,2,79,2,Scope,TL,8,V79 (Scope),
40,V9,9,80,4,1,9,2,Axe,TL,8,V9 (Axe),subset\u0007
41,V40,40,71,5,1,40,1,Cutlass,TL,8,V40 (Cutlass),subset\u0007
42,V11,11,72,5,1,11,1,Bass,TL,8,V11 (Bass),
43,V88,88,73,5,1,88,1,Sunstate,TL,8,V88 (Sunstate),
44,V74,74,74,5,2,74,1,Peake,TL,8,V74 (Peake),
45,V78,78,75,5,2,78,1,Schooner,TL,8,V78 (Schooner),
46,V94,94,76,5,1,94,2,Wyalkatchem,TL,8,V94 (Wyalkatchem),
47,V80,80,77,5,2,80,2,Scout,TL,8,V80 (Scout),
48,V95,95,78,5,1,95,2,Yitpi,TL,8,V95 (Yitpi),
49,V44,44,79,5,1,44,2,EGA_Gregory,TL,8,V44 (EGA_Gregory),subset\u0007
50,V67,67,80,5,2,67,2,Mace,TL,8,V67 (Mace),subset\u0007
51,V17,17,71,6,1,17,1,Capstan,TL,8,V17 (Capstan),
52,V49,49,72,6,1,49,1,Emu_Rock,TL,8,V49 (Emu_Rock),
53,V72,72,73,6,2,72,1,Ouyen,TL,8,V72 (Ouyen),
54,V34,34,74,6,1,34,1,CSIROW029,TL,8,V34 (CSIROW029),
55,V4,4,75,6,1,4,1,Spartacus CL,Control,8,V4 (Spartacus CL),subset\u0007
56,V76,76,76,6,2,76,2,Rosalind,TL,8,V76 (Rosalind),
57,V87,87,77,6,1,87,2,Sunlamb,TL,8,V87 (Sunlamb),
58,V29,29,78,6,1,29,2,CSIROW011,TL,8,V29 (CSIROW011),
59,V77,77,79,6,2,77,2,Rosella,TL,8,V77 (Rosella),
60,V1,1,80,6,2,1,2,RGT Planet,Control,8,V1 (RGT Planet),subset\u0007
61,V69,69,71,7,2,69,1,Merinda,TL,8,V69 (Merinda),
62,V13,13,72,7,1,13,1,Biere,TL,8,V13 (Biere),
63,V18,18,73,7,1,18,1,Cassiopee,TL,8,V18 (Cassiopee),
64,V83,83,74,7,2,83,1,Stirling,TL,8,V83 (Stirling),
65,V54,54,75,7,1,54,1,Franklin,TL,8,V54 (Franklin),
66,V68,68,76,7,2,68,2,Magenta,TL,8,V68 (Magenta),
67,V42,42,77,7,1,42,2,Derrimut,TL,8,V42 (Derrimut),
68,V60,60,78,7,1,60,2,H45,TL,8,V60 (H45),
69,V84,84,79,7,2,84,2,Strzelecki,TL,8,V84 (Strzelecki),
70,V35,35,80,7,1,35,2,CSIROW073,TL,8,V35 (CSIROW073),
71,V15,15,71,8,1,15,1,Braewood,TL,8,V15 (Braewood),
72,V65,65,72,8,2,65,1,Lockyer,TL,8,V65 (Lockyer),
73,V77,77,73,8,2,77,1,Rosella,TL,8,V77 (Rosella),
74,V45,45,74,8,1,45,1,EGA_Hume,TL,8,V45 (EGA_Hume),
75,V21,21,75,8,1,21,1,Compass,TL,8,V21 (Compass),subset\u0007
76,V73,73,76,8,2,73,2,Oxford,TL,8,V73 (Oxford),
77,V30,30,77,8,1,30,2,CSIROW018,TL,8,V30 (CSIROW018),
78,V5,5,78,8,1,5,2,Manning,Control,8,V5 (Manning),subset\u0007
79,V23,23,79,8,1,23,2,CSIROB1,TL,8,V23 (CSIROB1),
80,V10,10,80,8,1,10,2,Banks,TL,8,V10 (Banks),
81,V71,71,71,9,2,71,1,Navigator,TL,8,V71 (Navigator),
82,V16,16,72,9,1,16,1,Calingiri,TL,8,V16 (Calingiri),
83,V82,82,73,9,2,82,1,Spitfire,TL,8,V82 (Spitfire),
84,V93,93,74,9,1,93,1,Whistler,TL,8,V93 (Whistler),
85,V43,43,75,9,1,43,1,EGA_Eaglehawk,TL,8,V43 (EGA_Eaglehawk),
86,V72,72,76,9,2,72,2,Ouyen,TL,8,V72 (Ouyen),
87,V90,90,77,9,1,90,2,Trojan,TL,8,V90 (Trojan),subset\u0007
88,V48,48,78,9,1,48,2,Ellison,TL,8,V48 (Ellison),
89,V24,24,79,9,1,24,2,CSIROB3,TL,8,V24 (CSIROB3),
90,V81,81,80,9,2,81,2,Shepherd,TL,8,V81 (Shepherd),
91,V27,27,71,10,1,27,1,CSIROW005,TL,8,V27 (CSIROW005),
92,V79,79,72,10,2,79,1,Scope,TL,8,V79 (Scope),
93,V25,25,73,10,1,25,1,CSIROW002,TL,8,V25 (CSIROW002),
94,V8,8,74,10,1,8,1,Alestar,TL,8,V8 (Alestar),
95,V80,80,75,10,2,80,1,Scout,TL,8,V80 (Scout),
96,V51,51,76,10,1,51,2,Fleet,TL,8,V51 (Fleet),
97,V70,70,77,10,2,70,2,Mitch,TL,8,V70 (Mitch),
98,V38,38,78,10,1,38,2,CSIROW102,TL,8,V38 (CSIROW102),
99,V4,4,79,10,1,4,2,Spartacus CL,Control,8,V4 (Spartacus CL),subset\u0007
100,V85,85,80,10,1,85,2,Sunbee,TL,8,V85 (Sunbee),
101,V32,32,71,11,1,32,1,CSIROW023,TL,8,V32 (CSIROW023),
102,V81,81,72,11,2,81,1,Shepherd,TL,8,V81 (Shepherd),
103,V61,61,73,11,1,61,1,Janz,TL,8,V61 (Janz),
104,V68,68,74,11,2,68,1,Magenta,TL,8,V68 (Magenta),
105,V20,20,75,11,1,20,1,Commander,TL,8,V20 (Commander),subset\u0007
106,V39,39,76,11,1,39,2,CSIROW105,TL,8,V39 (CSIROW105),
107,V57,57,77,11,1,57,2,Granger,TL,8,V57 (Granger),
108,V65,65,78,11,2,65,2,Lockyer,TL,8,V65 (Lockyer),
109,V63,63,79,11,1,63,2,Kellalac,TL,8,V63 (Kellalac),
110,V74,74,80,11,2,74,2,Peake,TL,8,V74 (Peake),
111,V6,6,71,12,1,6,1,Scepter,Control,8,V6 (Scepter),subset\u0007
112,V31,31,72,12,1,31,1,CSIROW021,TL,8,V31 (CSIROW021),
113,V75,75,73,12,2,75,1,Revenue,TL,8,V75 (Revenue),
114,V58,58,74,12,1,58,1,Grenade CL Plus,TL,8,V58 (Grenade CL Plus),
115,V7,7,75,12,1,7,1,AGT_Scythe,TL,8,V7 (AGT_Scythe),
116,V82,82,76,12,2,82,2,Spitfire,TL,8,V82 (Spitfire),
117,V66,66,77,12,2,66,2,Longsword,TL,8,V66 (Longsword),
118,V26,26,78,12,1,26,2,CSIROW003,TL,8,V26 (CSIROW003),
119,V62,62,79,12,1,62,2,Keel,TL,8,V62 (Keel),
120,V91,91,80,12,1,91,2,Urambie,TL,8,V91 (Urambie),subset\u0007
