Unit,ID,Entry,Row,Range,Replicates,TRT,RepRow,Variety,Type,TOS,Plotname,Block,subset
1,V73,73,1,1,1,73,1,Oxford,TL,2,V73 (Oxford),1,
2,V81,81,2,1,1,81,1,Shepherd,TL,2,V81 (Shepherd),1,
3,V18,18,3,1,1,18,1,Cassiopee,TL,2,V18 (Cassiopee),1,
4,V29,29,4,1,2,29,1,CSIROW011,TL,2,V29 (CSIROW011),1,
5,V5,5,5,1,1,5,2,Manning,Control,2,V5 (Manning),1,subset\u0007
6,V44,44,6,1,2,44,2,EGA_Gregory,TL,2,V44 (EGA_Gregory),1,subset\u0007
7,V79,79,7,1,1,79,2,Scope,TL,2,V79 (Scope),1,
8,V3,3,8,1,1,3,2,Lancer,Control,2,V3 (Lancer),1,subset\u0007
9,V7,7,1,2,1,7,1,AGT_Scythe,TL,2,V7 (AGT_Scythe),1,
10,V6,6,2,2,1,6,1,Scepter,Control,2,V6 (Scepter),1,subset\u0007
11,V30,30,3,2,2,30,1,CSIROW018,TL,2,V30 (CSIROW018),1,
12,V13,13,4,2,1,13,1,Biere,TL,2,V13 (Biere),1,
13,V28,28,5,2,2,28,2,CSIROW007,TL,2,V28 (CSIROW007),1,
14,V78,78,6,2,1,78,2,Schooner,TL,2,V78 (Schooner),1,
15,V23,23,7,2,1,23,2,CSIROB1,TL,2,V23 (CSIROB1),1,
16,V62,62,8,2,1,62,2,Keel,TL,2,V62 (Keel),1,
17,V61,61,1,3,1,61,1,Janz,TL,2,V61 (Janz),1,
18,V42,42,2,3,2,42,1,Derrimut,TL,2,V42 (Derrimut),1,
19,V16,16,3,3,1,16,1,Calingiri,TL,2,V16 (Calingiri),1,
20,V19,19,4,3,1,19,1,Catalina,TL,2,V19 (Catalina),1,
21,V14,14,5,3,1,14,2,Bolac,TL,2,V14 (Bolac),1,
22,V48,48,6,3,2,48,2,Ellison,TL,2,V48 (Ellison),1,
23,V20,20,7,3,1,20,2,Commander,TL,2,V20 (Commander),1,subset\u0007
24,V45,45,8,3,2,45,2,EGA_Hume,TL,2,V45 (EGA_Hume),1,
25,V36,36,1,4,2,36,1,CSIROW077,TL,2,V36 (CSIROW077),1,
26,V63,63,2,4,1,63,1,Kellalac,TL,2,V63 (Kellalac),1,
27,V85,85,3,4,1,85,1,Sunbee,TL,2,V85 (Sunbee),1,
28,V91,91,4,4,1,91,1,Urambie,TL,2,V91 (Urambie),1,subset\u0007
29,V34,34,5,4,2,34,2,CSIROW029,TL,2,V34 (CSIROW029),1,
30,V31,31,6,4,2,31,2,CSIROW021,TL,2,V31 (CSIROW021),1,
31,V49,49,7,4,1,49,2,Emu_Rock,TL,2,V49 (Emu_Rock),1,
32,V72,72,8,4,1,72,2,Ouyen,TL,2,V72 (Ouyen),1,
33,V87,87,1,5,1,87,1,Sunlamb,TL,2,V87 (Sunlamb),1,
34,V84,84,2,5,1,84,1,Strzelecki,TL,2,V84 (Strzelecki),1,
35,V43,43,3,5,2,43,1,EGA_Eaglehawk,TL,2,V43 (EGA_Eaglehawk),1,
36,V47,47,4,5,2,47,1,EGA_Wills,TL,2,V47 (EGA_Wills),1,
37,V24,24,5,5,1,24,2,CSIROB3,TL,2,V24 (CSIROB3),1,
38,V57,57,6,5,1,57,2,Granger,TL,2,V57 (Granger),1,
39,V39,39,7,5,2,39,2,CSIROW105,TL,2,V39 (CSIROW105),1,
40,V82,82,8,5,1,82,2,Spitfire,TL,2,V82 (Spitfire),1,
41,V64,64,1,6,1,64,1,Kittyhawk,TL,2,V64 (Kittyhawk),1,subset\u0007
42,V48,48,2,6,2,48,1,Ellison,TL,2,V48 (Ellison),1,
43,V46,46,3,6,2,46,1,EGA_Wedgetail,TL,2,V46 (EGA_Wedgetail),1,
44,V15,15,4,6,1,15,1,Braewood,TL,2,V15 (Braewood),1,
45,V55,55,5,6,1,55,2,Gairdner,TL,2,V55 (Gairdner),1,
46,V6,6,6,6,1,6,2,Scepter,Control,2,V6 (Scepter),1,subset\u0007
47,V76,76,7,6,1,76,2,Rosalind,TL,2,V76 (Rosalind),1,
48,V90,90,8,6,1,90,2,Trojan,TL,2,V90 (Trojan),1,subset\u0007
49,V31,31,1,7,2,31,1,CSIROW021,TL,2,V31 (CSIROW021),1,
50,V32,32,2,7,2,32,1,CSIROW023,TL,2,V32 (CSIROW023),1,
51,V95,95,3,7,1,95,1,Yitpi,TL,2,V95 (Yitpi),1,
52,V58,58,4,7,1,58,1,Grenade CL Plus,TL,2,V58 (Grenade CL Plus),1,
53,V21,21,5,7,1,21,2,Compass,TL,2,V21 (Compass),1,subset\u0007
54,V86,86,6,7,1,86,2,Sunbri,TL,2,V86 (Sunbri),1,
55,V74,74,7,7,1,74,2,Peake,TL,2,V74 (Peake),1,
56,V38,38,8,7,2,38,2,CSIROW102,TL,2,V38 (CSIROW102),1,
57,V33,33,1,8,2,33,1,CSIROW027,TL,2,V33 (CSIROW027),1,
58,V68,68,2,8,1,68,1,Magenta,TL,2,V68 (Magenta),1,
59,V41,41,3,8,2,41,1,Dash,TL,2,V41 (Dash),1,
60,V80,80,4,8,1,80,1,Scout,TL,2,V80 (Scout),1,
61,V12,12,5,8,1,12,2,Baudin,TL,2,V12 (Baudin),1,
62,V40,40,6,8,2,40,2,Cutlass,TL,2,V40 (Cutlass),1,subset\u0007
63,V43,43,7,8,2,43,2,EGA_Eaglehawk,TL,2,V43 (EGA_Eaglehawk),1,
64,V92,92,8,8,1,92,2,Westminster,TL,2,V92 (Westminster),1,
65,V26,26,1,9,1,26,1,CSIROW003,TL,2,V26 (CSIROW003),1,
66,V94,94,2,9,1,94,1,Wyalkatchem,TL,2,V94 (Wyalkatchem),1,
67,V96,96,3,9,1,96,1,Young,TL,2,V96 (Young),1,
68,V5,5,4,9,1,5,1,Manning,Control,2,V5 (Manning),1,subset\u0007
69,V30,30,5,9,2,30,2,CSIROW018,TL,2,V30 (CSIROW018),1,
70,V9,9,6,9,1,9,2,Axe,TL,2,V9 (Axe),1,subset\u0007
71,V89,89,7,9,1,89,2,Suntop,TL,2,V89 (Suntop),1,subset\u0007
72,V47,47,8,9,2,47,2,EGA_Wills,TL,2,V47 (EGA_Wills),1,
73,V38,38,1,10,2,38,1,CSIROW102,TL,2,V38 (CSIROW102),1,
74,V66,66,2,10,1,66,1,Longsword,TL,2,V66 (Longsword),1,
75,V56,56,3,10,1,56,1,Gauntlet,TL,2,V56 (Gauntlet),1,
76,V25,25,4,10,1,25,1,CSIROW002,TL,2,V25 (CSIROW002),1,
77,V33,33,5,10,2,33,2,CSIROW027,TL,2,V33 (CSIROW027),1,
78,V8,8,6,10,1,8,2,Alestar,TL,2,V8 (Alestar),1,
79,V75,75,7,10,1,75,2,Revenue,TL,2,V75 (Revenue),1,
80,V46,46,8,10,2,46,2,EGA_Wedgetail,TL,2,V46 (EGA_Wedgetail),1,
81,V11,11,1,11,1,11,1,Bass,TL,2,V11 (Bass),1,
82,V34,34,2,11,2,34,1,CSIROW029,TL,2,V34 (CSIROW029),1,
83,V44,44,3,11,2,44,1,EGA_Gregory,TL,2,V44 (EGA_Gregory),1,subset\u0007
84,V83,83,4,11,1,83,1,Stirling,TL,2,V83 (Stirling),1,
85,V10,10,5,11,1,10,2,Banks,TL,2,V10 (Banks),1,
86,V4,4,6,11,1,4,2,Spartacus CL,Control,2,V4 (Spartacus CL),1,subset\u0007
87,V65,65,7,11,1,65,2,Lockyer,TL,2,V65 (Lockyer),1,
88,V52,52,8,11,1,52,2,Flinders,TL,2,V52 (Flinders),1,
89,V45,45,1,12,2,45,1,EGA_Hume,TL,2,V45 (EGA_Hume),1,
90,V27,27,2,12,1,27,1,CSIROW005,TL,2,V27 (CSIROW005),1,
91,V53,53,3,12,1,53,1,Forrest,TL,2,V53 (Forrest),1,
92,V37,37,4,12,2,37,1,CSIROW087,TL,2,V37 (CSIROW087),1,
93,V51,51,5,12,1,51,2,Fleet,TL,2,V51 (Fleet),1,
94,V29,29,6,12,2,29,2,CSIROW011,TL,2,V29 (CSIROW011),1,
95,V35,35,7,12,2,35,2,CSIROW073,TL,2,V35 (CSIROW073),1,
96,V71,71,8,12,1,71,2,Navigator,TL,2,V71 (Navigator),1,
97,V35,35,1,13,2,35,1,CSIROW073,TL,2,V35 (CSIROW073),1,
98,V70,70,2,13,1,70,1,Mitch,TL,2,V70 (Mitch),1,
99,V28,28,3,13,2,28,1,CSIROW007,TL,2,V28 (CSIROW007),1,
100,V2,2,4,13,2,2,1,Beaufort,Control,2,V2 (Beaufort),1,subset\u0007
101,V36,36,5,13,2,36,2,CSIROW077,TL,2,V36 (CSIROW077),1,
102,V69,69,6,13,1,69,2,Merinda,TL,2,V69 (Merinda),1,
103,V41,41,7,13,2,41,2,Dash,TL,2,V41 (Dash),1,
104,V59,59,8,13,1,59,2,Grout,TL,2,V59 (Grout),1,
105,V40,40,1,14,2,40,1,Cutlass,TL,2,V40 (Cutlass),1,subset\u0007
106,V4,4,2,14,1,4,1,Spartacus CL,Control,2,V4 (Spartacus CL),1,subset\u0007
107,V60,60,3,14,1,60,1,H45,TL,2,V60 (H45),1,
108,V93,93,4,14,1,93,1,Whistler,TL,2,V93 (Whistler),1,
109,V54,54,5,14,1,54,2,Franklin,TL,2,V54 (Franklin),1,
110,V42,42,6,14,2,42,2,Derrimut,TL,2,V42 (Derrimut),1,
111,V77,77,7,14,1,77,2,Rosella,TL,2,V77 (Rosella),1,
112,V50,50,8,14,1,50,2,Fathom,TL,2,V50 (Fathom),1,subset\u0007
113,V22,22,1,15,1,22,1,Crusader,TL,2,V22 (Crusader),1,
114,V17,17,2,15,1,17,1,Capstan,TL,2,V17 (Capstan),1,
115,V1,1,3,15,2,1,1,RGT Planet,Control,2,V1 (RGT Planet),1,subset\u0007
116,V39,39,4,15,2,39,1,CSIROW105,TL,2,V39 (CSIROW105),1,
117,V67,67,5,15,1,67,2,Mace,TL,2,V67 (Mace),1,subset\u0007
118,V88,88,6,15,1,88,2,Sunstate,TL,2,V88 (Sunstate),1,
119,V37,37,7,15,2,37,2,CSIROW087,TL,2,V37 (CSIROW087),1,
120,V32,32,8,15,2,32,2,CSIROW023,TL,2,V32 (CSIROW023),1,
1,V33,33,9,1,1,33,1,CSIROW027,TL,3,V33 (CSIROW027),2,
2,V67,67,10,1,2,67,1,Mace,TL,3,V67 (Mace),2,
3,V16,16,11,1,1,16,1,Calingiri,TL,3,V16 (Calingiri),2,
4,V61,61,12,1,2,61,1,Janz,TL,3,V61 (Janz),2,
5,V17,17,13,1,1,17,1,Capstan,TL,3,V17 (Capstan),2,
6,V64,64,14,1,2,64,1,Kittyhawk,TL,3,V64 (Kittyhawk),2,
7,V62,62,15,1,2,62,1,Keel,TL,3,V62 (Keel),2,
8,V42,42,16,1,1,42,1,Derrimut,TL,3,V42 (Derrimut),2,
9,V53,53,9,2,2,53,1,Forrest,TL,3,V53 (Forrest),2,
10,V45,45,10,2,1,45,1,EGA_Hume,TL,3,V45 (EGA_Hume),2,
11,V96,96,11,2,1,96,1,Young,TL,3,V96 (Young),2,
12,V54,54,12,2,2,54,1,Franklin,TL,3,V54 (Franklin),2,
13,V80,80,13,2,1,80,1,Scout,TL,3,V80 (Scout),2,
14,V71,71,14,2,1,71,1,Navigator,TL,3,V71 (Navigator),2,
15,V25,25,15,2,1,25,1,CSIROW002,TL,3,V25 (CSIROW002),2,
16,V49,49,16,2,2,49,1,Emu_Rock,TL,3,V49 (Emu_Rock),2,
17,V82,82,9,3,1,82,1,Spitfire,TL,3,V82 (Spitfire),2,
18,V88,88,10,3,1,88,1,Sunstate,TL,3,V88 (Sunstate),2,
19,V3,3,11,3,1,3,1,Lancer,Control,3,V3 (Lancer),2,
20,V32,32,12,3,1,32,1,CSIROW023,TL,3,V32 (CSIROW023),2,
21,V55,55,13,3,2,55,1,Gairdner,TL,3,V55 (Gairdner),2,
22,V85,85,14,3,1,85,1,Sunbee,TL,3,V85 (Sunbee),2,
23,V50,50,15,3,2,50,1,Fathom,TL,3,V50 (Fathom),2,
24,V20,20,16,3,1,20,1,Commander,TL,3,V20 (Commander),2,
25,V13,13,9,4,1,13,1,Biere,TL,3,V13 (Biere),2,
26,V68,68,10,4,2,68,1,Magenta,TL,3,V68 (Magenta),2,
27,V30,30,11,4,1,30,1,CSIROW018,TL,3,V30 (CSIROW018),2,
28,V58,58,12,4,2,58,1,Grenade CL Plus,TL,3,V58 (Grenade CL Plus),2,
29,V76,76,13,4,1,76,1,Rosalind,TL,3,V76 (Rosalind),2,
30,V2,2,14,4,2,2,1,Beaufort,Control,3,V2 (Beaufort),2,
31,V12,12,15,4,1,12,1,Baudin,TL,3,V12 (Baudin),2,
32,V95,95,16,4,1,95,1,Yitpi,TL,3,V95 (Yitpi),2,
33,V84,84,9,5,1,84,1,Strzelecki,TL,3,V84 (Strzelecki),2,
34,V4,4,10,5,1,4,1,Spartacus CL,Control,3,V4 (Spartacus CL),2,
35,V66,66,11,5,2,66,1,Longsword,TL,3,V66 (Longsword),2,
36,V34,34,12,5,1,34,1,CSIROW029,TL,3,V34 (CSIROW029),2,
37,V43,43,13,5,1,43,1,EGA_Eaglehawk,TL,3,V43 (EGA_Eaglehawk),2,
38,V69,69,14,5,2,69,1,Merinda,TL,3,V69 (Merinda),2,
39,V10,10,15,5,1,10,1,Banks,TL,3,V10 (Banks),2,
40,V54,54,16,5,2,54,1,Franklin,TL,3,V54 (Franklin),2,
41,V65,65,9,6,2,65,1,Lockyer,TL,3,V65 (Lockyer),2,
42,V29,29,10,6,1,29,1,CSIROW011,TL,3,V29 (CSIROW011),2,
43,V37,37,11,6,1,37,1,CSIROW087,TL,3,V37 (CSIROW087),2,
44,V50,50,12,6,2,50,1,Fathom,TL,3,V50 (Fathom),2,
45,V94,94,13,6,1,94,1,Wyalkatchem,TL,3,V94 (Wyalkatchem),2,
46,V46,46,14,6,1,46,1,EGA_Wedgetail,TL,3,V46 (EGA_Wedgetail),2,
47,V59,59,15,6,2,59,1,Grout,TL,3,V59 (Grout),2,
48,V41,41,16,6,1,41,1,Dash,TL,3,V41 (Dash),2,
49,V59,59,9,7,2,59,1,Grout,TL,3,V59 (Grout),2,
50,V21,21,10,7,1,21,1,Compass,TL,3,V21 (Compass),2,
51,V72,72,11,7,1,72,1,Ouyen,TL,3,V72 (Ouyen),2,
52,V73,73,12,7,1,73,1,Oxford,TL,3,V73 (Oxford),2,
53,V53,53,13,7,2,53,1,Forrest,TL,3,V53 (Forrest),2,
54,V92,92,14,7,1,92,1,Westminster,TL,3,V92 (Westminster),2,
55,V61,61,15,7,2,61,1,Janz,TL,3,V61 (Janz),2,
56,V5,5,16,7,1,5,1,Manning,Control,3,V5 (Manning),2,
57,V74,74,9,8,1,74,1,Peake,TL,3,V74 (Peake),2,
58,V56,56,10,8,2,56,1,Gauntlet,TL,3,V56 (Gauntlet),2,
59,V1,1,11,8,2,1,1,RGT Planet,Control,3,V1 (RGT Planet),2,
60,V9,9,12,8,1,9,1,Axe,TL,3,V9 (Axe),2,
61,V24,24,13,8,1,24,1,CSIROB3,TL,3,V24 (CSIROB3),2,
62,V66,66,14,8,2,66,1,Longsword,TL,3,V66 (Longsword),2,
63,V35,35,15,8,1,35,1,CSIROW073,TL,3,V35 (CSIROW073),2,
64,V39,39,16,8,1,39,1,CSIROW105,TL,3,V39 (CSIROW105),2,
65,V49,49,9,9,2,49,1,Emu_Rock,TL,3,V49 (Emu_Rock),2,
66,V89,89,10,9,1,89,1,Suntop,TL,3,V89 (Suntop),2,
67,V48,48,11,9,1,48,1,Ellison,TL,3,V48 (Ellison),2,
68,V63,63,12,9,2,63,1,Kellalac,TL,3,V63 (Kellalac),2,
69,V51,51,13,9,2,51,1,Fleet,TL,3,V51 (Fleet),2,
70,V78,78,14,9,1,78,1,Schooner,TL,3,V78 (Schooner),2,
71,V14,14,15,9,1,14,1,Bolac,TL,3,V14 (Bolac),2,
72,V60,60,16,9,2,60,1,H45,TL,3,V60 (H45),2,
73,V81,81,9,10,1,81,1,Shepherd,TL,3,V81 (Shepherd),2,
74,V91,91,10,10,1,91,1,Urambie,TL,3,V91 (Urambie),2,
75,V55,55,11,10,2,55,1,Gairdner,TL,3,V55 (Gairdner),2,
76,V60,60,12,10,2,60,1,H45,TL,3,V60 (H45),2,
77,V31,31,13,10,1,31,1,CSIROW021,TL,3,V31 (CSIROW021),2,
78,V18,18,14,10,1,18,1,Cassiopee,TL,3,V18 (Cassiopee),2,
79,V93,93,15,10,1,93,1,Whistler,TL,3,V93 (Whistler),2,
80,V52,52,16,10,2,52,1,Flinders,TL,3,V52 (Flinders),2,
81,V38,38,9,11,1,38,1,CSIROW102,TL,3,V38 (CSIROW102),2,
82,V57,57,10,11,2,57,1,Granger,TL,3,V57 (Granger),2,
83,V83,83,11,11,1,83,1,Stirling,TL,3,V83 (Stirling),2,
84,V19,19,12,11,1,19,1,Catalina,TL,3,V19 (Catalina),2,
85,V68,68,13,11,2,68,1,Magenta,TL,3,V68 (Magenta),2,
86,V26,26,14,11,1,26,1,CSIROW003,TL,3,V26 (CSIROW003),2,
87,V3,3,15,11,1,3,1,Lancer,Control,3,V3 (Lancer),2,
88,V47,47,16,11,1,47,1,EGA_Wills,TL,3,V47 (EGA_Wills),2,
89,V75,75,9,12,1,75,1,Revenue,TL,3,V75 (Revenue),2,
90,V2,2,10,12,2,2,1,Beaufort,Control,3,V2 (Beaufort),2,
91,V7,7,11,12,1,7,1,AGT_Scythe,TL,3,V7 (AGT_Scythe),2,
92,V22,22,12,12,1,22,1,Crusader,TL,3,V22 (Crusader),2,
93,V63,63,13,12,2,63,1,Kellalac,TL,3,V63 (Kellalac),2,
94,V56,56,14,12,2,56,1,Gauntlet,TL,3,V56 (Gauntlet),2,
95,V23,23,15,12,1,23,1,CSIROB1,TL,3,V23 (CSIROB1),2,
96,V86,86,16,12,1,86,1,Sunbri,TL,3,V86 (Sunbri),2,
97,V69,69,9,13,2,69,1,Merinda,TL,3,V69 (Merinda),2,
98,V28,28,10,13,1,28,1,CSIROW007,TL,3,V28 (CSIROW007),2,
99,V79,79,11,13,1,79,1,Scope,TL,3,V79 (Scope),2,
100,V64,64,12,13,2,64,1,Kittyhawk,TL,3,V64 (Kittyhawk),2,
101,V65,65,13,13,2,65,1,Lockyer,TL,3,V65 (Lockyer),2,
102,V58,58,14,13,2,58,1,Grenade CL Plus,TL,3,V58 (Grenade CL Plus),2,
103,V11,11,15,13,1,11,1,Bass,TL,3,V11 (Bass),2,
104,V36,36,16,13,1,36,1,CSIROW077,TL,3,V36 (CSIROW077),2,
105,V27,27,9,14,1,27,1,CSIROW005,TL,3,V27 (CSIROW005),2,
106,V62,62,10,14,2,62,1,Keel,TL,3,V62 (Keel),2,
107,V8,8,11,14,1,8,1,Alestar,TL,3,V8 (Alestar),2,
108,V51,51,12,14,2,51,1,Fleet,TL,3,V51 (Fleet),2,
109,V44,44,13,14,1,44,1,EGA_Gregory,TL,3,V44 (EGA_Gregory),2,
110,V90,90,14,14,1,90,1,Trojan,TL,3,V90 (Trojan),2,
111,V57,57,15,14,2,57,1,Granger,TL,3,V57 (Granger),2,
112,V40,40,16,14,1,40,1,Cutlass,TL,3,V40 (Cutlass),2,
113,V70,70,9,15,1,70,1,Mitch,TL,3,V70 (Mitch),2,
114,V6,6,10,15,1,6,1,Scepter,Control,3,V6 (Scepter),2,
115,V52,52,11,15,2,52,1,Flinders,TL,3,V52 (Flinders),2,
116,V15,15,12,15,1,15,1,Braewood,TL,3,V15 (Braewood),2,
117,V1,1,13,15,2,1,1,RGT Planet,Control,3,V1 (RGT Planet),2,
118,V87,87,14,15,1,87,1,Sunlamb,TL,3,V87 (Sunlamb),2,
119,V77,77,15,15,1,77,1,Rosella,TL,3,V77 (Rosella),2,
120,V67,67,16,15,2,67,1,Mace,TL,3,V67 (Mace),2,
1,V52,52,17,1,2,52,1,Flinders,TL,7,V52 (Flinders),3,
2,V49,49,18,1,2,49,1,Emu_Rock,TL,7,V49 (Emu_Rock),3,
3,V8,8,19,1,1,8,1,Alestar,TL,7,V8 (Alestar),3,
4,V36,36,20,1,1,36,1,CSIROW077,TL,7,V36 (CSIROW077),3,
5,V92,92,21,1,1,92,1,Westminster,TL,7,V92 (Westminster),3,
6,V54,54,22,1,2,54,1,Franklin,TL,7,V54 (Franklin),3,
7,V47,47,23,1,2,47,1,EGA_Wills,TL,7,V47 (EGA_Wills),3,
8,V24,24,24,1,1,24,1,CSIROB3,TL,7,V24 (CSIROB3),3,
9,V26,26,17,2,1,26,1,CSIROW003,TL,7,V26 (CSIROW003),3,
10,V59,59,18,2,2,59,1,Grout,TL,7,V59 (Grout),3,
11,V5,5,19,2,1,5,1,Manning,Control,7,V5 (Manning),3,
12,V40,40,20,2,1,40,1,Cutlass,TL,7,V40 (Cutlass),3,
13,V62,62,21,2,2,62,1,Keel,TL,7,V62 (Keel),3,
14,V89,89,22,2,1,89,1,Suntop,TL,7,V89 (Suntop),3,
15,V67,67,23,2,1,67,1,Mace,TL,7,V67 (Mace),3,
16,V57,57,24,2,2,57,1,Granger,TL,7,V57 (Granger),3,
17,V88,88,17,3,1,88,1,Sunstate,TL,7,V88 (Sunstate),3,
18,V42,42,18,3,1,42,1,Derrimut,TL,7,V42 (Derrimut),3,
19,V43,43,19,3,2,43,1,EGA_Eaglehawk,TL,7,V43 (EGA_Eaglehawk),3,
20,V48,48,20,3,2,48,1,Ellison,TL,7,V48 (Ellison),3,
21,V11,11,21,3,1,11,1,Bass,TL,7,V11 (Bass),3,
22,V76,76,22,3,1,76,1,Rosalind,TL,7,V76 (Rosalind),3,
23,V1,1,23,3,2,1,1,RGT Planet,Control,7,V1 (RGT Planet),3,
24,V68,68,24,3,1,68,1,Magenta,TL,7,V68 (Magenta),3,
25,V54,54,17,4,2,54,1,Franklin,TL,7,V54 (Franklin),3,
26,V72,72,18,4,1,72,1,Ouyen,TL,7,V72 (Ouyen),3,
27,V44,44,19,4,2,44,1,EGA_Gregory,TL,7,V44 (EGA_Gregory),3,
28,V19,19,20,4,1,19,1,Catalina,TL,7,V19 (Catalina),3,
29,V66,66,21,4,1,66,1,Longsword,TL,7,V66 (Longsword),3,
30,V58,58,22,4,2,58,1,Grenade CL Plus,TL,7,V58 (Grenade CL Plus),3,
31,V77,77,23,4,1,77,1,Rosella,TL,7,V77 (Rosella),3,
32,V46,46,24,4,2,46,1,EGA_Wedgetail,TL,7,V46 (EGA_Wedgetail),3,
33,V86,86,17,5,1,86,1,Sunbri,TL,7,V86 (Sunbri),3,
34,V4,4,18,5,1,4,1,Spartacus CL,Control,7,V4 (Spartacus CL),3,
35,V22,22,19,5,1,22,1,Crusader,TL,7,V22 (Crusader),3,
36,V60,60,20,5,2,60,1,H45,TL,7,V60 (H45),3,
37,V61,61,21,5,2,61,1,Janz,TL,7,V61 (Janz),3,
38,V85,85,22,5,1,85,1,Sunbee,TL,7,V85 (Sunbee),3,
39,V37,37,23,5,1,37,1,CSIROW087,TL,7,V37 (CSIROW087),3,
40,V3,3,24,5,1,3,1,Lancer,Control,7,V3 (Lancer),3,
41,V56,56,17,6,2,56,1,Gauntlet,TL,7,V56 (Gauntlet),3,
42,V47,47,18,6,2,47,1,EGA_Wills,TL,7,V47 (EGA_Wills),3,
43,V73,73,19,6,1,73,1,Oxford,TL,7,V73 (Oxford),3,
44,V70,70,20,6,1,70,1,Mitch,TL,7,V70 (Mitch),3,
45,V59,59,21,6,2,59,1,Grout,TL,7,V59 (Grout),3,
46,V34,34,22,6,1,34,1,CSIROW029,TL,7,V34 (CSIROW029),3,
47,V82,82,23,6,1,82,1,Spitfire,TL,7,V82 (Spitfire),3,
48,V29,29,24,6,1,29,1,CSIROW011,TL,7,V29 (CSIROW011),3,
49,V15,15,17,7,1,15,1,Braewood,TL,7,V15 (Braewood),3,
50,V51,51,18,7,2,51,1,Fleet,TL,7,V51 (Fleet),3,
51,V1,1,19,7,2,1,1,RGT Planet,Control,7,V1 (RGT Planet),3,
52,V79,79,20,7,1,79,1,Scope,TL,7,V79 (Scope),3,
53,V41,41,21,7,1,41,1,Dash,TL,7,V41 (Dash),3,
54,V84,84,22,7,1,84,1,Strzelecki,TL,7,V84 (Strzelecki),3,
55,V44,44,23,7,2,44,1,EGA_Gregory,TL,7,V44 (EGA_Gregory),3,
56,V27,27,24,7,1,27,1,CSIROW005,TL,7,V27 (CSIROW005),3,
57,V58,58,17,8,2,58,1,Grenade CL Plus,TL,7,V58 (Grenade CL Plus),3,
58,V80,80,18,8,1,80,1,Scout,TL,7,V80 (Scout),3,
59,V64,64,19,8,1,64,1,Kittyhawk,TL,7,V64 (Kittyhawk),3,
60,V75,75,20,8,1,75,1,Revenue,TL,7,V75 (Revenue),3,
61,V90,90,21,8,1,90,1,Trojan,TL,7,V90 (Trojan),3,
62,V2,2,22,8,2,2,1,Beaufort,Control,7,V2 (Beaufort),3,
63,V53,53,23,8,2,53,1,Forrest,TL,7,V53 (Forrest),3,
64,V6,6,24,8,1,6,1,Scepter,Control,7,V6 (Scepter),3,
65,V87,87,17,9,1,87,1,Sunlamb,TL,7,V87 (Sunlamb),3,
66,V50,50,18,9,2,50,1,Fathom,TL,7,V50 (Fathom),3,
67,V18,18,19,9,1,18,1,Cassiopee,TL,7,V18 (Cassiopee),3,
68,V55,55,20,9,2,55,1,Gairdner,TL,7,V55 (Gairdner),3,
69,V95,95,21,9,1,95,1,Yitpi,TL,7,V95 (Yitpi),3,
70,V49,49,22,9,2,49,1,Emu_Rock,TL,7,V49 (Emu_Rock),3,
71,V65,65,23,9,1,65,1,Lockyer,TL,7,V65 (Lockyer),3,
72,V25,25,24,9,1,25,1,CSIROW002,TL,7,V25 (CSIROW002),3,
73,V69,69,17,10,1,69,1,Merinda,TL,7,V69 (Merinda),3,
74,V62,62,18,10,2,62,1,Keel,TL,7,V62 (Keel),3,
75,V45,45,19,10,2,45,1,EGA_Hume,TL,7,V45 (EGA_Hume),3,
76,V38,38,20,10,1,38,1,CSIROW102,TL,7,V38 (CSIROW102),3,
77,V63,63,21,10,2,63,1,Kellalac,TL,7,V63 (Kellalac),3,
78,V35,35,22,10,1,35,1,CSIROW073,TL,7,V35 (CSIROW073),3,
79,V9,9,23,10,1,9,1,Axe,TL,7,V9 (Axe),3,
80,V21,21,24,10,1,21,1,Compass,TL,7,V21 (Compass),3,
81,V83,83,17,11,1,83,1,Stirling,TL,7,V83 (Stirling),3,
82,V3,3,18,11,1,3,1,Lancer,Control,7,V3 (Lancer),3,
83,V13,13,19,11,1,13,1,Biere,TL,7,V13 (Biere),3,
84,V16,16,20,11,1,16,1,Calingiri,TL,7,V16 (Calingiri),3,
85,V33,33,21,11,1,33,1,CSIROW027,TL,7,V33 (CSIROW027),3,
86,V51,51,22,11,2,51,1,Fleet,TL,7,V51 (Fleet),3,
87,V96,96,23,11,1,96,1,Young,TL,7,V96 (Young),3,
88,V50,50,24,11,2,50,1,Fathom,TL,7,V50 (Fathom),3,
89,V53,53,17,12,2,53,1,Forrest,TL,7,V53 (Forrest),3,
90,V7,7,18,12,1,7,1,AGT_Scythe,TL,7,V7 (AGT_Scythe),3,
91,V94,94,19,12,1,94,1,Wyalkatchem,TL,7,V94 (Wyalkatchem),3,
92,V61,61,20,12,2,61,1,Janz,TL,7,V61 (Janz),3,
93,V56,56,21,12,2,56,1,Gauntlet,TL,7,V56 (Gauntlet),3,
94,V71,71,22,12,1,71,1,Navigator,TL,7,V71 (Navigator),3,
95,V48,48,23,12,2,48,1,Ellison,TL,7,V48 (Ellison),3,
96,V12,12,24,12,1,12,1,Baudin,TL,7,V12 (Baudin),3,
97,V23,23,17,13,1,23,1,CSIROB1,TL,7,V23 (CSIROB1),3,
98,V39,39,18,13,1,39,1,CSIROW105,TL,7,V39 (CSIROW105),3,
99,V2,2,19,13,2,2,1,Beaufort,Control,7,V2 (Beaufort),3,
100,V74,74,20,13,1,74,1,Peake,TL,7,V74 (Peake),3,
101,V28,28,21,13,1,28,1,CSIROW007,TL,7,V28 (CSIROW007),3,
102,V55,55,22,13,2,55,1,Gairdner,TL,7,V55 (Gairdner),3,
103,V91,91,23,13,1,91,1,Urambie,TL,7,V91 (Urambie),3,
104,V45,45,24,13,2,45,1,EGA_Hume,TL,7,V45 (EGA_Hume),3,
105,V20,20,17,14,1,20,1,Commander,TL,7,V20 (Commander),3,
106,V32,32,18,14,1,32,1,CSIROW023,TL,7,V32 (CSIROW023),3,
107,V63,63,19,14,2,63,1,Kellalac,TL,7,V63 (Kellalac),3,
108,V78,78,20,14,1,78,1,Schooner,TL,7,V78 (Schooner),3,
109,V43,43,21,14,2,43,1,EGA_Eaglehawk,TL,7,V43 (EGA_Eaglehawk),3,
110,V81,81,22,14,1,81,1,Shepherd,TL,7,V81 (Shepherd),3,
111,V52,52,23,14,2,52,1,Flinders,TL,7,V52 (Flinders),3,
112,V30,30,24,14,1,30,1,CSIROW018,TL,7,V30 (CSIROW018),3,
113,V57,57,17,15,2,57,1,Granger,TL,7,V57 (Granger),3,
114,V10,10,18,15,1,10,1,Banks,TL,7,V10 (Banks),3,
115,V31,31,19,15,1,31,1,CSIROW021,TL,7,V31 (CSIROW021),3,
116,V46,46,20,15,2,46,1,EGA_Wedgetail,TL,7,V46 (EGA_Wedgetail),3,
117,V93,93,21,15,1,93,1,Whistler,TL,7,V93 (Whistler),3,
118,V17,17,22,15,1,17,1,Capstan,TL,7,V17 (Capstan),3,
119,V14,14,23,15,1,14,1,Bolac,TL,7,V14 (Bolac),3,
120,V60,60,24,15,2,60,1,H45,TL,7,V60 (H45),3,
1,V35,35,25,1,1,35,1,CSIROW073,TL,4,V35 (CSIROW073),4,
2,V10,10,26,1,1,10,1,Banks,TL,4,V10 (Banks),4,
3,V23,23,27,1,1,23,1,CSIROB1,TL,4,V23 (CSIROB1),4,
4,V88,88,28,1,2,88,1,Sunstate,TL,4,V88 (Sunstate),4,
5,V87,87,29,1,2,87,1,Sunlamb,TL,4,V87 (Sunlamb),4,
6,V51,51,30,1,1,51,1,Fleet,TL,4,V51 (Fleet),4,
7,V21,21,31,1,1,21,1,Compass,TL,4,V21 (Compass),4,subset\u0007
8,V4,4,32,1,1,4,1,Spartacus CL,Control,4,V4 (Spartacus CL),4,subset\u0007
9,V89,89,25,2,2,89,1,Suntop,TL,4,V89 (Suntop),4,subset\u0007
10,V76,76,26,2,2,76,1,Rosalind,TL,4,V76 (Rosalind),4,
11,V9,9,27,2,1,9,1,Axe,TL,4,V9 (Axe),4,subset\u0007
12,V37,37,28,2,1,37,1,CSIROW087,TL,4,V37 (CSIROW087),4,
13,V59,59,29,2,1,59,1,Grout,TL,4,V59 (Grout),4,
14,V72,72,30,2,2,72,1,Ouyen,TL,4,V72 (Ouyen),4,
15,V36,36,31,2,1,36,1,CSIROW077,TL,4,V36 (CSIROW077),4,
16,V96,96,32,2,1,96,1,Young,TL,4,V96 (Young),4,
17,V90,90,25,3,2,90,1,Trojan,TL,4,V90 (Trojan),4,subset\u0007
18,V2,2,26,3,2,2,1,Beaufort,Control,4,V2 (Beaufort),4,subset\u0007
19,V79,79,27,3,2,79,1,Scope,TL,4,V79 (Scope),4,
20,V24,24,28,3,1,24,1,CSIROB3,TL,4,V24 (CSIROB3),4,
21,V75,75,29,3,2,75,1,Revenue,TL,4,V75 (Revenue),4,
22,V92,92,30,3,1,92,1,Westminster,TL,4,V92 (Westminster),4,
23,V95,95,31,3,1,95,1,Yitpi,TL,4,V95 (Yitpi),4,
24,V43,43,32,3,1,43,1,EGA_Eaglehawk,TL,4,V43 (EGA_Eaglehawk),4,
25,V40,40,25,4,1,40,1,Cutlass,TL,4,V40 (Cutlass),4,subset\u0007
26,V80,80,26,4,2,80,1,Scout,TL,4,V80 (Scout),4,
27,V8,8,27,4,1,8,1,Alestar,TL,4,V8 (Alestar),4,
28,V74,74,28,4,2,74,1,Peake,TL,4,V74 (Peake),4,
29,V31,31,29,4,1,31,1,CSIROW021,TL,4,V31 (CSIROW021),4,
30,V67,67,30,4,1,67,1,Mace,TL,4,V67 (Mace),4,subset\u0007
31,V81,81,31,4,2,81,1,Shepherd,TL,4,V81 (Shepherd),4,
32,V83,83,32,4,2,83,1,Stirling,TL,4,V83 (Stirling),4,
33,V70,70,25,5,2,70,1,Mitch,TL,4,V70 (Mitch),4,
34,V84,84,26,5,2,84,1,Strzelecki,TL,4,V84 (Strzelecki),4,
35,V42,42,27,5,1,42,1,Derrimut,TL,4,V42 (Derrimut),4,
36,V94,94,28,5,1,94,1,Wyalkatchem,TL,4,V94 (Wyalkatchem),4,
37,V19,19,29,5,1,19,1,Catalina,TL,4,V19 (Catalina),4,
38,V44,44,30,5,1,44,1,EGA_Gregory,TL,4,V44 (EGA_Gregory),4,subset\u0007
39,V71,71,31,5,2,71,1,Navigator,TL,4,V71 (Navigator),4,
40,V69,69,32,5,1,69,1,Merinda,TL,4,V69 (Merinda),4,
41,V66,66,25,6,1,66,1,Longsword,TL,4,V66 (Longsword),4,
42,V26,26,26,6,1,26,1,CSIROW003,TL,4,V26 (CSIROW003),4,
43,V4,4,27,6,1,4,1,Spartacus CL,Control,4,V4 (Spartacus CL),4,subset\u0007
44,V62,62,28,6,1,62,1,Keel,TL,4,V62 (Keel),4,
45,V79,79,29,6,2,79,1,Scope,TL,4,V79 (Scope),4,
46,V13,13,30,6,1,13,1,Biere,TL,4,V13 (Biere),4,
47,V20,20,31,6,1,20,1,Commander,TL,4,V20 (Commander),4,subset\u0007
48,V89,89,32,6,2,89,1,Suntop,TL,4,V89 (Suntop),4,subset\u0007
49,V5,5,25,7,1,5,1,Manning,Control,4,V5 (Manning),4,subset\u0007
50,V27,27,26,7,1,27,1,CSIROW005,TL,4,V27 (CSIROW005),4,
51,V17,17,27,7,1,17,1,Capstan,TL,4,V17 (Capstan),4,
52,V18,18,28,7,1,18,1,Cassiopee,TL,4,V18 (Cassiopee),4,
53,V90,90,29,7,2,90,1,Trojan,TL,4,V90 (Trojan),4,subset\u0007
54,V84,84,30,7,2,84,1,Strzelecki,TL,4,V84 (Strzelecki),4,
55,V57,57,31,7,1,57,1,Granger,TL,4,V57 (Granger),4,
56,V3,3,32,7,1,3,1,Lancer,Control,4,V3 (Lancer),4,subset\u0007
57,V53,53,25,8,1,53,1,Forrest,TL,4,V53 (Forrest),4,
58,V52,52,26,8,1,52,1,Flinders,TL,4,V52 (Flinders),4,
59,V86,86,27,8,2,86,1,Sunbri,TL,4,V86 (Sunbri),4,
60,V87,87,28,8,2,87,1,Sunlamb,TL,4,V87 (Sunlamb),4,
61,V64,64,29,8,1,64,1,Kittyhawk,TL,4,V64 (Kittyhawk),4,subset\u0007
62,V6,6,30,8,1,6,1,Scepter,Control,4,V6 (Scepter),4,subset\u0007
63,V12,12,31,8,1,12,1,Baudin,TL,4,V12 (Baudin),4,
64,V46,46,32,8,1,46,1,EGA_Wedgetail,TL,4,V46 (EGA_Wedgetail),4,
65,V91,91,25,9,1,91,1,Urambie,TL,4,V91 (Urambie),4,subset\u0007
66,V71,71,26,9,2,71,1,Navigator,TL,4,V71 (Navigator),4,
67,V61,61,27,9,1,61,1,Janz,TL,4,V61 (Janz),4,
68,V48,48,28,9,1,48,1,Ellison,TL,4,V48 (Ellison),4,
69,V77,77,29,9,2,77,1,Rosella,TL,4,V77 (Rosella),4,
70,V38,38,30,9,1,38,1,CSIROW102,TL,4,V38 (CSIROW102),4,
71,V73,73,31,9,2,73,1,Oxford,TL,4,V73 (Oxford),4,
72,V22,22,32,9,1,22,1,Crusader,TL,4,V22 (Crusader),4,
73,V77,77,25,10,2,77,1,Rosella,TL,4,V77 (Rosella),4,
74,V60,60,26,10,1,60,1,H45,TL,4,V60 (H45),4,
75,V41,41,27,10,1,41,1,Dash,TL,4,V41 (Dash),4,
76,V83,83,28,10,2,83,1,Stirling,TL,4,V83 (Stirling),4,
77,V30,30,29,10,1,30,1,CSIROW018,TL,4,V30 (CSIROW018),4,
78,V33,33,30,10,1,33,1,CSIROW027,TL,4,V33 (CSIROW027),4,
79,V25,25,31,10,1,25,1,CSIROW002,TL,4,V25 (CSIROW002),4,
80,V88,88,32,10,2,88,1,Sunstate,TL,4,V88 (Sunstate),4,
81,V50,50,25,11,1,50,1,Fathom,TL,4,V50 (Fathom),4,subset\u0007
82,V39,39,26,11,1,39,1,CSIROW105,TL,4,V39 (CSIROW105),4,
83,V34,34,27,11,1,34,1,CSIROW029,TL,4,V34 (CSIROW029),4,
84,V85,85,28,11,2,85,1,Sunbee,TL,4,V85 (Sunbee),4,
85,V58,58,29,11,1,58,1,Grenade CL Plus,TL,4,V58 (Grenade CL Plus),4,
86,V5,5,30,11,1,5,1,Manning,Control,4,V5 (Manning),4,subset\u0007
87,V74,74,31,11,2,74,1,Peake,TL,4,V74 (Peake),4,
88,V15,15,32,11,1,15,1,Braewood,TL,4,V15 (Braewood),4,
89,V65,65,25,12,1,65,1,Lockyer,TL,4,V65 (Lockyer),4,
90,V73,73,26,12,2,73,1,Oxford,TL,4,V73 (Oxford),4,
91,V75,75,27,12,2,75,1,Revenue,TL,4,V75 (Revenue),4,
92,V7,7,28,12,1,7,1,AGT_Scythe,TL,4,V7 (AGT_Scythe),4,
93,V82,82,29,12,2,82,1,Spitfire,TL,4,V82 (Spitfire),4,
94,V56,56,30,12,1,56,1,Gauntlet,TL,4,V56 (Gauntlet),4,
95,V78,78,31,12,2,78,1,Schooner,TL,4,V78 (Schooner),4,
96,V68,68,32,12,1,68,1,Magenta,TL,4,V68 (Magenta),4,
97,V78,78,25,13,2,78,1,Schooner,TL,4,V78 (Schooner),4,
98,V14,14,26,13,1,14,1,Bolac,TL,4,V14 (Bolac),4,
99,V49,49,27,13,1,49,1,Emu_Rock,TL,4,V49 (Emu_Rock),4,
100,V6,6,28,13,1,6,1,Scepter,Control,4,V6 (Scepter),4,subset\u0007
101,V93,93,29,13,1,93,1,Whistler,TL,4,V93 (Whistler),4,
102,V85,85,30,13,2,85,1,Sunbee,TL,4,V85 (Sunbee),4,
103,V54,54,31,13,1,54,1,Franklin,TL,4,V54 (Franklin),4,
104,V55,55,32,13,1,55,1,Gairdner,TL,4,V55 (Gairdner),4,
105,V47,47,25,14,1,47,1,EGA_Wills,TL,4,V47 (EGA_Wills),4,
106,V82,82,26,14,2,82,1,Spitfire,TL,4,V82 (Spitfire),4,
107,V28,28,27,14,1,28,1,CSIROW007,TL,4,V28 (CSIROW007),4,
108,V32,32,28,14,1,32,1,CSIROW023,TL,4,V32 (CSIROW023),4,
109,V76,76,29,14,2,76,1,Rosalind,TL,4,V76 (Rosalind),4,
110,V1,1,30,14,2,1,1,RGT Planet,Control,4,V1 (RGT Planet),4,subset\u0007
111,V16,16,31,14,1,16,1,Calingiri,TL,4,V16 (Calingiri),4,
112,V80,80,32,14,2,80,1,Scout,TL,4,V80 (Scout),4,
113,V72,72,25,15,2,72,1,Ouyen,TL,4,V72 (Ouyen),4,
114,V63,63,26,15,1,63,1,Kellalac,TL,4,V63 (Kellalac),4,
115,V81,81,27,15,2,81,1,Shepherd,TL,4,V81 (Shepherd),4,
116,V45,45,28,15,1,45,1,EGA_Hume,TL,4,V45 (EGA_Hume),4,
117,V29,29,29,15,1,29,1,CSIROW011,TL,4,V29 (CSIROW011),4,
118,V86,86,30,15,2,86,1,Sunbri,TL,4,V86 (Sunbri),4,
119,V70,70,31,15,2,70,1,Mitch,TL,4,V70 (Mitch),4,
120,V11,11,32,15,1,11,1,Bass,TL,4,V11 (Bass),4,
1,V96,96,33,1,1,96,1,Young,TL,6,V96 (Young),5,
2,V31,31,34,1,2,31,1,CSIROW021,TL,6,V31 (CSIROW021),5,
3,V37,37,35,1,2,37,1,CSIROW087,TL,6,V37 (CSIROW087),5,
4,V46,46,36,1,1,46,1,EGA_Wedgetail,TL,6,V46 (EGA_Wedgetail),5,
5,V88,88,37,1,1,88,1,Sunstate,TL,6,V88 (Sunstate),5,
6,V34,34,38,1,2,34,1,CSIROW029,TL,6,V34 (CSIROW029),5,
7,V10,10,39,1,1,10,1,Banks,TL,6,V10 (Banks),5,
8,V66,66,40,1,1,66,1,Longsword,TL,6,V66 (Longsword),5,
9,V20,20,33,2,1,20,1,Commander,TL,6,V20 (Commander),5,
10,V51,51,34,2,1,51,1,Fleet,TL,6,V51 (Fleet),5,
11,V52,52,35,2,1,52,1,Flinders,TL,6,V52 (Flinders),5,
12,V42,42,36,2,2,42,1,Derrimut,TL,6,V42 (Derrimut),5,
13,V6,6,37,2,1,6,1,Scepter,Control,6,V6 (Scepter),5,
14,V61,61,38,2,1,61,1,Janz,TL,6,V61 (Janz),5,
15,V35,35,39,2,2,35,1,CSIROW073,TL,6,V35 (CSIROW073),5,
16,V49,49,40,2,1,49,1,Emu_Rock,TL,6,V49 (Emu_Rock),5,
17,V33,33,33,3,2,33,1,CSIROW027,TL,6,V33 (CSIROW027),5,
18,V48,48,34,3,1,48,1,Ellison,TL,6,V48 (Ellison),5,
19,V22,22,35,3,2,22,1,Crusader,TL,6,V22 (Crusader),5,
20,V62,62,36,3,1,62,1,Keel,TL,6,V62 (Keel),5,
21,V93,93,37,3,1,93,1,Whistler,TL,6,V93 (Whistler),5,
22,V70,70,38,3,1,70,1,Mitch,TL,6,V70 (Mitch),5,
23,V79,79,39,3,1,79,1,Scope,TL,6,V79 (Scope),5,
24,V39,39,40,3,2,39,1,CSIROW105,TL,6,V39 (CSIROW105),5,
25,V91,91,33,4,1,91,1,Urambie,TL,6,V91 (Urambie),5,
26,V28,28,34,4,2,28,1,CSIROW007,TL,6,V28 (CSIROW007),5,
27,V75,75,35,4,1,75,1,Revenue,TL,6,V75 (Revenue),5,
28,V95,95,36,4,1,95,1,Yitpi,TL,6,V95 (Yitpi),5,
29,V43,43,37,4,1,43,1,EGA_Eaglehawk,TL,6,V43 (EGA_Eaglehawk),5,
30,V4,4,38,4,1,4,1,Spartacus CL,Control,6,V4 (Spartacus CL),5,
31,V31,31,39,4,2,31,1,CSIROW021,TL,6,V31 (CSIROW021),5,
32,V57,57,40,4,1,57,1,Granger,TL,6,V57 (Granger),5,
33,V23,23,33,5,2,23,1,CSIROB1,TL,6,V23 (CSIROB1),5,
34,V14,14,34,5,1,14,1,Bolac,TL,6,V14 (Bolac),5,
35,V25,25,35,5,2,25,1,CSIROW002,TL,6,V25 (CSIROW002),5,
36,V16,16,36,5,1,16,1,Calingiri,TL,6,V16 (Calingiri),5,
37,V41,41,37,5,2,41,1,Dash,TL,6,V41 (Dash),5,
38,V60,60,38,5,1,60,1,H45,TL,6,V60 (H45),5,
39,V68,68,39,5,1,68,1,Magenta,TL,6,V68 (Magenta),5,
40,V63,63,40,5,1,63,1,Kellalac,TL,6,V63 (Kellalac),5,
41,V45,45,33,6,1,45,1,EGA_Hume,TL,6,V45 (EGA_Hume),5,
42,V34,34,34,6,2,34,1,CSIROW029,TL,6,V34 (CSIROW029),5,
43,V72,72,35,6,1,72,1,Ouyen,TL,6,V72 (Ouyen),5,
44,V29,29,36,6,2,29,1,CSIROW011,TL,6,V29 (CSIROW011),5,
45,V71,71,37,6,1,71,1,Navigator,TL,6,V71 (Navigator),5,
46,V32,32,38,6,2,32,1,CSIROW023,TL,6,V32 (CSIROW023),5,
47,V44,44,39,6,1,44,1,EGA_Gregory,TL,6,V44 (EGA_Gregory),5,
48,V40,40,40,6,2,40,1,Cutlass,TL,6,V40 (Cutlass),5,
49,V32,32,33,7,2,32,1,CSIROW023,TL,6,V32 (CSIROW023),5,
50,V21,21,34,7,1,21,1,Compass,TL,6,V21 (Compass),5,
51,V30,30,35,7,2,30,1,CSIROW018,TL,6,V30 (CSIROW018),5,
52,V8,8,36,7,1,8,1,Alestar,TL,6,V8 (Alestar),5,
53,V1,1,37,7,2,1,1,RGT Planet,Control,6,V1 (RGT Planet),5,
54,V25,25,38,7,2,25,1,CSIROW002,TL,6,V25 (CSIROW002),5,
55,V26,26,39,7,2,26,1,CSIROW003,TL,6,V26 (CSIROW003),5,
56,V94,94,40,7,1,94,1,Wyalkatchem,TL,6,V94 (Wyalkatchem),5,
57,V67,67,33,8,1,67,1,Mace,TL,6,V67 (Mace),5,
58,V6,6,34,8,1,6,1,Scepter,Control,6,V6 (Scepter),5,
59,V74,74,35,8,1,74,1,Peake,TL,6,V74 (Peake),5,
60,V83,83,36,8,1,83,1,Stirling,TL,6,V83 (Stirling),5,
61,V38,38,37,8,2,38,1,CSIROW102,TL,6,V38 (CSIROW102),5,
62,V37,37,38,8,2,37,1,CSIROW087,TL,6,V37 (CSIROW087),5,
63,V76,76,39,8,1,76,1,Rosalind,TL,6,V76 (Rosalind),5,
64,V89,89,40,8,1,89,1,Suntop,TL,6,V89 (Suntop),5,
65,V84,84,33,9,1,84,1,Strzelecki,TL,6,V84 (Strzelecki),5,
66,V54,54,34,9,1,54,1,Franklin,TL,6,V54 (Franklin),5,
67,V41,41,35,9,2,41,1,Dash,TL,6,V41 (Dash),5,
68,V24,24,36,9,2,24,1,CSIROB3,TL,6,V24 (CSIROB3),5,
69,V42,42,37,9,2,42,1,Derrimut,TL,6,V42 (Derrimut),5,
70,V11,11,38,9,1,11,1,Bass,TL,6,V11 (Bass),5,
71,V9,9,39,9,1,9,1,Axe,TL,6,V9 (Axe),5,
72,V58,58,40,9,1,58,1,Grenade CL Plus,TL,6,V58 (Grenade CL Plus),5,
73,V86,86,33,10,1,86,1,Sunbri,TL,6,V86 (Sunbri),5,
74,V27,27,34,10,2,27,1,CSIROW005,TL,6,V27 (CSIROW005),5,
75,V12,12,35,10,1,12,1,Baudin,TL,6,V12 (Baudin),5,
76,V5,5,36,10,1,5,1,Manning,Control,6,V5 (Manning),5,
77,V69,69,37,10,1,69,1,Merinda,TL,6,V69 (Merinda),5,
78,V85,85,38,10,1,85,1,Sunbee,TL,6,V85 (Sunbee),5,
79,V28,28,39,10,2,28,1,CSIROW007,TL,6,V28 (CSIROW007),5,
80,V50,50,40,10,1,50,1,Fathom,TL,6,V50 (Fathom),5,
81,V78,78,33,11,1,78,1,Schooner,TL,6,V78 (Schooner),5,
82,V80,80,34,11,1,80,1,Scout,TL,6,V80 (Scout),5,
83,V64,64,35,11,1,64,1,Kittyhawk,TL,6,V64 (Kittyhawk),5,
84,V40,40,36,11,2,40,1,Cutlass,TL,6,V40 (Cutlass),5,
85,V77,77,37,11,1,77,1,Rosella,TL,6,V77 (Rosella),5,
86,V24,24,38,11,2,24,1,CSIROB3,TL,6,V24 (CSIROB3),5,
87,V17,17,39,11,1,17,1,Capstan,TL,6,V17 (Capstan),5,
88,V22,22,40,11,2,22,1,Crusader,TL,6,V22 (Crusader),5,
89,V39,39,33,12,2,39,1,CSIROW105,TL,6,V39 (CSIROW105),5,
90,V38,38,34,12,2,38,1,CSIROW102,TL,6,V38 (CSIROW102),5,
91,V3,3,35,12,1,3,1,Lancer,Control,6,V3 (Lancer),5,
92,V73,73,36,12,1,73,1,Oxford,TL,6,V73 (Oxford),5,
93,V23,23,37,12,2,23,1,CSIROB1,TL,6,V23 (CSIROB1),5,
94,V15,15,38,12,1,15,1,Braewood,TL,6,V15 (Braewood),5,
95,V56,56,39,12,1,56,1,Gauntlet,TL,6,V56 (Gauntlet),5,
96,V36,36,40,12,2,36,1,CSIROW077,TL,6,V36 (CSIROW077),5,
97,V65,65,33,13,1,65,1,Lockyer,TL,6,V65 (Lockyer),5,
98,V87,87,34,13,1,87,1,Sunlamb,TL,6,V87 (Sunlamb),5,
99,V4,4,35,13,1,4,1,Spartacus CL,Control,6,V4 (Spartacus CL),5,
100,V82,82,36,13,1,82,1,Spitfire,TL,6,V82 (Spitfire),5,
101,V59,59,37,13,1,59,1,Grout,TL,6,V59 (Grout),5,
102,V33,33,38,13,2,33,1,CSIROW027,TL,6,V33 (CSIROW027),5,
103,V30,30,39,13,2,30,1,CSIROW018,TL,6,V30 (CSIROW018),5,
104,V53,53,40,13,1,53,1,Forrest,TL,6,V53 (Forrest),5,
105,V92,92,33,14,1,92,1,Westminster,TL,6,V92 (Westminster),5,
106,V36,36,34,14,2,36,1,CSIROW077,TL,6,V36 (CSIROW077),5,
107,V13,13,35,14,1,13,1,Biere,TL,6,V13 (Biere),5,
108,V81,81,36,14,1,81,1,Shepherd,TL,6,V81 (Shepherd),5,
109,V2,2,37,14,2,2,1,Beaufort,Control,6,V2 (Beaufort),5,
110,V27,27,38,14,2,27,1,CSIROW005,TL,6,V27 (CSIROW005),5,
111,V47,47,39,14,1,47,1,EGA_Wills,TL,6,V47 (EGA_Wills),5,
112,V29,29,40,14,2,29,1,CSIROW011,TL,6,V29 (CSIROW011),5,
113,V26,26,33,15,2,26,1,CSIROW003,TL,6,V26 (CSIROW003),5,
114,V7,7,34,15,1,7,1,AGT_Scythe,TL,6,V7 (AGT_Scythe),5,
115,V55,55,35,15,1,55,1,Gairdner,TL,6,V55 (Gairdner),5,
116,V35,35,36,15,2,35,1,CSIROW073,TL,6,V35 (CSIROW073),5,
117,V19,19,37,15,1,19,1,Catalina,TL,6,V19 (Catalina),5,
118,V18,18,38,15,1,18,1,Cassiopee,TL,6,V18 (Cassiopee),5,
119,V5,5,39,15,1,5,1,Manning,Control,6,V5 (Manning),5,
120,V90,90,40,15,1,90,1,Trojan,TL,6,V90 (Trojan),5,
1,V75,75,41,1,1,75,1,Revenue,TL,5,V75 (Revenue),6,
2,V92,92,42,1,2,92,1,Westminster,TL,5,V92 (Westminster),6,
3,V14,14,43,1,2,14,1,Bolac,TL,5,V14 (Bolac),6,
4,V84,84,44,1,1,84,1,Strzelecki,TL,5,V84 (Strzelecki),6,
5,V19,19,45,1,2,19,1,Catalina,TL,5,V19 (Catalina),6,
6,V96,96,46,1,2,96,1,Young,TL,5,V96 (Young),6,
7,V77,77,47,1,1,77,1,Rosella,TL,5,V77 (Rosella),6,
8,V82,82,48,1,1,82,1,Spitfire,TL,5,V82 (Spitfire),6,
9,V72,72,41,2,1,72,1,Ouyen,TL,5,V72 (Ouyen),6,
10,V2,2,42,2,2,2,1,Beaufort,Control,5,V2 (Beaufort),6,
11,V7,7,43,2,2,7,1,AGT_Scythe,TL,5,V7 (AGT_Scythe),6,
12,V34,34,44,2,1,34,1,CSIROW029,TL,5,V34 (CSIROW029),6,
13,V49,49,45,2,1,49,1,Emu_Rock,TL,5,V49 (Emu_Rock),6,
14,V52,52,46,2,1,52,1,Flinders,TL,5,V52 (Flinders),6,
15,V28,28,47,2,1,28,1,CSIROW007,TL,5,V28 (CSIROW007),6,
16,V20,20,48,2,2,20,1,Commander,TL,5,V20 (Commander),6,
17,V5,5,41,3,1,5,1,Manning,Control,5,V5 (Manning),6,
18,V55,55,42,3,1,55,1,Gairdner,TL,5,V55 (Gairdner),6,
19,V53,53,43,3,1,53,1,Forrest,TL,5,V53 (Forrest),6,
20,V15,15,44,3,2,15,1,Braewood,TL,5,V15 (Braewood),6,
21,V6,6,45,3,1,6,1,Scepter,Control,5,V6 (Scepter),6,
22,V95,95,46,3,2,95,1,Yitpi,TL,5,V95 (Yitpi),6,
23,V12,12,47,3,2,12,1,Baudin,TL,5,V12 (Baudin),6,
24,V90,90,48,3,1,90,1,Trojan,TL,5,V90 (Trojan),6,
25,V54,54,41,4,1,54,1,Franklin,TL,5,V54 (Franklin),6,
26,V12,12,42,4,2,12,1,Baudin,TL,5,V12 (Baudin),6,
27,V26,26,43,4,1,26,1,CSIROW003,TL,5,V26 (CSIROW003),6,
28,V91,91,44,4,2,91,1,Urambie,TL,5,V91 (Urambie),6,
29,V47,47,45,4,1,47,1,EGA_Wills,TL,5,V47 (EGA_Wills),6,
30,V89,89,46,4,1,89,1,Suntop,TL,5,V89 (Suntop),6,
31,V73,73,47,4,1,73,1,Oxford,TL,5,V73 (Oxford),6,
32,V2,2,48,4,2,2,1,Beaufort,Control,5,V2 (Beaufort),6,
33,V11,11,41,5,2,11,1,Bass,TL,5,V11 (Bass),6,
34,V23,23,42,5,1,23,1,CSIROB1,TL,5,V23 (CSIROB1),6,
35,V31,31,43,5,1,31,1,CSIROW021,TL,5,V31 (CSIROW021),6,
36,V81,81,44,5,1,81,1,Shepherd,TL,5,V81 (Shepherd),6,
37,V13,13,45,5,2,13,1,Biere,TL,5,V13 (Biere),6,
38,V21,21,46,5,2,21,1,Compass,TL,5,V21 (Compass),6,
39,V66,66,47,5,1,66,1,Longsword,TL,5,V66 (Longsword),6,
40,V45,45,48,5,1,45,1,EGA_Hume,TL,5,V45 (EGA_Hume),6,
41,V50,50,41,6,1,50,1,Fathom,TL,5,V50 (Fathom),6,
42,V64,64,42,6,1,64,1,Kittyhawk,TL,5,V64 (Kittyhawk),6,
43,V58,58,43,6,1,58,1,Grenade CL Plus,TL,5,V58 (Grenade CL Plus),6,
44,V1,1,44,6,2,1,1,RGT Planet,Control,5,V1 (RGT Planet),6,
45,V36,36,45,6,1,36,1,CSIROW077,TL,5,V36 (CSIROW077),6,
46,V8,8,46,6,2,8,1,Alestar,TL,5,V8 (Alestar),6,
47,V94,94,47,6,2,94,1,Wyalkatchem,TL,5,V94 (Wyalkatchem),6,
48,V60,60,48,6,1,60,1,H45,TL,5,V60 (H45),6,
49,V86,86,41,7,1,86,1,Sunbri,TL,5,V86 (Sunbri),6,
50,V63,63,42,7,1,63,1,Kellalac,TL,5,V63 (Kellalac),6,
51,V20,20,43,7,2,20,1,Commander,TL,5,V20 (Commander),6,
52,V38,38,44,7,1,38,1,CSIROW102,TL,5,V38 (CSIROW102),6,
53,V1,1,45,7,2,1,1,RGT Planet,Control,5,V1 (RGT Planet),6,
54,V85,85,46,7,1,85,1,Sunbee,TL,5,V85 (Sunbee),6,
55,V33,33,47,7,1,33,1,CSIROW027,TL,5,V33 (CSIROW027),6,
56,V14,14,48,7,2,14,1,Bolac,TL,5,V14 (Bolac),6,
57,V30,30,41,8,1,30,1,CSIROW018,TL,5,V30 (CSIROW018),6,
58,V83,83,42,8,1,83,1,Stirling,TL,5,V83 (Stirling),6,
59,V96,96,43,8,2,96,1,Young,TL,5,V96 (Young),6,
60,V9,9,44,8,2,9,1,Axe,TL,5,V9 (Axe),6,
61,V67,67,45,8,1,67,1,Mace,TL,5,V67 (Mace),6,
62,V22,22,46,8,1,22,1,Crusader,TL,5,V22 (Crusader),6,
63,V18,18,47,8,2,18,1,Cassiopee,TL,5,V18 (Cassiopee),6,
64,V29,29,48,8,1,29,1,CSIROW011,TL,5,V29 (CSIROW011),6,
65,V10,10,41,9,2,10,1,Banks,TL,5,V10 (Banks),6,
66,V8,8,42,9,2,8,1,Alestar,TL,5,V8 (Alestar),6,
67,V48,48,43,9,1,48,1,Ellison,TL,5,V48 (Ellison),6,
68,V42,42,44,9,1,42,1,Derrimut,TL,5,V42 (Derrimut),6,
69,V93,93,45,9,2,93,1,Whistler,TL,5,V93 (Whistler),6,
70,V69,69,46,9,1,69,1,Merinda,TL,5,V69 (Merinda),6,
71,V17,17,47,9,2,17,1,Capstan,TL,5,V17 (Capstan),6,
72,V79,79,48,9,1,79,1,Scope,TL,5,V79 (Scope),6,
73,V17,17,41,10,2,17,1,Capstan,TL,5,V17 (Capstan),6,
74,V37,37,42,10,1,37,1,CSIROW087,TL,5,V37 (CSIROW087),6,
75,V70,70,43,10,1,70,1,Mitch,TL,5,V70 (Mitch),6,
76,V95,95,44,10,2,95,1,Yitpi,TL,5,V95 (Yitpi),6,
77,V56,56,45,10,1,56,1,Gauntlet,TL,5,V56 (Gauntlet),6,
78,V3,3,46,10,1,3,1,Lancer,Control,5,V3 (Lancer),6,
79,V78,78,47,10,1,78,1,Schooner,TL,5,V78 (Schooner),6,
80,V76,76,48,10,1,76,1,Rosalind,TL,5,V76 (Rosalind),6,
81,V88,88,41,11,1,88,1,Sunstate,TL,5,V88 (Sunstate),6,
82,V93,93,42,11,2,93,1,Whistler,TL,5,V93 (Whistler),6,
83,V46,46,43,11,1,46,1,EGA_Wedgetail,TL,5,V46 (EGA_Wedgetail),6,
84,V80,80,44,11,1,80,1,Scout,TL,5,V80 (Scout),6,
85,V92,92,45,11,2,92,1,Westminster,TL,5,V92 (Westminster),6,
86,V51,51,46,11,1,51,1,Fleet,TL,5,V51 (Fleet),6,
87,V27,27,47,11,1,27,1,CSIROW005,TL,5,V27 (CSIROW005),6,
88,V91,91,48,11,2,91,1,Urambie,TL,5,V91 (Urambie),6,
89,V13,13,41,12,2,13,1,Biere,TL,5,V13 (Biere),6,
90,V16,16,42,12,2,16,1,Calingiri,TL,5,V16 (Calingiri),6,
91,V61,61,43,12,1,61,1,Janz,TL,5,V61 (Janz),6,
92,V24,24,44,12,1,24,1,CSIROB3,TL,5,V24 (CSIROB3),6,
93,V68,68,45,12,1,68,1,Magenta,TL,5,V68 (Magenta),6,
94,V57,57,46,12,1,57,1,Granger,TL,5,V57 (Granger),6,
95,V10,10,47,12,2,10,1,Banks,TL,5,V10 (Banks),6,
96,V65,65,48,12,1,65,1,Lockyer,TL,5,V65 (Lockyer),6,
97,V32,32,41,13,1,32,1,CSIROW023,TL,5,V32 (CSIROW023),6,
98,V62,62,42,13,1,62,1,Keel,TL,5,V62 (Keel),6,
99,V18,18,43,13,2,18,1,Cassiopee,TL,5,V18 (Cassiopee),6,
100,V35,35,44,13,1,35,1,CSIROW073,TL,5,V35 (CSIROW073),6,
101,V7,7,45,13,2,7,1,AGT_Scythe,TL,5,V7 (AGT_Scythe),6,
102,V44,44,46,13,1,44,1,EGA_Gregory,TL,5,V44 (EGA_Gregory),6,
103,V16,16,47,13,2,16,1,Calingiri,TL,5,V16 (Calingiri),6,
104,V59,59,48,13,1,59,1,Grout,TL,5,V59 (Grout),6,
105,V74,74,41,14,1,74,1,Peake,TL,5,V74 (Peake),6,
106,V21,21,42,14,2,21,1,Compass,TL,5,V21 (Compass),6,
107,V71,71,43,14,1,71,1,Navigator,TL,5,V71 (Navigator),6,
108,V94,94,44,14,2,94,1,Wyalkatchem,TL,5,V94 (Wyalkatchem),6,
109,V87,87,45,14,1,87,1,Sunlamb,TL,5,V87 (Sunlamb),6,
110,V15,15,46,14,2,15,1,Braewood,TL,5,V15 (Braewood),6,
111,V9,9,47,14,2,9,1,Axe,TL,5,V9 (Axe),6,
112,V4,4,48,14,1,4,1,Spartacus CL,Control,5,V4 (Spartacus CL),6,
113,V3,3,41,15,1,3,1,Lancer,Control,5,V3 (Lancer),6,
114,V19,19,42,15,2,19,1,Catalina,TL,5,V19 (Catalina),6,
115,V39,39,43,15,1,39,1,CSIROW105,TL,5,V39 (CSIROW105),6,
116,V40,40,44,15,1,40,1,Cutlass,TL,5,V40 (Cutlass),6,
117,V43,43,45,15,1,43,1,EGA_Eaglehawk,TL,5,V43 (EGA_Eaglehawk),6,
118,V11,11,46,15,2,11,1,Bass,TL,5,V11 (Bass),6,
119,V41,41,47,15,1,41,1,Dash,TL,5,V41 (Dash),6,
120,V25,25,48,15,1,25,1,CSIROW002,TL,5,V25 (CSIROW002),6,
1,V68,68,49,1,1,68,1,Magenta,TL,1,V68 (Magenta),7,
2,V1,1,50,1,2,1,1,RGT Planet,Control,1,V1 (RGT Planet),7,subset\u0007
3,V94,94,51,1,1,94,1,Wyalkatchem,TL,1,V94 (Wyalkatchem),7,
4,V85,85,52,1,1,85,1,Sunbee,TL,1,V85 (Sunbee),7,
5,V10,10,53,1,2,10,1,Banks,TL,1,V10 (Banks),7,
6,V35,35,54,1,1,35,1,CSIROW073,TL,1,V35 (CSIROW073),7,
7,V20,20,55,1,2,20,1,Commander,TL,1,V20 (Commander),7,subset\u0007
8,V56,56,56,1,1,56,1,Gauntlet,TL,1,V56 (Gauntlet),7,
9,V7,7,49,2,2,7,1,AGT_Scythe,TL,1,V7 (AGT_Scythe),7,
10,V18,18,50,2,2,18,1,Cassiopee,TL,1,V18 (Cassiopee),7,
11,V40,40,51,2,1,40,1,Cutlass,TL,1,V40 (Cutlass),7,subset\u0007
12,V44,44,52,2,1,44,1,EGA_Gregory,TL,1,V44 (EGA_Gregory),7,subset\u0007
13,V23,23,53,2,2,23,1,CSIROB1,TL,1,V23 (CSIROB1),7,
14,V59,59,54,2,1,59,1,Grout,TL,1,V59 (Grout),7,
15,V32,32,55,2,1,32,1,CSIROW023,TL,1,V32 (CSIROW023),7,
16,V92,92,56,2,1,92,1,Westminster,TL,1,V92 (Westminster),7,
17,V42,42,49,3,1,42,1,Derrimut,TL,1,V42 (Derrimut),7,
18,V34,34,50,3,1,34,1,CSIROW029,TL,1,V34 (CSIROW029),7,
19,V19,19,51,3,2,19,1,Catalina,TL,1,V19 (Catalina),7,
20,V55,55,52,3,1,55,1,Gairdner,TL,1,V55 (Gairdner),7,
21,V51,51,53,3,1,51,1,Fleet,TL,1,V51 (Fleet),7,
22,V27,27,54,3,2,27,1,CSIROW005,TL,1,V27 (CSIROW005),7,
23,V72,72,55,3,1,72,1,Ouyen,TL,1,V72 (Ouyen),7,
24,V2,2,56,3,2,2,1,Beaufort,Control,1,V2 (Beaufort),7,subset\u0007
25,V38,38,49,4,1,38,1,CSIROW102,TL,1,V38 (CSIROW102),7,
26,V9,9,50,4,2,9,1,Axe,TL,1,V9 (Axe),7,subset\u0007
27,V70,70,51,4,1,70,1,Mitch,TL,1,V70 (Mitch),7,
28,V22,22,52,4,2,22,1,Crusader,TL,1,V22 (Crusader),7,
29,V24,24,53,4,2,24,1,CSIROB3,TL,1,V24 (CSIROB3),7,
30,V57,57,54,4,1,57,1,Granger,TL,1,V57 (Granger),7,
31,V8,8,55,4,2,8,1,Alestar,TL,1,V8 (Alestar),7,
32,V69,69,56,4,1,69,1,Merinda,TL,1,V69 (Merinda),7,
33,V89,89,49,5,1,89,1,Suntop,TL,1,V89 (Suntop),7,subset\u0007
34,V12,12,50,5,2,12,1,Baudin,TL,1,V12 (Baudin),7,
35,V79,79,51,5,1,79,1,Scope,TL,1,V79 (Scope),7,
36,V21,21,52,5,2,21,1,Compass,TL,1,V21 (Compass),7,subset\u0007
37,V39,39,53,5,1,39,1,CSIROW105,TL,1,V39 (CSIROW105),7,
38,V75,75,54,5,1,75,1,Revenue,TL,1,V75 (Revenue),7,
39,V91,91,55,5,1,91,1,Urambie,TL,1,V91 (Urambie),7,subset\u0007
40,V15,15,56,5,2,15,1,Braewood,TL,1,V15 (Braewood),7,
41,V23,23,49,6,2,23,1,CSIROB1,TL,1,V23 (CSIROB1),7,
42,V78,78,50,6,1,78,1,Schooner,TL,1,V78 (Schooner),7,
43,V64,64,51,6,1,64,1,Kittyhawk,TL,1,V64 (Kittyhawk),7,subset\u0007
44,V28,28,52,6,1,28,1,CSIROW007,TL,1,V28 (CSIROW007),7,
45,V1,1,53,6,2,1,1,RGT Planet,Control,1,V1 (RGT Planet),7,subset\u0007
46,V13,13,54,6,2,13,1,Biere,TL,1,V13 (Biere),7,
47,V54,54,55,6,1,54,1,Franklin,TL,1,V54 (Franklin),7,
48,V43,43,56,6,1,43,1,EGA_Eaglehawk,TL,1,V43 (EGA_Eaglehawk),7,
49,V96,96,49,7,1,96,1,Young,TL,1,V96 (Young),7,
50,V73,73,50,7,1,73,1,Oxford,TL,1,V73 (Oxford),7,
51,V27,27,51,7,2,27,1,CSIROW005,TL,1,V27 (CSIROW005),7,
52,V15,15,52,7,2,15,1,Braewood,TL,1,V15 (Braewood),7,
53,V62,62,53,7,1,62,1,Keel,TL,1,V62 (Keel),7,
54,V18,18,54,7,2,18,1,Cassiopee,TL,1,V18 (Cassiopee),7,
55,V25,25,55,7,2,25,1,CSIROW002,TL,1,V25 (CSIROW002),7,
56,V81,81,56,7,1,81,1,Shepherd,TL,1,V81 (Shepherd),7,
57,V61,61,49,8,1,61,1,Janz,TL,1,V61 (Janz),7,
58,V8,8,50,8,2,8,1,Alestar,TL,1,V8 (Alestar),7,
59,V63,63,51,8,1,63,1,Kellalac,TL,1,V63 (Kellalac),7,
60,V77,77,52,8,1,77,1,Rosella,TL,1,V77 (Rosella),7,
61,V11,11,53,8,2,11,1,Bass,TL,1,V11 (Bass),7,
62,V74,74,54,8,1,74,1,Peake,TL,1,V74 (Peake),7,
63,V21,21,55,8,2,21,1,Compass,TL,1,V21 (Compass),7,subset\u0007
64,V83,83,56,8,1,83,1,Stirling,TL,1,V83 (Stirling),7,
65,V3,3,49,9,1,3,1,Lancer,Control,1,V3 (Lancer),7,subset\u0007
66,V93,93,50,9,1,93,1,Whistler,TL,1,V93 (Whistler),7,
67,V14,14,51,9,2,14,1,Bolac,TL,1,V14 (Bolac),7,
68,V31,31,52,9,1,31,1,CSIROW021,TL,1,V31 (CSIROW021),7,
69,V88,88,53,9,1,88,1,Sunstate,TL,1,V88 (Sunstate),7,
70,V60,60,54,9,1,60,1,H45,TL,1,V60 (H45),7,
71,V87,87,55,9,1,87,1,Sunlamb,TL,1,V87 (Sunlamb),7,
72,V26,26,56,9,2,26,1,CSIROW003,TL,1,V26 (CSIROW003),7,
73,V58,58,49,10,1,58,1,Grenade CL Plus,TL,1,V58 (Grenade CL Plus),7,
74,V67,67,50,10,1,67,1,Mace,TL,1,V67 (Mace),7,subset\u0007
75,V10,10,51,10,2,10,1,Banks,TL,1,V10 (Banks),7,
76,V17,17,52,10,2,17,1,Capstan,TL,1,V17 (Capstan),7,
77,V33,33,53,10,1,33,1,CSIROW027,TL,1,V33 (CSIROW027),7,
78,V19,19,54,10,2,19,1,Catalina,TL,1,V19 (Catalina),7,
79,V53,53,55,10,1,53,1,Forrest,TL,1,V53 (Forrest),7,
80,V80,80,56,10,1,80,1,Scout,TL,1,V80 (Scout),7,
81,V26,26,49,11,2,26,1,CSIROW003,TL,1,V26 (CSIROW003),7,
82,V47,47,50,11,1,47,1,EGA_Wills,TL,1,V47 (EGA_Wills),7,
83,V5,5,51,11,1,5,1,Manning,Control,1,V5 (Manning),7,subset\u0007
84,V36,36,52,11,1,36,1,CSIROW077,TL,1,V36 (CSIROW077),7,
85,V84,84,53,11,1,84,1,Strzelecki,TL,1,V84 (Strzelecki),7,
86,V52,52,54,11,1,52,1,Flinders,TL,1,V52 (Flinders),7,
87,V16,16,55,11,2,16,1,Calingiri,TL,1,V16 (Calingiri),7,
88,V12,12,56,11,2,12,1,Baudin,TL,1,V12 (Baudin),7,
89,V13,13,49,12,2,13,1,Biere,TL,1,V13 (Biere),7,
90,V11,11,50,12,2,11,1,Bass,TL,1,V11 (Bass),7,
91,V65,65,51,12,1,65,1,Lockyer,TL,1,V65 (Lockyer),7,
92,V37,37,52,12,1,37,1,CSIROW087,TL,1,V37 (CSIROW087),7,
93,V49,49,53,12,1,49,1,Emu_Rock,TL,1,V49 (Emu_Rock),7,
94,V3,3,54,12,1,3,1,Lancer,Control,1,V3 (Lancer),7,subset\u0007
95,V95,95,55,12,1,95,1,Yitpi,TL,1,V95 (Yitpi),7,
96,V30,30,56,12,1,30,1,CSIROW018,TL,1,V30 (CSIROW018),7,
97,V29,29,49,13,1,29,1,CSIROW011,TL,1,V29 (CSIROW011),7,
98,V46,46,50,13,1,46,1,EGA_Wedgetail,TL,1,V46 (EGA_Wedgetail),7,
99,V6,6,51,13,1,6,1,Scepter,Control,1,V6 (Scepter),7,subset\u0007
100,V2,2,52,13,2,2,1,Beaufort,Control,1,V2 (Beaufort),7,subset\u0007
101,V22,22,53,13,2,22,1,Crusader,TL,1,V22 (Crusader),7,
102,V41,41,54,13,1,41,1,Dash,TL,1,V41 (Dash),7,
103,V76,76,55,13,1,76,1,Rosalind,TL,1,V76 (Rosalind),7,
104,V14,14,56,13,2,14,1,Bolac,TL,1,V14 (Bolac),7,
105,V82,82,49,14,1,82,1,Spitfire,TL,1,V82 (Spitfire),7,
106,V20,20,50,14,2,20,1,Commander,TL,1,V20 (Commander),7,subset\u0007
107,V25,25,51,14,2,25,1,CSIROW002,TL,1,V25 (CSIROW002),7,
108,V66,66,52,14,1,66,1,Longsword,TL,1,V66 (Longsword),7,
109,V4,4,53,14,1,4,1,Spartacus CL,Control,1,V4 (Spartacus CL),7,subset\u0007
110,V90,90,54,14,1,90,1,Trojan,TL,1,V90 (Trojan),7,subset\u0007
111,V9,9,55,14,2,9,1,Axe,TL,1,V9 (Axe),7,subset\u0007
112,V86,86,56,14,1,86,1,Sunbri,TL,1,V86 (Sunbri),7,
113,V16,16,49,15,2,16,1,Calingiri,TL,1,V16 (Calingiri),7,
114,V48,48,50,15,1,48,1,Ellison,TL,1,V48 (Ellison),7,
115,V50,50,51,15,1,50,1,Fathom,TL,1,V50 (Fathom),7,subset\u0007
116,V24,24,52,15,2,24,1,CSIROB3,TL,1,V24 (CSIROB3),7,
117,V7,7,53,15,2,7,1,AGT_Scythe,TL,1,V7 (AGT_Scythe),7,
118,V17,17,54,15,2,17,1,Capstan,TL,1,V17 (Capstan),7,
119,V71,71,55,15,1,71,1,Navigator,TL,1,V71 (Navigator),7,
120,V45,45,56,15,1,45,1,EGA_Hume,TL,1,V45 (EGA_Hume),7,
1,V15,15,57,1,1,15,1,Braewood,TL,8,V15 (Braewood),8,
2,V52,52,58,1,1,52,1,Flinders,TL,8,V52 (Flinders),8,
3,V66,66,59,1,2,66,1,Longsword,TL,8,V66 (Longsword),8,
4,V42,42,60,1,1,42,1,Derrimut,TL,8,V42 (Derrimut),8,
5,V67,67,61,1,2,67,1,Mace,TL,8,V67 (Mace),8,subset\u0007
6,V33,33,62,1,1,33,1,CSIROW027,TL,8,V33 (CSIROW027),8,
7,V82,82,63,1,2,82,1,Spitfire,TL,8,V82 (Spitfire),8,
8,V91,91,64,1,1,91,1,Urambie,TL,8,V91 (Urambie),8,subset\u0007
9,V53,53,57,2,1,53,1,Forrest,TL,8,V53 (Forrest),8,
10,V71,71,58,2,2,71,1,Navigator,TL,8,V71 (Navigator),8,
11,V62,62,59,2,1,62,1,Keel,TL,8,V62 (Keel),8,
12,V6,6,60,2,1,6,1,Scepter,Control,8,V6 (Scepter),8,subset\u0007
13,V58,58,61,2,1,58,1,Grenade CL Plus,TL,8,V58 (Grenade CL Plus),8,
14,V61,61,62,2,1,61,1,Janz,TL,8,V61 (Janz),8,
15,V81,81,63,2,2,81,1,Shepherd,TL,8,V81 (Shepherd),8,
16,V25,25,64,2,1,25,1,CSIROW002,TL,8,V25 (CSIROW002),8,
17,V64,64,57,3,2,64,1,Kittyhawk,TL,8,V64 (Kittyhawk),8,subset\u0007
18,V7,7,58,3,1,7,1,AGT_Scythe,TL,8,V7 (AGT_Scythe),8,
19,V65,65,59,3,2,65,1,Lockyer,TL,8,V65 (Lockyer),8,
20,V51,51,60,3,1,51,1,Fleet,TL,8,V51 (Fleet),8,
21,V14,14,61,3,1,14,1,Bolac,TL,8,V14 (Bolac),8,
22,V79,79,62,3,2,79,1,Scope,TL,8,V79 (Scope),8,
23,V21,21,63,3,1,21,1,Compass,TL,8,V21 (Compass),8,subset\u0007
24,V75,75,64,3,2,75,1,Revenue,TL,8,V75 (Revenue),8,
25,V75,75,57,4,2,75,1,Revenue,TL,8,V75 (Revenue),8,
26,V93,93,58,4,1,93,1,Whistler,TL,8,V93 (Whistler),8,
27,V48,48,59,4,1,48,1,Ellison,TL,8,V48 (Ellison),8,
28,V34,34,60,4,1,34,1,CSIROW029,TL,8,V34 (CSIROW029),8,
29,V74,74,61,4,2,74,1,Peake,TL,8,V74 (Peake),8,
30,V86,86,62,4,1,86,1,Sunbri,TL,8,V86 (Sunbri),8,
31,V16,16,63,4,1,16,1,Calingiri,TL,8,V16 (Calingiri),8,
32,V71,71,64,4,2,71,1,Navigator,TL,8,V71 (Navigator),8,
33,V89,89,57,5,1,89,1,Suntop,TL,8,V89 (Suntop),8,subset\u0007
34,V68,68,58,5,2,68,1,Magenta,TL,8,V68 (Magenta),8,
35,V87,87,59,5,1,87,1,Sunlamb,TL,8,V87 (Sunlamb),8,
36,V77,77,60,5,2,77,1,Rosella,TL,8,V77 (Rosella),8,
37,V73,73,61,5,2,73,1,Oxford,TL,8,V73 (Oxford),8,
38,V64,64,62,5,2,64,1,Kittyhawk,TL,8,V64 (Kittyhawk),8,subset\u0007
39,V30,30,63,5,1,30,1,CSIROW018,TL,8,V30 (CSIROW018),8,
40,V40,40,64,5,1,40,1,Cutlass,TL,8,V40 (Cutlass),8,subset\u0007
41,V49,49,57,6,1,49,1,Emu_Rock,TL,8,V49 (Emu_Rock),8,
42,V80,80,58,6,2,80,1,Scout,TL,8,V80 (Scout),8,
43,V70,70,59,6,2,70,1,Mitch,TL,8,V70 (Mitch),8,
44,V28,28,60,6,1,28,1,CSIROW007,TL,8,V28 (CSIROW007),8,
45,V43,43,61,6,1,43,1,EGA_Eaglehawk,TL,8,V43 (EGA_Eaglehawk),8,
46,V95,95,62,6,1,95,1,Yitpi,TL,8,V95 (Yitpi),8,
47,V4,4,63,6,1,4,1,Spartacus CL,Control,8,V4 (Spartacus CL),8,subset\u0007
48,V32,32,64,6,1,32,1,CSIROW023,TL,8,V32 (CSIROW023),8,
49,V18,18,57,7,1,18,1,Cassiopee,TL,8,V18 (Cassiopee),8,
50,V78,78,58,7,2,78,1,Schooner,TL,8,V78 (Schooner),8,
51,V19,19,59,7,1,19,1,Catalina,TL,8,V19 (Catalina),8,
52,V84,84,60,7,2,84,1,Strzelecki,TL,8,V84 (Strzelecki),8,
53,V83,83,61,7,2,83,1,Stirling,TL,8,V83 (Stirling),8,
54,V38,38,62,7,1,38,1,CSIROW102,TL,8,V38 (CSIROW102),8,
55,V22,22,63,7,1,22,1,Crusader,TL,8,V22 (Crusader),8,
56,V72,72,64,7,2,72,1,Ouyen,TL,8,V72 (Ouyen),8,
57,V69,69,57,8,2,69,1,Merinda,TL,8,V69 (Merinda),8,
58,V50,50,58,8,1,50,1,Fathom,TL,8,V50 (Fathom),8,subset\u0007
59,V4,4,59,8,1,4,1,Spartacus CL,Control,8,V4 (Spartacus CL),8,subset\u0007
60,V45,45,60,8,1,45,1,EGA_Hume,TL,8,V45 (EGA_Hume),8,
61,V60,60,61,8,1,60,1,H45,TL,8,V60 (H45),8,
62,V44,44,62,8,1,44,1,EGA_Gregory,TL,8,V44 (EGA_Gregory),8,subset\u0007
63,V66,66,63,8,2,66,1,Longsword,TL,8,V66 (Longsword),8,
64,V47,47,64,8,1,47,1,EGA_Wills,TL,8,V47 (EGA_Wills),8,
65,V10,10,57,9,1,10,1,Banks,TL,8,V10 (Banks),8,
66,V85,85,58,9,1,85,1,Sunbee,TL,8,V85 (Sunbee),8,
67,V41,41,59,9,1,41,1,Dash,TL,8,V41 (Dash),8,
68,V81,81,60,9,2,81,1,Shepherd,TL,8,V81 (Shepherd),8,
69,V9,9,61,9,1,9,1,Axe,TL,8,V9 (Axe),8,subset\u0007
70,V77,77,62,9,2,77,1,Rosella,TL,8,V77 (Rosella),8,
71,V80,80,63,9,2,80,1,Scout,TL,8,V80 (Scout),8,
72,V90,90,64,9,1,90,1,Trojan,TL,8,V90 (Trojan),8,subset\u0007
73,V2,2,57,10,2,2,1,Beaufort,Control,8,V2 (Beaufort),8,subset\u0007
74,V94,94,58,10,1,94,1,Wyalkatchem,TL,8,V94 (Wyalkatchem),8,
75,V67,67,59,10,2,67,1,Mace,TL,8,V67 (Mace),8,subset\u0007
76,V73,73,60,10,2,73,1,Oxford,TL,8,V73 (Oxford),8,
77,V84,84,61,10,2,84,1,Strzelecki,TL,8,V84 (Strzelecki),8,
78,V59,59,62,10,1,59,1,Grout,TL,8,V59 (Grout),8,
79,V88,88,63,10,1,88,1,Sunstate,TL,8,V88 (Sunstate),8,
80,V26,26,64,10,1,26,1,CSIROW003,TL,8,V26 (CSIROW003),8,
81,V24,24,57,11,1,24,1,CSIROB3,TL,8,V24 (CSIROB3),8,
82,V96,96,58,11,1,96,1,Young,TL,8,V96 (Young),8,
83,V3,3,59,11,1,3,1,Lancer,Control,8,V3 (Lancer),8,subset\u0007
84,V72,72,60,11,2,72,1,Ouyen,TL,8,V72 (Ouyen),8,
85,V31,31,61,11,1,31,1,CSIROW021,TL,8,V31 (CSIROW021),8,
86,V20,20,62,11,1,20,1,Commander,TL,8,V20 (Commander),8,subset\u0007
87,V6,6,63,11,1,6,1,Scepter,Control,8,V6 (Scepter),8,subset\u0007
88,V76,76,64,11,2,76,1,Rosalind,TL,8,V76 (Rosalind),8,
89,V5,5,57,12,1,5,1,Manning,Control,8,V5 (Manning),8,subset\u0007
90,V12,12,58,12,1,12,1,Baudin,TL,8,V12 (Baudin),8,
91,V36,36,59,12,1,36,1,CSIROW077,TL,8,V36 (CSIROW077),8,
92,V13,13,60,12,1,13,1,Biere,TL,8,V13 (Biere),8,
93,V68,68,61,12,2,68,1,Magenta,TL,8,V68 (Magenta),8,
94,V69,69,62,12,2,69,1,Merinda,TL,8,V69 (Merinda),8,
95,V1,1,63,12,2,1,1,RGT Planet,Control,8,V1 (RGT Planet),8,subset\u0007
96,V56,56,64,12,1,56,1,Gauntlet,TL,8,V56 (Gauntlet),8,
97,V74,74,57,13,2,74,1,Peake,TL,8,V74 (Peake),8,
98,V83,83,58,13,2,83,1,Stirling,TL,8,V83 (Stirling),8,
99,V35,35,59,13,1,35,1,CSIROW073,TL,8,V35 (CSIROW073),8,
100,V57,57,60,13,1,57,1,Granger,TL,8,V57 (Granger),8,
101,V5,5,61,13,1,5,1,Manning,Control,8,V5 (Manning),8,subset\u0007
102,V39,39,62,13,1,39,1,CSIROW105,TL,8,V39 (CSIROW105),8,
103,V23,23,63,13,1,23,1,CSIROB1,TL,8,V23 (CSIROB1),8,
104,V46,46,64,13,1,46,1,EGA_Wedgetail,TL,8,V46 (EGA_Wedgetail),8,
105,V82,82,57,14,2,82,1,Spitfire,TL,8,V82 (Spitfire),8,
106,V37,37,58,14,1,37,1,CSIROW087,TL,8,V37 (CSIROW087),8,
107,V76,76,59,14,2,76,1,Rosalind,TL,8,V76 (Rosalind),8,
108,V29,29,60,14,1,29,1,CSIROW011,TL,8,V29 (CSIROW011),8,
109,V8,8,61,14,1,8,1,Alestar,TL,8,V8 (Alestar),8,
110,V63,63,62,14,1,63,1,Kellalac,TL,8,V63 (Kellalac),8,
111,V17,17,63,14,1,17,1,Capstan,TL,8,V17 (Capstan),8,
112,V65,65,64,14,2,65,1,Lockyer,TL,8,V65 (Lockyer),8,
113,V92,92,57,15,1,92,1,Westminster,TL,8,V92 (Westminster),8,
114,V54,54,58,15,1,54,1,Franklin,TL,8,V54 (Franklin),8,
115,V79,79,59,15,2,79,1,Scope,TL,8,V79 (Scope),8,
116,V27,27,60,15,1,27,1,CSIROW005,TL,8,V27 (CSIROW005),8,
117,V70,70,61,15,2,70,1,Mitch,TL,8,V70 (Mitch),8,
118,V78,78,62,15,2,78,1,Schooner,TL,8,V78 (Schooner),8,
119,V55,55,63,15,1,55,1,Gairdner,TL,8,V55 (Gairdner),8,
120,V11,11,64,15,1,11,1,Bass,TL,8,V11 (Bass),8,
