Unit,ID,Entry,Range,Row,Replicates,TRT,RepRow,Variety,Type,TOS,Plotname,subset
11,V57,57,1,1,1,57,1,Granger,TL,1,V57 (Granger),
1,V44,44,1,2,1,44,1,EGA_Gregory,TL,1,V44 (EGA_Gregory),subset\u0007
31,V10,10,1,3,2,10,1,Banks,TL,1,V10 (Banks),
21,V92,92,1,4,1,92,1,Westminster,TL,1,V92 (Westminster),
51,V55,55,1,5,1,55,1,Gairdner,TL,1,V55 (Gairdner),
41,V62,62,1,6,1,62,1,Keel,TL,1,V62 (Keel),
71,V43,43,1,7,1,43,1,EGA_Eaglehawk,TL,1,V43 (EGA_Eaglehawk),
61,V16,16,1,8,2,16,1,Calingiri,TL,1,V16 (Calingiri),
91,V9,9,1,9,2,9,1,Axe,TL,1,V9 (Axe),subset\u0007
81,V51,51,1,10,1,51,1,Fleet,TL,1,V51 (Fleet),
111,V82,82,1,11,1,82,1,Spitfire,TL,1,V82 (Spitfire),
101,V11,11,1,12,2,11,1,Bass,TL,1,V11 (Bass),
1,V62,62,1,13,2,62,1,Keel,TL,7,V62 (Keel),
11,V88,88,1,14,1,88,1,Sunstate,TL,7,V88 (Sunstate),
21,V21,21,1,15,1,21,1,Compass,TL,7,V21 (Compass),
31,V32,32,1,16,1,32,1,CSIROW023,TL,7,V32 (CSIROW023),
41,V47,47,1,17,2,47,1,EGA_Wills,TL,7,V47 (EGA_Wills),
51,V66,66,1,18,1,66,1,Longsword,TL,7,V66 (Longsword),
61,V18,18,1,19,1,18,1,Cassiopee,TL,7,V18 (Cassiopee),
71,V84,84,1,20,1,84,1,Strzelecki,TL,7,V84 (Strzelecki),
81,V59,59,1,21,2,59,1,Grout,TL,7,V59 (Grout),
91,V95,95,1,22,1,95,1,Yitpi,TL,7,V95 (Yitpi),
101,V17,17,1,23,1,17,1,Capstan,TL,7,V17 (Capstan),
111,V56,56,1,24,2,56,1,Gauntlet,TL,7,V56 (Gauntlet),
1,V10,10,1,25,1,10,1,Banks,TL,8,V10 (Banks),
11,V25,25,1,26,1,25,1,CSIROW002,TL,8,V25 (CSIROW002),
21,V5,5,1,27,1,5,1,Manning,Control,8,V5 (Manning),subset\u0007
31,V20,20,1,28,1,20,1,Commander,TL,8,V20 (Commander),subset\u0007
41,V78,78,1,29,2,78,1,Schooner,TL,8,V78 (Schooner),
51,V85,85,1,30,1,85,1,Sunbee,TL,8,V85 (Sunbee),
61,V13,13,1,31,1,13,1,Biere,TL,8,V13 (Biere),
71,V8,8,1,32,1,8,1,Alestar,TL,8,V8 (Alestar),
81,V21,21,1,33,1,21,1,Compass,TL,8,V21 (Compass),subset\u0007
91,V79,79,1,34,2,79,1,Scope,TL,8,V79 (Scope),
101,V28,28,1,35,1,28,1,CSIROW007,TL,8,V28 (CSIROW007),
111,V75,75,1,36,2,75,1,Revenue,TL,8,V75 (Revenue),
1,V37,37,1,37,2,37,1,CSIROW087,TL,6,V37 (CSIROW087),
11,V13,13,1,38,1,13,1,Biere,TL,6,V13 (Biere),
21,V47,47,1,39,1,47,1,EGA_Wills,TL,6,V47 (EGA_Wills),
31,V60,60,1,40,1,60,1,H45,TL,6,V60 (H45),
41,V40,40,1,41,2,40,1,Cutlass,TL,6,V40 (Cutlass),
51,V80,80,1,42,1,80,1,Scout,TL,6,V80 (Scout),
61,V81,81,1,43,1,81,1,Shepherd,TL,6,V81 (Shepherd),
71,V7,7,1,44,1,7,1,AGT_Scythe,TL,6,V7 (AGT_Scythe),
81,V42,42,1,45,2,42,1,Derrimut,TL,6,V42 (Derrimut),
91,V21,21,1,46,1,21,1,Compass,TL,6,V21 (Compass),
101,V34,34,1,47,2,34,1,CSIROW029,TL,6,V34 (CSIROW029),
111,V69,69,1,48,1,69,1,Merinda,TL,6,V69 (Merinda),
12,V27,27,2,1,2,27,1,CSIROW005,TL,1,V27 (CSIROW005),
2,V13,13,2,2,2,13,1,Biere,TL,1,V13 (Biere),
32,V79,79,2,3,1,79,1,Scope,TL,1,V79 (Scope),
22,V61,61,2,4,1,61,1,Janz,TL,1,V61 (Janz),
52,V29,29,2,5,1,29,1,CSIROW011,TL,1,V29 (CSIROW011),
42,V14,14,2,6,2,14,1,Bolac,TL,1,V14 (Bolac),
72,V93,93,2,7,1,93,1,Whistler,TL,1,V93 (Whistler),
62,V21,21,2,8,2,21,1,Compass,TL,1,V21 (Compass),subset\u0007
92,V23,23,2,9,2,23,1,CSIROB1,TL,1,V23 (CSIROB1),
82,V2,2,2,10,2,2,1,Beaufort,Control,1,V2 (Beaufort),subset\u0007
112,V33,33,2,11,1,33,1,CSIROW027,TL,1,V33 (CSIROW027),
102,V88,88,2,12,1,88,1,Sunstate,TL,1,V88 (Sunstate),
2,V29,29,2,13,1,29,1,CSIROW011,TL,7,V29 (CSIROW011),
12,V63,63,2,14,2,63,1,Kellalac,TL,7,V63 (Kellalac),
22,V43,43,2,15,2,43,1,EGA_Eaglehawk,TL,7,V43 (EGA_Eaglehawk),
32,V10,10,2,16,1,10,1,Banks,TL,7,V10 (Banks),
42,V91,91,2,17,1,91,1,Urambie,TL,7,V91 (Urambie),
52,V71,71,2,18,1,71,1,Navigator,TL,7,V71 (Navigator),
62,V48,48,2,19,2,48,1,Ellison,TL,7,V48 (Ellison),
72,V2,2,2,20,2,2,1,Beaufort,Control,7,V2 (Beaufort),
82,V13,13,2,21,1,13,1,Biere,TL,7,V13 (Biere),
92,V52,52,2,22,2,52,1,Flinders,TL,7,V52 (Flinders),
102,V7,7,2,23,1,7,1,AGT_Scythe,TL,7,V7 (AGT_Scythe),
112,V15,15,2,24,1,15,1,Braewood,TL,7,V15 (Braewood),
2,V48,48,2,25,1,48,1,Ellison,TL,8,V48 (Ellison),
12,V24,24,2,26,1,24,1,CSIROB3,TL,8,V24 (CSIROB3),
22,V92,92,2,27,1,92,1,Westminster,TL,8,V92 (Westminster),
32,V74,74,2,28,2,74,1,Peake,TL,8,V74 (Peake),
42,V44,44,2,29,1,44,1,EGA_Gregory,TL,8,V44 (EGA_Gregory),subset\u0007
52,V80,80,2,30,2,80,1,Scout,TL,8,V80 (Scout),
62,V58,58,2,31,1,58,1,Grenade CL Plus,TL,8,V58 (Grenade CL Plus),
72,V72,72,2,32,2,72,1,Ouyen,TL,8,V72 (Ouyen),
82,V83,83,2,33,2,83,1,Stirling,TL,8,V83 (Stirling),
92,V19,19,2,34,1,19,1,Catalina,TL,8,V19 (Catalina),
102,V77,77,2,35,2,77,1,Rosella,TL,8,V77 (Rosella),
112,V3,3,2,36,1,3,1,Lancer,Control,8,V3 (Lancer),subset\u0007
2,V6,6,2,37,1,6,1,Scepter,Control,6,V6 (Scepter),
12,V8,8,2,38,1,8,1,Alestar,TL,6,V8 (Alestar),
22,V85,85,2,39,1,85,1,Sunbee,TL,6,V85 (Sunbee),
32,V25,25,2,40,2,25,1,CSIROW002,TL,6,V25 (CSIROW002),
42,V64,64,2,41,1,64,1,Kittyhawk,TL,6,V64 (Kittyhawk),
52,V93,93,2,42,1,93,1,Whistler,TL,6,V93 (Whistler),
62,V50,50,2,43,1,50,1,Fathom,TL,6,V50 (Fathom),
72,V27,27,2,44,2,27,1,CSIROW005,TL,6,V27 (CSIROW005),
82,V32,32,2,45,2,32,1,CSIROW023,TL,6,V32 (CSIROW023),
92,V5,5,2,46,1,5,1,Manning,Control,6,V5 (Manning),
102,V82,82,2,47,1,82,1,Spitfire,TL,6,V82 (Spitfire),
112,V38,38,2,48,2,38,1,CSIROW102,TL,6,V38 (CSIROW102),
13,V75,75,3,1,1,75,1,Revenue,TL,1,V75 (Revenue),
3,V95,95,3,2,1,95,1,Yitpi,TL,1,V95 (Yitpi),
33,V49,49,3,3,1,49,1,Emu_Rock,TL,1,V49 (Emu_Rock),
23,V22,22,3,4,2,22,1,Crusader,TL,1,V22 (Crusader),
53,V15,15,3,5,2,15,1,Braewood,TL,1,V15 (Braewood),
43,V7,7,3,6,2,7,1,AGT_Scythe,TL,1,V7 (AGT_Scythe),
73,V24,24,3,7,2,24,1,CSIROB3,TL,1,V24 (CSIROB3),
63,V45,45,3,8,1,45,1,EGA_Hume,TL,1,V45 (EGA_Hume),
93,V42,42,3,9,1,42,1,Derrimut,TL,1,V42 (Derrimut),
83,V59,59,3,10,1,59,1,Grout,TL,1,V59 (Grout),
113,V3,3,3,11,1,3,1,Lancer,Control,1,V3 (Lancer),subset\u0007
103,V85,85,3,12,1,85,1,Sunbee,TL,1,V85 (Sunbee),
3,V4,4,3,13,1,4,1,Spartacus CL,Control,7,V4 (Spartacus CL),
13,V42,42,3,14,1,42,1,Derrimut,TL,7,V42 (Derrimut),
23,V45,45,3,15,2,45,1,EGA_Hume,TL,7,V45 (EGA_Hume),
33,V31,31,3,16,1,31,1,CSIROW021,TL,7,V31 (CSIROW021),
43,V20,20,3,17,1,20,1,Commander,TL,7,V20 (Commander),
53,V60,60,3,18,2,60,1,H45,TL,7,V60 (H45),
63,V38,38,3,19,1,38,1,CSIROW102,TL,7,V38 (CSIROW102),
73,V44,44,3,20,2,44,1,EGA_Gregory,TL,7,V44 (EGA_Gregory),
83,V67,67,3,21,1,67,1,Mace,TL,7,V67 (Mace),
93,V25,25,3,22,1,25,1,CSIROW002,TL,7,V25 (CSIROW002),
103,V50,50,3,23,2,50,1,Fathom,TL,7,V50 (Fathom),
113,V55,55,3,24,2,55,1,Gairdner,TL,7,V55 (Gairdner),
3,V68,68,3,25,2,68,1,Magenta,TL,8,V68 (Magenta),
13,V95,95,3,26,1,95,1,Yitpi,TL,8,V95 (Yitpi),
23,V65,65,3,27,2,65,1,Lockyer,TL,8,V65 (Lockyer),
33,V23,23,3,28,1,23,1,CSIROB1,TL,8,V23 (CSIROB1),
43,V55,55,3,29,1,55,1,Gairdner,TL,8,V55 (Gairdner),
53,V81,81,3,30,2,81,1,Shepherd,TL,8,V81 (Shepherd),
63,V73,73,3,31,2,73,1,Oxford,TL,8,V73 (Oxford),
73,V9,9,3,32,1,9,1,Axe,TL,8,V9 (Axe),subset\u0007
83,V59,59,3,33,1,59,1,Grout,TL,8,V59 (Grout),
93,V32,32,3,34,1,32,1,CSIROW023,TL,8,V32 (CSIROW023),
103,V82,82,3,35,2,82,1,Spitfire,TL,8,V82 (Spitfire),
113,V26,26,3,36,1,26,1,CSIROW003,TL,8,V26 (CSIROW003),
3,V86,86,3,37,1,86,1,Sunbri,TL,6,V86 (Sunbri),
13,V22,22,3,38,2,22,1,Crusader,TL,6,V22 (Crusader),
23,V39,39,3,39,2,39,1,CSIROW105,TL,6,V39 (CSIROW105),
33,V52,52,3,40,1,52,1,Flinders,TL,6,V52 (Flinders),
43,V59,59,3,41,1,59,1,Grout,TL,6,V59 (Grout),
53,V4,4,3,42,1,4,1,Spartacus CL,Control,6,V4 (Spartacus CL),
63,V41,41,3,43,2,41,1,Dash,TL,6,V41 (Dash),
73,V76,76,3,44,1,76,1,Rosalind,TL,6,V76 (Rosalind),
83,V3,3,3,45,1,3,1,Lancer,Control,6,V3 (Lancer),
93,V11,11,3,46,1,11,1,Bass,TL,6,V11 (Bass),
103,V28,28,3,47,2,28,1,CSIROW007,TL,6,V28 (CSIROW007),
113,V67,67,3,48,1,67,1,Mace,TL,6,V67 (Mace),
14,V1,1,4,1,2,1,1,RGT Planet,Control,1,V1 (RGT Planet),subset\u0007
4,V66,66,4,2,1,66,1,Longsword,TL,1,V66 (Longsword),
34,V19,19,4,3,2,19,1,Catalina,TL,1,V19 (Catalina),
24,V39,39,4,4,1,39,1,CSIROW105,TL,1,V39 (CSIROW105),
54,V26,26,4,5,2,26,1,CSIROW003,TL,1,V26 (CSIROW003),
44,V86,86,4,6,1,86,1,Sunbri,TL,1,V86 (Sunbri),
74,V36,36,4,7,1,36,1,CSIROW077,TL,1,V36 (CSIROW077),
64,V67,67,4,8,1,67,1,Mace,TL,1,V67 (Mace),subset\u0007
94,V5,5,4,9,1,5,1,Manning,Control,1,V5 (Manning),subset\u0007
84,V34,34,4,10,1,34,1,CSIROW029,TL,1,V34 (CSIROW029),
114,V78,78,4,11,1,78,1,Schooner,TL,1,V78 (Schooner),
104,V8,8,4,12,2,8,1,Alestar,TL,1,V8 (Alestar),
4,V57,57,4,13,2,57,1,Granger,TL,7,V57 (Granger),
14,V41,41,4,14,1,41,1,Dash,TL,7,V41 (Dash),
24,V40,40,4,15,1,40,1,Cutlass,TL,7,V40 (Cutlass),
34,V51,51,4,16,2,51,1,Fleet,TL,7,V51 (Fleet),
44,V27,27,4,17,1,27,1,CSIROW005,TL,7,V27 (CSIROW005),
54,V1,1,4,18,2,1,1,RGT Planet,Control,7,V1 (RGT Planet),
64,V58,58,4,19,2,58,1,Grenade CL Plus,TL,7,V58 (Grenade CL Plus),
74,V85,85,4,20,1,85,1,Sunbee,TL,7,V85 (Sunbee),
84,V49,49,4,21,2,49,1,Emu_Rock,TL,7,V49 (Emu_Rock),
94,V61,61,4,22,2,61,1,Janz,TL,7,V61 (Janz),
104,V94,94,4,23,1,94,1,Wyalkatchem,TL,7,V94 (Wyalkatchem),
114,V26,26,4,24,1,26,1,CSIROW003,TL,7,V26 (CSIROW003),
4,V69,69,4,25,2,69,1,Merinda,TL,8,V69 (Merinda),
14,V76,76,4,26,2,76,1,Rosalind,TL,8,V76 (Rosalind),
24,V47,47,4,27,1,47,1,EGA_Wills,TL,8,V47 (EGA_Wills),
34,V46,46,4,28,1,46,1,EGA_Wedgetail,TL,8,V46 (EGA_Wedgetail),
44,V6,6,4,29,1,6,1,Scepter,Control,8,V6 (Scepter),subset\u0007
54,V7,7,4,30,1,7,1,AGT_Scythe,TL,8,V7 (AGT_Scythe),
64,V64,64,4,31,2,64,1,Kittyhawk,TL,8,V64 (Kittyhawk),subset\u0007
74,V71,71,4,32,2,71,1,Navigator,TL,8,V71 (Navigator),
84,V54,54,4,33,1,54,1,Franklin,TL,8,V54 (Franklin),
94,V34,34,4,34,1,34,1,CSIROW029,TL,8,V34 (CSIROW029),
104,V62,62,4,35,1,62,1,Keel,TL,8,V62 (Keel),
114,V67,67,4,36,2,67,1,Mace,TL,8,V67 (Mace),subset\u0007
4,V43,43,4,37,1,43,1,EGA_Eaglehawk,TL,6,V43 (EGA_Eaglehawk),
14,V36,36,4,38,2,36,1,CSIROW077,TL,6,V36 (CSIROW077),
24,V54,54,4,39,1,54,1,Franklin,TL,6,V54 (Franklin),
34,V24,24,4,40,2,24,1,CSIROB3,TL,6,V24 (CSIROB3),
44,V63,63,4,41,1,63,1,Kellalac,TL,6,V63 (Kellalac),
54,V30,30,4,42,2,30,1,CSIROW018,TL,6,V30 (CSIROW018),
64,V92,92,4,43,1,92,1,Westminster,TL,6,V92 (Westminster),
74,V31,31,4,44,2,31,1,CSIROW021,TL,6,V31 (CSIROW021),
84,V18,18,4,45,1,18,1,Cassiopee,TL,6,V18 (Cassiopee),
94,V89,89,4,46,1,89,1,Suntop,TL,6,V89 (Suntop),
104,V87,87,4,47,1,87,1,Sunlamb,TL,6,V87 (Sunlamb),
114,V26,26,4,48,2,26,1,CSIROW003,TL,6,V26 (CSIROW003),
15,V64,64,5,1,1,64,1,Kittyhawk,TL,1,V64 (Kittyhawk),subset\u0007
5,V12,12,5,2,2,12,1,Baudin,TL,1,V12 (Baudin),
35,V80,80,5,3,1,80,1,Scout,TL,1,V80 (Scout),
25,V17,17,5,4,2,17,1,Capstan,TL,1,V17 (Capstan),
55,V37,37,5,5,1,37,1,CSIROW087,TL,1,V37 (CSIROW087),
45,V72,72,5,6,1,72,1,Ouyen,TL,1,V72 (Ouyen),
75,V18,18,5,7,2,18,1,Cassiopee,TL,1,V18 (Cassiopee),
65,V91,91,5,8,1,91,1,Urambie,TL,1,V91 (Urambie),subset\u0007
95,V28,28,5,9,1,28,1,CSIROW007,TL,1,V28 (CSIROW007),
85,V20,20,5,10,2,20,1,Commander,TL,1,V20 (Commander),subset\u0007
115,V25,25,5,11,2,25,1,CSIROW002,TL,1,V25 (CSIROW002),
105,V52,52,5,12,1,52,1,Flinders,TL,1,V52 (Flinders),
5,V12,12,5,13,1,12,1,Baudin,TL,7,V12 (Baudin),
15,V53,53,5,14,2,53,1,Forrest,TL,7,V53 (Forrest),
25,V37,37,5,15,1,37,1,CSIROW087,TL,7,V37 (CSIROW087),
35,V54,54,5,16,2,54,1,Franklin,TL,7,V54 (Franklin),
45,V46,46,5,17,2,46,1,EGA_Wedgetail,TL,7,V46 (EGA_Wedgetail),
55,V83,83,5,18,1,83,1,Stirling,TL,7,V83 (Stirling),
65,V11,11,5,19,1,11,1,Bass,TL,7,V11 (Bass),
75,V28,28,5,20,1,28,1,CSIROW007,TL,7,V28 (CSIROW007),
85,V74,74,5,21,1,74,1,Peake,TL,7,V74 (Peake),
95,V77,77,5,22,1,77,1,Rosella,TL,7,V77 (Rosella),
105,V3,3,5,23,1,3,1,Lancer,Control,7,V3 (Lancer),
115,V19,19,5,24,1,19,1,Catalina,TL,7,V19 (Catalina),
5,V36,36,5,25,1,36,1,CSIROW077,TL,8,V36 (CSIROW077),
15,V70,70,5,26,2,70,1,Mitch,TL,8,V70 (Mitch),
25,V42,42,5,27,1,42,1,Derrimut,TL,8,V42 (Derrimut),
35,V84,84,5,28,2,84,1,Strzelecki,TL,8,V84 (Strzelecki),
45,V50,50,5,29,1,50,1,Fathom,TL,8,V50 (Fathom),subset\u0007
55,V86,86,5,30,1,86,1,Sunbri,TL,8,V86 (Sunbri),
65,V18,18,5,31,1,18,1,Cassiopee,TL,8,V18 (Cassiopee),
75,V63,63,5,32,1,63,1,Kellalac,TL,8,V63 (Kellalac),
85,V66,66,5,33,2,66,1,Longsword,TL,8,V66 (Longsword),
95,V4,4,5,34,1,4,1,Spartacus CL,Control,8,V4 (Spartacus CL),subset\u0007
105,V15,15,5,35,1,15,1,Braewood,TL,8,V15 (Braewood),
115,V39,39,5,36,1,39,1,CSIROW105,TL,8,V39 (CSIROW105),
5,V2,2,5,37,2,2,1,Beaufort,Control,6,V2 (Beaufort),
15,V56,56,5,38,1,56,1,Gauntlet,TL,6,V56 (Gauntlet),
25,V29,29,5,39,2,29,1,CSIROW011,TL,6,V29 (CSIROW011),
35,V79,79,5,40,1,79,1,Scope,TL,6,V79 (Scope),
45,V35,35,5,41,2,35,1,CSIROW073,TL,6,V35 (CSIROW073),
55,V75,75,5,42,1,75,1,Revenue,TL,6,V75 (Revenue),
65,V23,23,5,43,2,23,1,CSIROB1,TL,6,V23 (CSIROB1),
75,V71,71,5,44,1,71,1,Navigator,TL,6,V71 (Navigator),
85,V1,1,5,45,2,1,1,RGT Planet,Control,6,V1 (RGT Planet),
95,V33,33,5,46,2,33,1,CSIROW027,TL,6,V33 (CSIROW027),
105,V16,16,5,47,1,16,1,Calingiri,TL,6,V16 (Calingiri),
115,V20,20,5,48,1,20,1,Commander,TL,6,V20 (Commander),
16,V53,53,6,1,1,53,2,Forrest,TL,1,V53 (Forrest),
6,V23,23,6,2,2,23,2,CSIROB1,TL,1,V23 (CSIROB1),
36,V73,73,6,3,1,73,2,Oxford,TL,1,V73 (Oxford),
26,V6,6,6,4,1,6,2,Scepter,Control,1,V6 (Scepter),subset\u0007
56,V56,56,6,5,1,56,2,Gauntlet,TL,1,V56 (Gauntlet),
46,V22,22,6,6,2,22,2,Crusader,TL,1,V22 (Crusader),
76,V41,41,6,7,1,41,2,Dash,TL,1,V41 (Dash),
66,V3,3,6,8,1,3,2,Lancer,Control,1,V3 (Lancer),subset\u0007
96,V16,16,6,9,2,16,2,Calingiri,TL,1,V16 (Calingiri),
86,V48,48,6,10,1,48,2,Ellison,TL,1,V48 (Ellison),
116,V12,12,6,11,2,12,2,Baudin,TL,1,V12 (Baudin),
106,V83,83,6,12,1,83,2,Stirling,TL,1,V83 (Stirling),
6,V48,48,6,13,2,48,2,Ellison,TL,7,V48 (Ellison),
16,V36,36,6,14,1,36,2,CSIROW077,TL,7,V36 (CSIROW077),
26,V76,76,6,15,1,76,2,Rosalind,TL,7,V76 (Rosalind),
36,V87,87,6,16,1,87,2,Sunlamb,TL,7,V87 (Sunlamb),
46,V3,3,6,17,1,3,2,Lancer,Control,7,V3 (Lancer),
56,V9,9,6,18,1,9,2,Axe,TL,7,V9 (Axe),
66,V24,24,6,19,1,24,2,CSIROB3,TL,7,V24 (CSIROB3),
76,V57,57,6,20,2,57,2,Granger,TL,7,V57 (Granger),
86,V92,92,6,21,1,92,2,Westminster,TL,7,V92 (Westminster),
96,V96,96,6,22,1,96,2,Young,TL,7,V96 (Young),
106,V44,44,6,23,2,44,2,EGA_Gregory,TL,7,V44 (EGA_Gregory),
116,V93,93,6,24,1,93,2,Whistler,TL,7,V93 (Whistler),
6,V51,51,6,25,1,51,2,Fleet,TL,8,V51 (Fleet),
16,V71,71,6,26,2,71,2,Navigator,TL,8,V71 (Navigator),
26,V79,79,6,27,2,79,2,Scope,TL,8,V79 (Scope),
36,V2,2,6,28,2,2,2,Beaufort,Control,8,V2 (Beaufort),subset\u0007
46,V43,43,6,29,1,43,2,EGA_Eaglehawk,TL,8,V43 (EGA_Eaglehawk),
56,V65,65,6,30,2,65,2,Lockyer,TL,8,V65 (Lockyer),
66,V29,29,6,31,1,29,2,CSIROW011,TL,8,V29 (CSIROW011),
76,V80,80,6,32,2,80,2,Scout,TL,8,V80 (Scout),
86,V12,12,6,33,1,12,2,Baudin,TL,8,V12 (Baudin),
96,V70,70,6,34,2,70,2,Mitch,TL,8,V70 (Mitch),
106,V37,37,6,35,1,37,2,CSIROW087,TL,8,V37 (CSIROW087),
116,V14,14,6,36,1,14,2,Bolac,TL,8,V14 (Bolac),
6,V45,45,6,37,1,45,2,EGA_Hume,TL,6,V45 (EGA_Hume),
16,V38,38,6,38,2,38,2,CSIROW102,TL,6,V38 (CSIROW102),
26,V78,78,6,39,1,78,2,Schooner,TL,6,V78 (Schooner),
36,V84,84,6,40,1,84,2,Strzelecki,TL,6,V84 (Strzelecki),
46,V34,34,6,41,2,34,2,CSIROW029,TL,6,V34 (CSIROW029),
56,V31,31,6,42,2,31,2,CSIROW021,TL,6,V31 (CSIROW021),
66,V66,66,6,43,1,66,2,Longsword,TL,6,V66 (Longsword),
76,V72,72,6,44,1,72,2,Ouyen,TL,6,V72 (Ouyen),
86,V94,94,6,45,1,94,2,Wyalkatchem,TL,6,V94 (Wyalkatchem),
96,V58,58,6,46,1,58,2,Grenade CL Plus,TL,6,V58 (Grenade CL Plus),
106,V22,22,6,47,2,22,2,Crusader,TL,6,V22 (Crusader),
116,V30,30,6,48,2,30,2,CSIROW018,TL,6,V30 (CSIROW018),
17,V14,14,7,1,2,14,2,Bolac,TL,1,V14 (Bolac),
7,V40,40,7,2,1,40,2,Cutlass,TL,1,V40 (Cutlass),subset\u0007
37,V65,65,7,3,1,65,2,Lockyer,TL,1,V65 (Lockyer),
27,V25,25,7,4,2,25,2,CSIROW002,TL,1,V25 (CSIROW002),
57,V1,1,7,5,2,1,2,RGT Planet,Control,1,V1 (RGT Planet),subset\u0007
47,V84,84,7,6,1,84,2,Strzelecki,TL,1,V84 (Strzelecki),
77,V50,50,7,7,1,50,2,Fathom,TL,1,V50 (Fathom),subset\u0007
67,V81,81,7,8,1,81,2,Shepherd,TL,1,V81 (Shepherd),
97,V46,46,7,9,1,46,2,EGA_Wedgetail,TL,1,V46 (EGA_Wedgetail),
87,V17,17,7,10,2,17,2,Capstan,TL,1,V17 (Capstan),
117,V15,15,7,11,2,15,2,Braewood,TL,1,V15 (Braewood),
107,V47,47,7,12,1,47,2,EGA_Wills,TL,1,V47 (EGA_Wills),
7,V72,72,7,13,1,72,2,Ouyen,TL,7,V72 (Ouyen),
17,V89,89,7,14,1,89,2,Suntop,TL,7,V89 (Suntop),
27,V52,52,7,15,2,52,2,Flinders,TL,7,V52 (Flinders),
37,V49,49,7,16,2,49,2,Emu_Rock,TL,7,V49 (Emu_Rock),
47,V80,80,7,17,1,80,2,Scout,TL,7,V80 (Scout),
57,V34,34,7,18,1,34,2,CSIROW029,TL,7,V34 (CSIROW029),
67,V51,51,7,19,2,51,2,Fleet,TL,7,V51 (Fleet),
77,V69,69,7,20,1,69,2,Merinda,TL,7,V69 (Merinda),
87,V56,56,7,21,2,56,2,Gauntlet,TL,7,V56 (Gauntlet),
97,V68,68,7,22,1,68,2,Magenta,TL,7,V68 (Magenta),
107,V79,79,7,23,1,79,2,Scope,TL,7,V79 (Scope),
117,V45,45,7,24,2,45,2,EGA_Hume,TL,7,V45 (EGA_Hume),
7,V40,40,7,25,1,40,2,Cutlass,TL,8,V40 (Cutlass),subset\u0007
17,V66,66,7,26,2,66,2,Longsword,TL,8,V66 (Longsword),
27,V89,89,7,27,1,89,2,Suntop,TL,8,V89 (Suntop),subset\u0007
37,V41,41,7,28,1,41,2,Dash,TL,8,V41 (Dash),
47,V87,87,7,29,1,87,2,Sunlamb,TL,8,V87 (Sunlamb),
57,V96,96,7,30,1,96,2,Young,TL,8,V96 (Young),
67,V76,76,7,31,2,76,2,Rosalind,TL,8,V76 (Rosalind),
77,V16,16,7,32,1,16,2,Calingiri,TL,8,V16 (Calingiri),
87,V77,77,7,33,2,77,2,Rosella,TL,8,V77 (Rosella),
97,V91,91,7,34,1,91,2,Urambie,TL,8,V91 (Urambie),subset\u0007
107,V73,73,7,35,2,73,2,Oxford,TL,8,V73 (Oxford),
117,V94,94,7,36,1,94,2,Wyalkatchem,TL,8,V94 (Wyalkatchem),
7,V23,23,7,37,2,23,2,CSIROB1,TL,6,V23 (CSIROB1),
17,V19,19,7,38,1,19,2,Catalina,TL,6,V19 (Catalina),
27,V95,95,7,39,1,95,2,Yitpi,TL,6,V95 (Yitpi),
37,V65,65,7,40,1,65,2,Lockyer,TL,6,V65 (Lockyer),
47,V51,51,7,41,1,51,2,Fleet,TL,6,V51 (Fleet),
57,V32,32,7,42,2,32,2,CSIROW023,TL,6,V32 (CSIROW023),
67,V4,4,7,43,1,4,2,Spartacus CL,Control,6,V4 (Spartacus CL),
77,V53,53,7,44,1,53,2,Forrest,TL,6,V53 (Forrest),
87,V37,37,7,45,2,37,2,CSIROW087,TL,6,V37 (CSIROW087),
97,V88,88,7,46,1,88,2,Sunstate,TL,6,V88 (Sunstate),
107,V61,61,7,47,1,61,2,Janz,TL,6,V61 (Janz),
117,V68,68,7,48,1,68,2,Magenta,TL,6,V68 (Magenta),
18,V30,30,8,1,1,30,2,CSIROW018,TL,1,V30 (CSIROW018),
8,V18,18,8,2,2,18,2,Cassiopee,TL,1,V18 (Cassiopee),
38,V8,8,8,3,2,8,2,Alestar,TL,1,V8 (Alestar),
28,V35,35,8,4,1,35,2,CSIROW073,TL,1,V35 (CSIROW073),
58,V68,68,8,5,1,68,2,Magenta,TL,1,V68 (Magenta),
48,V69,69,8,6,1,69,2,Merinda,TL,1,V69 (Merinda),
78,V10,10,8,7,2,10,2,Banks,TL,1,V10 (Banks),
68,V60,60,8,8,1,60,2,H45,TL,1,V60 (H45),
98,V71,71,8,9,1,71,2,Navigator,TL,1,V71 (Navigator),
88,V13,13,8,10,2,13,2,Biere,TL,1,V13 (Biere),
118,V94,94,8,11,1,94,2,Wyalkatchem,TL,1,V94 (Wyalkatchem),
108,V2,2,8,12,2,2,2,Beaufort,Control,1,V2 (Beaufort),subset\u0007
8,V39,39,8,13,1,39,2,CSIROW105,TL,7,V39 (CSIROW105),
18,V1,1,8,14,2,1,2,RGT Planet,Control,7,V1 (RGT Planet),
28,V64,64,8,15,1,64,2,Kittyhawk,TL,7,V64 (Kittyhawk),
38,V53,53,8,16,2,53,2,Forrest,TL,7,V53 (Forrest),
48,V5,5,8,17,1,5,2,Manning,Control,7,V5 (Manning),
58,V55,55,8,18,2,55,2,Gairdner,TL,7,V55 (Gairdner),
68,V30,30,8,19,1,30,2,CSIROW018,TL,7,V30 (CSIROW018),
78,V75,75,8,20,1,75,2,Revenue,TL,7,V75 (Revenue),
88,V16,16,8,21,1,16,2,Calingiri,TL,7,V16 (Calingiri),
98,V63,63,8,22,2,63,2,Kellalac,TL,7,V63 (Kellalac),
108,V82,82,8,23,1,82,2,Spitfire,TL,7,V82 (Spitfire),
118,V47,47,8,24,2,47,2,EGA_Wills,TL,7,V47 (EGA_Wills),
8,V31,31,8,25,1,31,2,CSIROW021,TL,8,V31 (CSIROW021),
18,V35,35,8,26,1,35,2,CSIROW073,TL,8,V35 (CSIROW073),
28,V82,82,8,27,2,82,2,Spitfire,TL,8,V82 (Spitfire),
38,V11,11,8,28,1,11,2,Bass,TL,8,V11 (Bass),
48,V75,75,8,29,2,75,2,Revenue,TL,8,V75 (Revenue),
58,V83,83,8,30,2,83,2,Stirling,TL,8,V83 (Stirling),
68,V61,61,8,31,1,61,2,Janz,TL,8,V61 (Janz),
78,V45,45,8,32,1,45,2,EGA_Hume,TL,8,V45 (EGA_Hume),
88,V6,6,8,33,1,6,2,Scepter,Control,8,V6 (Scepter),subset\u0007
98,V38,38,8,34,1,38,2,CSIROW102,TL,8,V38 (CSIROW102),
108,V60,60,8,35,1,60,2,H45,TL,8,V60 (H45),
118,V5,5,8,36,1,5,2,Manning,Control,8,V5 (Manning),subset\u0007
8,V40,40,8,37,2,40,2,Cutlass,TL,6,V40 (Cutlass),
18,V44,44,8,38,1,44,2,EGA_Gregory,TL,6,V44 (EGA_Gregory),
28,V24,24,8,39,2,24,2,CSIROB3,TL,6,V24 (CSIROB3),
38,V6,6,8,40,1,6,2,Scepter,Control,6,V6 (Scepter),
48,V70,70,8,41,1,70,2,Mitch,TL,6,V70 (Mitch),
58,V12,12,8,42,1,12,2,Baudin,TL,6,V12 (Baudin),
68,V9,9,8,43,1,9,2,Axe,TL,6,V9 (Axe),
78,V28,28,8,44,2,28,2,CSIROW007,TL,6,V28 (CSIROW007),
88,V29,29,8,45,2,29,2,CSIROW011,TL,6,V29 (CSIROW011),
98,V17,17,8,46,1,17,2,Capstan,TL,6,V17 (Capstan),
108,V42,42,8,47,2,42,2,Derrimut,TL,6,V42 (Derrimut),
118,V46,46,8,48,1,46,2,EGA_Wedgetail,TL,6,V46 (EGA_Wedgetail),
19,V20,20,9,1,2,20,2,Commander,TL,1,V20 (Commander),subset\u0007
9,V74,74,9,2,1,74,2,Peake,TL,1,V74 (Peake),
39,V9,9,9,3,2,9,2,Axe,TL,1,V9 (Axe),subset\u0007
29,V19,19,9,4,2,19,2,Catalina,TL,1,V19 (Catalina),
59,V24,24,9,5,2,24,2,CSIROB3,TL,1,V24 (CSIROB3),
49,V77,77,9,6,1,77,2,Rosella,TL,1,V77 (Rosella),
79,V4,4,9,7,1,4,2,Spartacus CL,Control,1,V4 (Spartacus CL),subset\u0007
69,V76,76,9,8,1,76,2,Rosalind,TL,1,V76 (Rosalind),
99,V27,27,9,9,2,27,2,CSIROW005,TL,1,V27 (CSIROW005),
89,V63,63,9,10,1,63,2,Kellalac,TL,1,V63 (Kellalac),
119,V87,87,9,11,1,87,2,Sunlamb,TL,1,V87 (Sunlamb),
109,V38,38,9,12,1,38,2,CSIROW102,TL,1,V38 (CSIROW102),
9,V35,35,9,13,1,35,2,CSIROW073,TL,7,V35 (CSIROW073),
19,V14,14,9,14,1,14,2,Bolac,TL,7,V14 (Bolac),
29,V50,50,9,15,2,50,2,Fathom,TL,7,V50 (Fathom),
39,V6,6,9,16,1,6,2,Scepter,Control,7,V6 (Scepter),
49,V86,86,9,17,1,86,2,Sunbri,TL,7,V86 (Sunbri),
59,V58,58,9,18,2,58,2,Grenade CL Plus,TL,7,V58 (Grenade CL Plus),
69,V43,43,9,19,2,43,2,EGA_Eaglehawk,TL,7,V43 (EGA_Eaglehawk),
79,V73,73,9,20,1,73,2,Oxford,TL,7,V73 (Oxford),
89,V90,90,9,21,1,90,2,Trojan,TL,7,V90 (Trojan),
99,V65,65,9,22,1,65,2,Lockyer,TL,7,V65 (Lockyer),
109,V54,54,9,23,2,54,2,Franklin,TL,7,V54 (Franklin),
119,V8,8,9,24,1,8,2,Alestar,TL,7,V8 (Alestar),
9,V81,81,9,25,2,81,2,Shepherd,TL,8,V81 (Shepherd),
19,V57,57,9,26,1,57,2,Granger,TL,8,V57 (Granger),
29,V53,53,9,27,1,53,2,Forrest,TL,8,V53 (Forrest),
39,V4,4,9,28,1,4,2,Spartacus CL,Control,8,V4 (Spartacus CL),subset\u0007
49,V69,69,9,29,2,69,2,Merinda,TL,8,V69 (Merinda),
59,V90,90,9,30,1,90,2,Trojan,TL,8,V90 (Trojan),subset\u0007
69,V52,52,9,31,1,52,2,Flinders,TL,8,V52 (Flinders),
79,V1,1,9,32,2,1,2,RGT Planet,Control,8,V1 (RGT Planet),subset\u0007
89,V33,33,9,33,1,33,2,CSIROW027,TL,8,V33 (CSIROW027),
99,V78,78,9,34,2,78,2,Schooner,TL,8,V78 (Schooner),
109,V74,74,9,35,2,74,2,Peake,TL,8,V74 (Peake),
119,V17,17,9,36,1,17,2,Capstan,TL,8,V17 (Capstan),
9,V57,57,9,37,1,57,2,Granger,TL,6,V57 (Granger),
19,V41,41,9,38,2,41,2,Dash,TL,6,V41 (Dash),
29,V15,15,9,39,1,15,2,Braewood,TL,6,V15 (Braewood),
39,V36,36,9,40,2,36,2,CSIROW077,TL,6,V36 (CSIROW077),
49,V48,48,9,41,1,48,2,Ellison,TL,6,V48 (Ellison),
59,V10,10,9,42,1,10,2,Banks,TL,6,V10 (Banks),
69,V33,33,9,43,2,33,2,CSIROW027,TL,6,V33 (CSIROW027),
79,V25,25,9,44,2,25,2,CSIROW002,TL,6,V25 (CSIROW002),
89,V90,90,9,45,1,90,2,Trojan,TL,6,V90 (Trojan),
99,V27,27,9,46,2,27,2,CSIROW005,TL,6,V27 (CSIROW005),
109,V14,14,9,47,1,14,2,Bolac,TL,6,V14 (Bolac),
119,V77,77,9,48,1,77,2,Rosella,TL,6,V77 (Rosella),
20,V70,70,10,1,1,70,2,Mitch,TL,1,V70 (Mitch),
10,V89,89,10,2,1,89,2,Suntop,TL,1,V89 (Suntop),subset\u0007
40,V58,58,10,3,1,58,2,Grenade CL Plus,TL,1,V58 (Grenade CL Plus),
30,V96,96,10,4,1,96,2,Young,TL,1,V96 (Young),
60,V90,90,10,5,1,90,2,Trojan,TL,1,V90 (Trojan),subset\u0007
50,V21,21,10,6,2,21,2,Compass,TL,1,V21 (Compass),subset\u0007
80,V7,7,10,7,2,7,2,AGT_Scythe,TL,1,V7 (AGT_Scythe),
70,V11,11,10,8,2,11,2,Bass,TL,1,V11 (Bass),
100,V31,31,10,9,1,31,2,CSIROW021,TL,1,V31 (CSIROW021),
90,V32,32,10,10,1,32,2,CSIROW023,TL,1,V32 (CSIROW023),
120,V54,54,10,11,1,54,2,Franklin,TL,1,V54 (Franklin),
110,V26,26,10,12,2,26,2,CSIROW003,TL,1,V26 (CSIROW003),
10,V59,59,10,13,2,59,2,Grout,TL,7,V59 (Grout),
20,V46,46,10,14,2,46,2,EGA_Wedgetail,TL,7,V46 (EGA_Wedgetail),
30,V22,22,10,15,1,22,2,Crusader,TL,7,V22 (Crusader),
40,V78,78,10,16,1,78,2,Schooner,TL,7,V78 (Schooner),
50,V62,62,10,17,2,62,2,Keel,TL,7,V62 (Keel),
60,V23,23,10,18,1,23,2,CSIROB1,TL,7,V23 (CSIROB1),
70,V81,81,10,19,1,81,2,Shepherd,TL,7,V81 (Shepherd),
80,V60,60,10,20,2,60,2,H45,TL,7,V60 (H45),
90,V61,61,10,21,2,61,2,Janz,TL,7,V61 (Janz),
100,V2,2,10,22,2,2,2,Beaufort,Control,7,V2 (Beaufort),
110,V33,33,10,23,1,33,2,CSIROW027,TL,7,V33 (CSIROW027),
120,V70,70,10,24,1,70,2,Mitch,TL,7,V70 (Mitch),
10,V84,84,10,25,2,84,2,Strzelecki,TL,8,V84 (Strzelecki),
20,V27,27,10,26,1,27,2,CSIROW005,TL,8,V27 (CSIROW005),
30,V49,49,10,27,1,49,2,Emu_Rock,TL,8,V49 (Emu_Rock),
40,V72,72,10,28,2,72,2,Ouyen,TL,8,V72 (Ouyen),
50,V93,93,10,29,1,93,2,Whistler,TL,8,V93 (Whistler),
60,V56,56,10,30,1,56,2,Gauntlet,TL,8,V56 (Gauntlet),
70,V68,68,10,31,2,68,2,Magenta,TL,8,V68 (Magenta),
80,V67,67,10,32,2,67,2,Mace,TL,8,V67 (Mace),subset\u0007
90,V30,30,10,33,1,30,2,CSIROW018,TL,8,V30 (CSIROW018),
100,V88,88,10,34,1,88,2,Sunstate,TL,8,V88 (Sunstate),
110,V22,22,10,35,1,22,2,Crusader,TL,8,V22 (Crusader),
120,V64,64,10,36,2,64,2,Kittyhawk,TL,8,V64 (Kittyhawk),subset\u0007
10,V96,96,10,37,1,96,2,Young,TL,6,V96 (Young),
20,V91,91,10,38,1,91,2,Urambie,TL,6,V91 (Urambie),
30,V5,5,10,39,1,5,2,Manning,Control,6,V5 (Manning),
40,V83,83,10,40,1,83,2,Stirling,TL,6,V83 (Stirling),
50,V26,26,10,41,2,26,2,CSIROW003,TL,6,V26 (CSIROW003),
60,V62,62,10,42,1,62,2,Keel,TL,6,V62 (Keel),
70,V73,73,10,43,1,73,2,Oxford,TL,6,V73 (Oxford),
80,V49,49,10,44,1,49,2,Emu_Rock,TL,6,V49 (Emu_Rock),
90,V55,55,10,45,1,55,2,Gairdner,TL,6,V55 (Gairdner),
100,V35,35,10,46,2,35,2,CSIROW073,TL,6,V35 (CSIROW073),
110,V74,74,10,47,1,74,2,Peake,TL,6,V74 (Peake),
120,V39,39,10,48,2,39,2,CSIROW105,TL,6,V39 (CSIROW105),
1,V6,6,11,1,1,6,1,Scepter,Control,4,V6 (Scepter),subset\u0007
11,V35,35,11,2,1,35,1,CSIROW073,TL,4,V35 (CSIROW073),
21,V27,27,11,3,1,27,1,CSIROW005,TL,4,V27 (CSIROW005),
31,V53,53,11,4,1,53,1,Forrest,TL,4,V53 (Forrest),
41,V7,7,11,5,1,7,1,AGT_Scythe,TL,4,V7 (AGT_Scythe),
51,V5,5,11,6,1,5,1,Manning,Control,4,V5 (Manning),subset\u0007
61,V85,85,11,7,2,85,1,Sunbee,TL,4,V85 (Sunbee),
71,V52,52,11,8,1,52,1,Flinders,TL,4,V52 (Flinders),
81,V20,20,11,9,1,20,1,Commander,TL,4,V20 (Commander),subset\u0007
91,V93,93,11,10,1,93,1,Whistler,TL,4,V93 (Whistler),
101,V88,88,11,11,2,88,1,Sunstate,TL,4,V88 (Sunstate),
111,V56,56,11,12,1,56,1,Gauntlet,TL,4,V56 (Gauntlet),
1,V40,40,11,13,1,40,1,Cutlass,TL,5,V40 (Cutlass),
11,V87,87,11,14,1,87,1,Sunlamb,TL,5,V87 (Sunlamb),
21,V30,30,11,15,1,30,1,CSIROW018,TL,5,V30 (CSIROW018),
31,V70,70,11,16,1,70,1,Mitch,TL,5,V70 (Mitch),
41,V13,13,11,17,2,13,1,Biere,TL,5,V13 (Biere),
51,V68,68,11,18,1,68,1,Magenta,TL,5,V68 (Magenta),
61,V18,18,11,19,2,18,1,Cassiopee,TL,5,V18 (Cassiopee),
71,V37,37,11,20,1,37,1,CSIROW087,TL,5,V37 (CSIROW087),
81,V36,36,11,21,1,36,1,CSIROW077,TL,5,V36 (CSIROW077),
91,V10,10,11,22,2,10,1,Banks,TL,5,V10 (Banks),
101,V25,25,11,23,1,25,1,CSIROW002,TL,5,V25 (CSIROW002),
111,V91,91,11,24,2,91,1,Urambie,TL,5,V91 (Urambie),
1,V40,40,11,25,2,40,1,Cutlass,TL,2,V40 (Cutlass),
11,V52,52,11,26,1,52,1,Flinders,TL,2,V52 (Flinders),
21,V58,58,11,27,1,58,1,Grenade CL Plus,TL,2,V58 (Grenade CL Plus),
31,V76,76,11,28,1,76,1,Rosalind,TL,2,V76 (Rosalind),
41,V28,28,11,29,2,28,1,CSIROW007,TL,2,V28 (CSIROW007),
51,V34,34,11,30,2,34,1,CSIROW029,TL,2,V34 (CSIROW029),
61,V49,49,11,31,1,49,1,Emu_Rock,TL,2,V49 (Emu_Rock),
71,V10,10,11,32,1,10,1,Banks,TL,2,V10 (Banks),
81,V17,17,11,33,1,17,1,Capstan,TL,2,V17 (Capstan),
91,V43,43,11,34,2,43,1,EGA_Eaglehawk,TL,2,V43 (EGA_Eaglehawk),
101,V86,86,11,35,1,86,1,Sunbri,TL,2,V86 (Sunbri),
111,V4,4,11,36,1,4,1,Spartacus CL,Control,2,V4 (Spartacus CL),
1,V46,46,11,37,1,46,1,EGA_Wedgetail,TL,3,V46 (EGA_Wedgetail),
11,V26,26,11,38,1,26,1,CSIROW003,TL,3,V26 (CSIROW003),
21,V65,65,11,39,2,65,1,Lockyer,TL,3,V65 (Lockyer),
31,V42,42,11,40,1,42,1,Derrimut,TL,3,V42 (Derrimut),
41,V2,2,11,41,2,2,1,Beaufort,Control,3,V2 (Beaufort),
51,V38,38,11,42,1,38,1,CSIROW102,TL,3,V38 (CSIROW102),
61,V32,32,11,43,1,32,1,CSIROW023,TL,3,V32 (CSIROW023),
71,V68,68,11,44,2,68,1,Magenta,TL,3,V68 (Magenta),
81,V10,10,11,45,1,10,1,Banks,TL,3,V10 (Banks),
91,V45,45,11,46,1,45,1,EGA_Hume,TL,3,V45 (EGA_Hume),
101,V50,50,11,47,2,50,1,Fathom,TL,3,V50 (Fathom),
111,V95,95,11,48,1,95,1,Yitpi,TL,3,V95 (Yitpi),
2,V60,60,12,1,1,60,1,H45,TL,4,V60 (H45),
12,V77,77,12,2,2,77,1,Rosella,TL,4,V77 (Rosella),
22,V9,9,12,3,1,9,1,Axe,TL,4,V9 (Axe),subset\u0007
32,V82,82,12,4,2,82,1,Spitfire,TL,4,V82 (Spitfire),
42,V72,72,12,5,2,72,1,Ouyen,TL,4,V72 (Ouyen),
52,V33,33,12,6,1,33,1,CSIROW027,TL,4,V33 (CSIROW027),
62,V64,64,12,7,1,64,1,Kittyhawk,TL,4,V64 (Kittyhawk),subset\u0007
72,V80,80,12,8,2,80,1,Scout,TL,4,V80 (Scout),
82,V66,66,12,9,1,66,1,Longsword,TL,4,V66 (Longsword),
92,V70,70,12,10,2,70,1,Mitch,TL,4,V70 (Mitch),
102,V63,63,12,11,1,63,1,Kellalac,TL,4,V63 (Kellalac),
112,V87,87,12,12,2,87,1,Sunlamb,TL,4,V87 (Sunlamb),
2,V93,93,12,13,2,93,1,Whistler,TL,5,V93 (Whistler),
12,V24,24,12,14,1,24,1,CSIROB3,TL,5,V24 (CSIROB3),
22,V55,55,12,15,1,55,1,Gairdner,TL,5,V55 (Gairdner),
32,V14,14,12,16,2,14,1,Bolac,TL,5,V14 (Bolac),
42,V5,5,12,17,1,5,1,Manning,Control,5,V5 (Manning),
52,V29,29,12,18,1,29,1,CSIROW011,TL,5,V29 (CSIROW011),
62,V60,60,12,19,1,60,1,H45,TL,5,V60 (H45),
72,V95,95,12,20,2,95,1,Yitpi,TL,5,V95 (Yitpi),
82,V11,11,12,21,2,11,1,Bass,TL,5,V11 (Bass),
92,V54,54,12,22,1,54,1,Franklin,TL,5,V54 (Franklin),
102,V19,19,12,23,2,19,1,Catalina,TL,5,V19 (Catalina),
112,V51,51,12,24,1,51,1,Fleet,TL,5,V51 (Fleet),
2,V16,16,12,25,1,16,1,Calingiri,TL,2,V16 (Calingiri),
12,V63,63,12,26,1,63,1,Kellalac,TL,2,V63 (Kellalac),
22,V39,39,12,27,2,39,1,CSIROW105,TL,2,V39 (CSIROW105),
32,V6,6,12,28,1,6,1,Scepter,Control,2,V6 (Scepter),
42,V90,90,12,29,1,90,1,Trojan,TL,2,V90 (Trojan),
52,V55,55,12,30,1,55,1,Gairdner,TL,2,V55 (Gairdner),
62,V42,42,12,31,2,42,1,Derrimut,TL,2,V42 (Derrimut),
72,V35,35,12,32,2,35,1,CSIROW073,TL,2,V35 (CSIROW073),
82,V56,56,12,33,1,56,1,Gauntlet,TL,2,V56 (Gauntlet),
92,V66,66,12,34,1,66,1,Longsword,TL,2,V66 (Longsword),
102,V38,38,12,35,2,38,1,CSIROW102,TL,2,V38 (CSIROW102),
112,V23,23,12,36,1,23,1,CSIROB1,TL,2,V23 (CSIROB1),
2,V91,91,12,37,1,91,1,Urambie,TL,3,V91 (Urambie),
12,V63,63,12,38,2,63,1,Kellalac,TL,3,V63 (Kellalac),
22,V13,13,12,39,1,13,1,Biere,TL,3,V13 (Biere),
32,V94,94,12,40,1,94,1,Wyalkatchem,TL,3,V94 (Wyalkatchem),
42,V54,54,12,41,2,54,1,Franklin,TL,3,V54 (Franklin),
52,V48,48,12,42,1,48,1,Ellison,TL,3,V48 (Ellison),
62,V87,87,12,43,1,87,1,Sunlamb,TL,3,V87 (Sunlamb),
72,V73,73,12,44,1,73,1,Oxford,TL,3,V73 (Oxford),
82,V55,55,12,45,2,55,1,Gairdner,TL,3,V55 (Gairdner),
92,V56,56,12,46,2,56,1,Gauntlet,TL,3,V56 (Gauntlet),
102,V34,34,12,47,1,34,1,CSIROW029,TL,3,V34 (CSIROW029),
112,V66,66,12,48,2,66,1,Longsword,TL,3,V66 (Longsword),
3,V78,78,13,1,2,78,1,Schooner,TL,4,V78 (Schooner),
13,V79,79,13,2,2,79,1,Scope,TL,4,V79 (Scope),
23,V75,75,13,3,2,75,1,Revenue,TL,4,V75 (Revenue),
33,V47,47,13,4,1,47,1,EGA_Wills,TL,4,V47 (EGA_Wills),
43,V24,24,13,5,1,24,1,CSIROB3,TL,4,V24 (CSIROB3),
53,V67,67,13,6,1,67,1,Mace,TL,4,V67 (Mace),subset\u0007
63,V13,13,13,7,1,13,1,Biere,TL,4,V13 (Biere),
73,V43,43,13,8,1,43,1,EGA_Eaglehawk,TL,4,V43 (EGA_Eaglehawk),
83,V83,83,13,9,2,83,1,Stirling,TL,4,V83 (Stirling),
93,V73,73,13,10,2,73,1,Oxford,TL,4,V73 (Oxford),
103,V25,25,13,11,1,25,1,CSIROW002,TL,4,V25 (CSIROW002),
113,V30,30,13,12,1,30,1,CSIROW018,TL,4,V30 (CSIROW018),
3,V75,75,13,13,1,75,1,Revenue,TL,5,V75 (Revenue),
13,V9,9,13,14,2,9,1,Axe,TL,5,V9 (Axe),
23,V15,15,13,15,2,15,1,Braewood,TL,5,V15 (Braewood),
33,V69,69,13,16,1,69,1,Merinda,TL,5,V69 (Merinda),
43,V44,44,13,17,1,44,1,EGA_Gregory,TL,5,V44 (EGA_Gregory),
53,V3,3,13,18,1,3,1,Lancer,Control,5,V3 (Lancer),
63,V58,58,13,19,1,58,1,Grenade CL Plus,TL,5,V58 (Grenade CL Plus),
73,V43,43,13,20,1,43,1,EGA_Eaglehawk,TL,5,V43 (EGA_Eaglehawk),
83,V2,2,13,21,2,2,1,Beaufort,Control,5,V2 (Beaufort),
93,V16,16,13,22,2,16,1,Calingiri,TL,5,V16 (Calingiri),
103,V27,27,13,23,1,27,1,CSIROW005,TL,5,V27 (CSIROW005),
113,V28,28,13,24,1,28,1,CSIROW007,TL,5,V28 (CSIROW007),
3,V95,95,13,25,1,95,1,Yitpi,TL,2,V95 (Yitpi),
13,V32,32,13,26,2,32,1,CSIROW023,TL,2,V32 (CSIROW023),
23,V93,93,13,27,1,93,1,Whistler,TL,2,V93 (Whistler),
33,V91,91,13,28,1,91,1,Urambie,TL,2,V91 (Urambie),
43,V48,48,13,29,2,48,1,Ellison,TL,2,V48 (Ellison),
53,V26,26,13,30,1,26,1,CSIROW003,TL,2,V26 (CSIROW003),
63,V74,74,13,31,1,74,1,Peake,TL,2,V74 (Peake),
73,V8,8,13,32,1,8,1,Alestar,TL,2,V8 (Alestar),
83,V46,46,13,33,2,46,1,EGA_Wedgetail,TL,2,V46 (EGA_Wedgetail),
93,V19,19,13,34,1,19,1,Catalina,TL,2,V19 (Catalina),
103,V45,45,13,35,2,45,1,EGA_Hume,TL,2,V45 (EGA_Hume),
113,V67,67,13,36,1,67,1,Mace,TL,2,V67 (Mace),
3,V52,52,13,37,2,52,1,Flinders,TL,3,V52 (Flinders),
13,V47,47,13,38,1,47,1,EGA_Wills,TL,3,V47 (EGA_Wills),
23,V37,37,13,39,1,37,1,CSIROW087,TL,3,V37 (CSIROW087),
33,V58,58,13,40,2,58,1,Grenade CL Plus,TL,3,V58 (Grenade CL Plus),
43,V74,74,13,41,1,74,1,Peake,TL,3,V74 (Peake),
53,V89,89,13,42,1,89,1,Suntop,TL,3,V89 (Suntop),
63,V69,69,13,43,2,69,1,Merinda,TL,3,V69 (Merinda),
73,V7,7,13,44,1,7,1,AGT_Scythe,TL,3,V7 (AGT_Scythe),
83,V3,3,13,45,1,3,1,Lancer,Control,3,V3 (Lancer),
93,V86,86,13,46,1,86,1,Sunbri,TL,3,V86 (Sunbri),
103,V82,82,13,47,1,82,1,Spitfire,TL,3,V82 (Spitfire),
113,V62,62,13,48,2,62,1,Keel,TL,3,V62 (Keel),
4,V59,59,14,1,1,59,1,Grout,TL,4,V59 (Grout),
14,V1,1,14,2,2,1,1,RGT Planet,Control,4,V1 (RGT Planet),subset\u0007
24,V50,50,14,3,1,50,1,Fathom,TL,4,V50 (Fathom),subset\u0007
34,V32,32,14,4,1,32,1,CSIROW023,TL,4,V32 (CSIROW023),
44,V81,81,14,5,2,81,1,Shepherd,TL,4,V81 (Shepherd),
54,V18,18,14,6,1,18,1,Cassiopee,TL,4,V18 (Cassiopee),
64,V84,84,14,7,2,84,1,Strzelecki,TL,4,V84 (Strzelecki),
74,V61,61,14,8,1,61,1,Janz,TL,4,V61 (Janz),
84,V89,89,14,9,2,89,1,Suntop,TL,4,V89 (Suntop),subset\u0007
94,V42,42,14,10,1,42,1,Derrimut,TL,4,V42 (Derrimut),
104,V96,96,14,11,1,96,1,Young,TL,4,V96 (Young),
114,V76,76,14,12,2,76,1,Rosalind,TL,4,V76 (Rosalind),
4,V84,84,14,13,1,84,1,Strzelecki,TL,5,V84 (Strzelecki),
14,V1,1,14,14,2,1,1,RGT Planet,Control,5,V1 (RGT Planet),
24,V12,12,14,15,2,12,1,Baudin,TL,5,V12 (Baudin),
34,V61,61,14,16,1,61,1,Janz,TL,5,V61 (Janz),
44,V92,92,14,17,2,92,1,Westminster,TL,5,V92 (Westminster),
54,V34,34,14,18,1,34,1,CSIROW029,TL,5,V34 (CSIROW029),
64,V67,67,14,19,1,67,1,Mace,TL,5,V67 (Mace),
74,V8,8,14,20,2,8,1,Alestar,TL,5,V8 (Alestar),
84,V73,73,14,21,1,73,1,Oxford,TL,5,V73 (Oxford),
94,V88,88,14,22,1,88,1,Sunstate,TL,5,V88 (Sunstate),
104,V17,17,14,23,2,17,1,Capstan,TL,5,V17 (Capstan),
114,V89,89,14,24,1,89,1,Suntop,TL,5,V89 (Suntop),
4,V15,15,14,25,1,15,1,Braewood,TL,2,V15 (Braewood),
14,V59,59,14,26,1,59,1,Grout,TL,2,V59 (Grout),
24,V47,47,14,27,2,47,1,EGA_Wills,TL,2,V47 (EGA_Wills),
34,V2,2,14,28,2,2,1,Beaufort,Control,2,V2 (Beaufort),
44,V79,79,14,29,1,79,1,Scope,TL,2,V79 (Scope),
54,V73,73,14,30,1,73,1,Oxford,TL,2,V73 (Oxford),
64,V61,61,14,31,1,61,1,Janz,TL,2,V61 (Janz),
74,V41,41,14,32,2,41,1,Dash,TL,2,V41 (Dash),
84,V44,44,14,33,2,44,1,EGA_Gregory,TL,2,V44 (EGA_Gregory),
94,V77,77,14,34,1,77,1,Rosella,TL,2,V77 (Rosella),
104,V75,75,14,35,1,75,1,Revenue,TL,2,V75 (Revenue),
114,V29,29,14,36,2,29,1,CSIROW011,TL,2,V29 (CSIROW011),
4,V77,77,14,37,1,77,1,Rosella,TL,3,V77 (Rosella),
14,V1,1,14,38,2,1,1,RGT Planet,Control,3,V1 (RGT Planet),
24,V64,64,14,39,2,64,1,Kittyhawk,TL,3,V64 (Kittyhawk),
34,V78,78,14,40,1,78,1,Schooner,TL,3,V78 (Schooner),
44,V20,20,14,41,1,20,1,Commander,TL,3,V20 (Commander),
54,V67,67,14,42,2,67,1,Mace,TL,3,V67 (Mace),
64,V31,31,14,43,1,31,1,CSIROW021,TL,3,V31 (CSIROW021),
74,V60,60,14,44,2,60,1,H45,TL,3,V60 (H45),
84,V40,40,14,45,1,40,1,Cutlass,TL,3,V40 (Cutlass),
94,V25,25,14,46,1,25,1,CSIROW002,TL,3,V25 (CSIROW002),
104,V57,57,14,47,2,57,1,Granger,TL,3,V57 (Granger),
114,V81,81,14,48,1,81,1,Shepherd,TL,3,V81 (Shepherd),
5,V23,23,15,1,1,23,1,CSIROB1,TL,4,V23 (CSIROB1),
15,V57,57,15,2,1,57,1,Granger,TL,4,V57 (Granger),
25,V90,90,15,3,2,90,1,Trojan,TL,4,V90 (Trojan),subset\u0007
35,V71,71,15,4,2,71,1,Navigator,TL,4,V71 (Navigator),
45,V31,31,15,5,1,31,1,CSIROW021,TL,4,V31 (CSIROW021),
55,V74,74,15,6,2,74,1,Peake,TL,4,V74 (Peake),
65,V26,26,15,7,1,26,1,CSIROW003,TL,4,V26 (CSIROW003),
75,V4,4,15,8,1,4,1,Spartacus CL,Control,4,V4 (Spartacus CL),subset\u0007
85,V95,95,15,9,1,95,1,Yitpi,TL,4,V95 (Yitpi),
95,V69,69,15,10,1,69,1,Merinda,TL,4,V69 (Merinda),
105,V86,86,15,11,2,86,1,Sunbri,TL,4,V86 (Sunbri),
115,V91,91,15,12,1,91,1,Urambie,TL,4,V91 (Urambie),subset\u0007
5,V96,96,15,13,2,96,1,Young,TL,5,V96 (Young),
15,V41,41,15,14,1,41,1,Dash,TL,5,V41 (Dash),
25,V49,49,15,15,1,49,1,Emu_Rock,TL,5,V49 (Emu_Rock),
35,V21,21,15,16,2,21,1,Compass,TL,5,V21 (Compass),
45,V66,66,15,17,1,66,1,Longsword,TL,5,V66 (Longsword),
55,V7,7,15,18,2,7,1,AGT_Scythe,TL,5,V7 (AGT_Scythe),
65,V94,94,15,19,2,94,1,Wyalkatchem,TL,5,V94 (Wyalkatchem),
75,V86,86,15,20,1,86,1,Sunbri,TL,5,V86 (Sunbri),
85,V33,33,15,21,1,33,1,CSIROW027,TL,5,V33 (CSIROW027),
95,V64,64,15,22,1,64,1,Kittyhawk,TL,5,V64 (Kittyhawk),
105,V90,90,15,23,1,90,1,Trojan,TL,5,V90 (Trojan),
115,V20,20,15,24,2,20,1,Commander,TL,5,V20 (Commander),
5,V31,31,15,25,2,31,1,CSIROW021,TL,2,V31 (CSIROW021),
15,V30,30,15,26,2,30,1,CSIROW018,TL,2,V30 (CSIROW018),
25,V60,60,15,27,1,60,1,H45,TL,2,V60 (H45),
35,V37,37,15,28,2,37,1,CSIROW087,TL,2,V37 (CSIROW087),
45,V25,25,15,29,1,25,1,CSIROW002,TL,2,V25 (CSIROW002),
55,V33,33,15,30,2,33,1,CSIROW027,TL,2,V33 (CSIROW027),
65,V5,5,15,31,1,5,1,Manning,Control,2,V5 (Manning),
75,V11,11,15,32,1,11,1,Bass,TL,2,V11 (Bass),
85,V70,70,15,33,1,70,1,Mitch,TL,2,V70 (Mitch),
95,V36,36,15,34,2,36,1,CSIROW077,TL,2,V36 (CSIROW077),
105,V92,92,15,35,1,92,1,Westminster,TL,2,V92 (Westminster),
115,V53,53,15,36,1,53,1,Forrest,TL,2,V53 (Forrest),
5,V49,49,15,37,2,49,1,Emu_Rock,TL,3,V49 (Emu_Rock),
15,V30,30,15,38,1,30,1,CSIROW018,TL,3,V30 (CSIROW018),
25,V15,15,15,39,1,15,1,Braewood,TL,3,V15 (Braewood),
35,V53,53,15,40,2,53,1,Forrest,TL,3,V53 (Forrest),
45,V9,9,15,41,1,9,1,Axe,TL,3,V9 (Axe),
55,V51,51,15,42,2,51,1,Fleet,TL,3,V51 (Fleet),
65,V59,59,15,43,2,59,1,Grout,TL,3,V59 (Grout),
75,V83,83,15,44,1,83,1,Stirling,TL,3,V83 (Stirling),
85,V5,5,15,45,1,5,1,Manning,Control,3,V5 (Manning),
95,V61,61,15,46,2,61,1,Janz,TL,3,V61 (Janz),
105,V93,93,15,47,1,93,1,Whistler,TL,3,V93 (Whistler),
115,V11,11,15,48,1,11,1,Bass,TL,3,V11 (Bass),
6,V14,14,16,1,1,14,1,Bolac,TL,4,V14 (Bolac),
16,V80,80,16,2,2,80,1,Scout,TL,4,V80 (Scout),
26,V41,41,16,3,1,41,1,Dash,TL,4,V41 (Dash),
36,V19,19,16,4,1,19,1,Catalina,TL,4,V19 (Catalina),
46,V8,8,16,5,1,8,1,Alestar,TL,4,V8 (Alestar),
56,V89,89,16,6,2,89,1,Suntop,TL,4,V89 (Suntop),subset\u0007
66,V62,62,16,7,1,62,1,Keel,TL,4,V62 (Keel),
76,V74,74,16,8,2,74,1,Peake,TL,4,V74 (Peake),
86,V79,79,16,9,2,79,1,Scope,TL,4,V79 (Scope),
96,V28,28,16,10,1,28,1,CSIROW007,TL,4,V28 (CSIROW007),
106,V17,17,16,11,1,17,1,Capstan,TL,4,V17 (Capstan),
116,V11,11,16,12,1,11,1,Bass,TL,4,V11 (Bass),
6,V35,35,16,13,1,35,1,CSIROW073,TL,5,V35 (CSIROW073),
16,V81,81,16,14,1,81,1,Shepherd,TL,5,V81 (Shepherd),
26,V3,3,16,15,1,3,1,Lancer,Control,5,V3 (Lancer),
36,V45,45,16,16,1,45,1,EGA_Hume,TL,5,V45 (EGA_Hume),
46,V12,12,16,17,2,12,1,Baudin,TL,5,V12 (Baudin),
56,V94,94,16,18,2,94,1,Wyalkatchem,TL,5,V94 (Wyalkatchem),
66,V10,10,16,19,2,10,1,Banks,TL,5,V10 (Banks),
76,V47,47,16,20,1,47,1,EGA_Wills,TL,5,V47 (EGA_Wills),
86,V14,14,16,21,2,14,1,Bolac,TL,5,V14 (Bolac),
96,V2,2,16,22,2,2,1,Beaufort,Control,5,V2 (Beaufort),
106,V52,52,16,23,1,52,1,Flinders,TL,5,V52 (Flinders),
116,V72,72,16,24,1,72,1,Ouyen,TL,5,V72 (Ouyen),
6,V4,4,16,25,1,4,1,Spartacus CL,Control,2,V4 (Spartacus CL),
16,V27,27,16,26,1,27,1,CSIROW005,TL,2,V27 (CSIROW005),
26,V33,33,16,27,2,33,1,CSIROW027,TL,2,V33 (CSIROW027),
36,V81,81,16,28,1,81,1,Shepherd,TL,2,V81 (Shepherd),
46,V45,45,16,29,2,45,1,EGA_Hume,TL,2,V45 (EGA_Hume),
56,V31,31,16,30,2,31,1,CSIROW021,TL,2,V31 (CSIROW021),
66,V57,57,16,31,1,57,1,Granger,TL,2,V57 (Granger),
76,V72,72,16,32,1,72,1,Ouyen,TL,2,V72 (Ouyen),
86,V20,20,16,33,1,20,1,Commander,TL,2,V20 (Commander),
96,V65,65,16,34,1,65,1,Lockyer,TL,2,V65 (Lockyer),
106,V84,84,16,35,1,84,1,Strzelecki,TL,2,V84 (Strzelecki),
116,V47,47,16,36,2,47,1,EGA_Wills,TL,2,V47 (EGA_Wills),
6,V60,60,16,37,2,60,1,H45,TL,3,V60 (H45),
16,V43,43,16,38,1,43,1,EGA_Eaglehawk,TL,3,V43 (EGA_Eaglehawk),
26,V23,23,16,39,1,23,1,CSIROB1,TL,3,V23 (CSIROB1),
36,V36,36,16,40,1,36,1,CSIROW077,TL,3,V36 (CSIROW077),
46,V66,66,16,41,2,66,1,Longsword,TL,3,V66 (Longsword),
56,V92,92,16,42,1,92,1,Westminster,TL,3,V92 (Westminster),
66,V24,24,16,43,1,24,1,CSIROB3,TL,3,V24 (CSIROB3),
76,V50,50,16,44,2,50,1,Fathom,TL,3,V50 (Fathom),
86,V35,35,16,45,1,35,1,CSIROW073,TL,3,V35 (CSIROW073),
96,V19,19,16,46,1,19,1,Catalina,TL,3,V19 (Catalina),
106,V2,2,16,47,2,2,1,Beaufort,Control,3,V2 (Beaufort),
116,V52,52,16,48,2,52,1,Flinders,TL,3,V52 (Flinders),
7,V3,3,17,1,1,3,1,Lancer,Control,4,V3 (Lancer),subset\u0007
17,V40,40,17,2,1,40,1,Cutlass,TL,4,V40 (Cutlass),subset\u0007
27,V86,86,17,3,2,86,1,Sunbri,TL,4,V86 (Sunbri),
37,V54,54,17,4,1,54,1,Franklin,TL,4,V54 (Franklin),
47,V76,76,17,5,2,76,1,Rosalind,TL,4,V76 (Rosalind),
57,V10,10,17,6,1,10,1,Banks,TL,4,V10 (Banks),
67,V2,2,17,7,2,2,1,Beaufort,Control,4,V2 (Beaufort),subset\u0007
77,V12,12,17,8,1,12,1,Baudin,TL,4,V12 (Baudin),
87,V68,68,17,9,1,68,1,Magenta,TL,4,V68 (Magenta),
97,V75,75,17,10,2,75,1,Revenue,TL,4,V75 (Revenue),
107,V72,72,17,11,2,72,1,Ouyen,TL,4,V72 (Ouyen),
117,V84,84,17,12,2,84,1,Strzelecki,TL,4,V84 (Strzelecki),
7,V7,7,17,13,2,7,1,AGT_Scythe,TL,5,V7 (AGT_Scythe),
17,V17,17,17,14,2,17,1,Capstan,TL,5,V17 (Capstan),
27,V71,71,17,15,1,71,1,Navigator,TL,5,V71 (Navigator),
37,V79,79,17,16,1,79,1,Scope,TL,5,V79 (Scope),
47,V53,53,17,17,1,53,1,Forrest,TL,5,V53 (Forrest),
57,V9,9,17,18,2,9,1,Axe,TL,5,V9 (Axe),
67,V39,39,17,19,1,39,1,CSIROW105,TL,5,V39 (CSIROW105),
77,V50,50,17,20,1,50,1,Fathom,TL,5,V50 (Fathom),
87,V6,6,17,21,1,6,1,Scepter,Control,5,V6 (Scepter),
97,V63,63,17,22,1,63,1,Kellalac,TL,5,V63 (Kellalac),
107,V93,93,17,23,2,93,1,Whistler,TL,5,V93 (Whistler),
117,V65,65,17,24,1,65,1,Lockyer,TL,5,V65 (Lockyer),
7,V54,54,17,25,1,54,1,Franklin,TL,2,V54 (Franklin),
17,V46,46,17,26,2,46,1,EGA_Wedgetail,TL,2,V46 (EGA_Wedgetail),
27,V78,78,17,27,1,78,1,Schooner,TL,2,V78 (Schooner),
37,V41,41,17,28,2,41,1,Dash,TL,2,V41 (Dash),
47,V83,83,17,29,1,83,1,Stirling,TL,2,V83 (Stirling),
57,V22,22,17,30,1,22,1,Crusader,TL,2,V22 (Crusader),
67,V89,89,17,31,1,89,1,Suntop,TL,2,V89 (Suntop),
77,V30,30,17,32,2,30,1,CSIROW018,TL,2,V30 (CSIROW018),
87,V6,6,17,33,1,6,1,Scepter,Control,2,V6 (Scepter),
97,V64,64,17,34,1,64,1,Kittyhawk,TL,2,V64 (Kittyhawk),
107,V94,94,17,35,1,94,1,Wyalkatchem,TL,2,V94 (Wyalkatchem),
117,V7,7,17,36,1,7,1,AGT_Scythe,TL,2,V7 (AGT_Scythe),
7,V16,16,17,37,1,16,1,Calingiri,TL,3,V16 (Calingiri),
17,V28,28,17,38,1,28,1,CSIROW007,TL,3,V28 (CSIROW007),
27,V3,3,17,39,1,3,1,Lancer,Control,3,V3 (Lancer),
37,V68,68,17,40,2,68,1,Magenta,TL,3,V68 (Magenta),
47,V21,21,17,41,1,21,1,Compass,TL,3,V21 (Compass),
57,V6,6,17,42,1,6,1,Scepter,Control,3,V6 (Scepter),
67,V8,8,17,43,1,8,1,Alestar,TL,3,V8 (Alestar),
77,V64,64,17,44,2,64,1,Kittyhawk,TL,3,V64 (Kittyhawk),
87,V63,63,17,45,2,63,1,Kellalac,TL,3,V63 (Kellalac),
97,V88,88,17,46,1,88,1,Sunstate,TL,3,V88 (Sunstate),
107,V27,27,17,47,1,27,1,CSIROW005,TL,3,V27 (CSIROW005),
117,V39,39,17,48,1,39,1,CSIROW105,TL,3,V39 (CSIROW105),
8,V37,37,18,1,1,37,1,CSIROW087,TL,4,V37 (CSIROW087),
18,V71,71,18,2,2,71,1,Navigator,TL,4,V71 (Navigator),
28,V5,5,18,3,1,5,1,Manning,Control,4,V5 (Manning),subset\u0007
38,V90,90,18,4,2,90,1,Trojan,TL,4,V90 (Trojan),subset\u0007
48,V92,92,18,5,1,92,1,Westminster,TL,4,V92 (Westminster),
58,V85,85,18,6,2,85,1,Sunbee,TL,4,V85 (Sunbee),
68,V73,73,18,7,2,73,1,Oxford,TL,4,V73 (Oxford),
78,V29,29,18,8,1,29,1,CSIROW011,TL,4,V29 (CSIROW011),
88,V34,34,18,9,1,34,1,CSIROW029,TL,4,V34 (CSIROW029),
98,V77,77,18,10,2,77,1,Rosella,TL,4,V77 (Rosella),
108,V21,21,18,11,1,21,1,Compass,TL,4,V21 (Compass),subset\u0007
118,V65,65,18,12,1,65,1,Lockyer,TL,4,V65 (Lockyer),
8,V11,11,18,13,2,11,1,Bass,TL,5,V11 (Bass),
18,V46,46,18,14,1,46,1,EGA_Wedgetail,TL,5,V46 (EGA_Wedgetail),
28,V8,8,18,15,2,8,1,Alestar,TL,5,V8 (Alestar),
38,V23,23,18,16,1,23,1,CSIROB1,TL,5,V23 (CSIROB1),
48,V83,83,18,17,1,83,1,Stirling,TL,5,V83 (Stirling),
58,V80,80,18,18,1,80,1,Scout,TL,5,V80 (Scout),
68,V57,57,18,19,1,57,1,Granger,TL,5,V57 (Granger),
78,V20,20,18,20,2,20,1,Commander,TL,5,V20 (Commander),
88,V15,15,18,21,2,15,1,Braewood,TL,5,V15 (Braewood),
98,V77,77,18,22,1,77,1,Rosella,TL,5,V77 (Rosella),
108,V78,78,18,23,1,78,1,Schooner,TL,5,V78 (Schooner),
118,V96,96,18,24,2,96,1,Young,TL,5,V96 (Young),
8,V37,37,18,25,2,37,1,CSIROW087,TL,2,V37 (CSIROW087),
18,V18,18,18,26,1,18,1,Cassiopee,TL,2,V18 (Cassiopee),
28,V9,9,18,27,1,9,1,Axe,TL,2,V9 (Axe),
38,V42,42,18,28,2,42,1,Derrimut,TL,2,V42 (Derrimut),
48,V3,3,18,29,1,3,1,Lancer,Control,2,V3 (Lancer),
58,V80,80,18,30,1,80,1,Scout,TL,2,V80 (Scout),
68,V1,1,18,31,2,1,1,RGT Planet,Control,2,V1 (RGT Planet),
78,V29,29,18,32,2,29,1,CSIROW011,TL,2,V29 (CSIROW011),
88,V13,13,18,33,1,13,1,Biere,TL,2,V13 (Biere),
98,V40,40,18,34,2,40,1,Cutlass,TL,2,V40 (Cutlass),
108,V35,35,18,35,2,35,1,CSIROW073,TL,2,V35 (CSIROW073),
118,V28,28,18,36,2,28,1,CSIROW007,TL,2,V28 (CSIROW007),
8,V29,29,18,37,1,29,1,CSIROW011,TL,3,V29 (CSIROW011),
18,V57,57,18,38,2,57,1,Granger,TL,3,V57 (Granger),
28,V41,41,18,39,1,41,1,Dash,TL,3,V41 (Dash),
38,V61,61,18,40,2,61,1,Janz,TL,3,V61 (Janz),
48,V65,65,18,41,2,65,1,Lockyer,TL,3,V65 (Lockyer),
58,V22,22,18,42,1,22,1,Crusader,TL,3,V22 (Crusader),
68,V53,53,18,43,2,53,1,Forrest,TL,3,V53 (Forrest),
78,V12,12,18,44,1,12,1,Baudin,TL,3,V12 (Baudin),
88,V70,70,18,45,1,70,1,Mitch,TL,3,V70 (Mitch),
98,V54,54,18,46,2,54,1,Franklin,TL,3,V54 (Franklin),
108,V69,69,18,47,2,69,1,Merinda,TL,3,V69 (Merinda),
118,V75,75,18,48,1,75,1,Revenue,TL,3,V75 (Revenue),
9,V88,88,19,1,2,88,1,Sunstate,TL,4,V88 (Sunstate),
19,V55,55,19,2,1,55,1,Gairdner,TL,4,V55 (Gairdner),
29,V58,58,19,3,1,58,1,Grenade CL Plus,TL,4,V58 (Grenade CL Plus),
39,V78,78,19,4,2,78,1,Schooner,TL,4,V78 (Schooner),
49,V94,94,19,5,1,94,1,Wyalkatchem,TL,4,V94 (Wyalkatchem),
59,V46,46,19,6,1,46,1,EGA_Wedgetail,TL,4,V46 (EGA_Wedgetail),
69,V16,16,19,7,1,16,1,Calingiri,TL,4,V16 (Calingiri),
79,V87,87,19,8,2,87,1,Sunlamb,TL,4,V87 (Sunlamb),
89,V48,48,19,9,1,48,1,Ellison,TL,4,V48 (Ellison),
99,V39,39,19,10,1,39,1,CSIROW105,TL,4,V39 (CSIROW105),
109,V4,4,19,11,1,4,1,Spartacus CL,Control,4,V4 (Spartacus CL),subset\u0007
119,V82,82,19,12,2,82,1,Spitfire,TL,4,V82 (Spitfire),
9,V48,48,19,13,1,48,1,Ellison,TL,5,V48 (Ellison),
19,V26,26,19,14,1,26,1,CSIROW003,TL,5,V26 (CSIROW003),
29,V32,32,19,15,1,32,1,CSIROW023,TL,5,V32 (CSIROW023),
39,V19,19,19,16,2,19,1,Catalina,TL,5,V19 (Catalina),
49,V91,91,19,17,2,91,1,Urambie,TL,5,V91 (Urambie),
59,V62,62,19,18,1,62,1,Keel,TL,5,V62 (Keel),
69,V21,21,19,19,2,21,1,Compass,TL,5,V21 (Compass),
79,V42,42,19,20,1,42,1,Derrimut,TL,5,V42 (Derrimut),
89,V38,38,19,21,1,38,1,CSIROW102,TL,5,V38 (CSIROW102),
99,V59,59,19,22,1,59,1,Grout,TL,5,V59 (Grout),
109,V92,92,19,23,2,92,1,Westminster,TL,5,V92 (Westminster),
119,V18,18,19,24,2,18,1,Cassiopee,TL,5,V18 (Cassiopee),
9,V51,51,19,25,1,51,1,Fleet,TL,2,V51 (Fleet),
19,V68,68,19,26,1,68,1,Magenta,TL,2,V68 (Magenta),
29,V44,44,19,27,2,44,1,EGA_Gregory,TL,2,V44 (EGA_Gregory),
39,V96,96,19,28,1,96,1,Young,TL,2,V96 (Young),
49,V43,43,19,29,2,43,1,EGA_Eaglehawk,TL,2,V43 (EGA_Eaglehawk),
59,V14,14,19,30,1,14,1,Bolac,TL,2,V14 (Bolac),
69,V39,39,19,31,2,39,1,CSIROW105,TL,2,V39 (CSIROW105),
79,V88,88,19,32,1,88,1,Sunstate,TL,2,V88 (Sunstate),
89,V48,48,19,33,2,48,1,Ellison,TL,2,V48 (Ellison),
99,V5,5,19,34,1,5,1,Manning,Control,2,V5 (Manning),
109,V82,82,19,35,1,82,1,Spitfire,TL,2,V82 (Spitfire),
119,V71,71,19,36,1,71,1,Navigator,TL,2,V71 (Navigator),
9,V51,51,19,37,2,51,1,Fleet,TL,3,V51 (Fleet),
19,V56,56,19,38,2,56,1,Gauntlet,TL,3,V56 (Gauntlet),
29,V14,14,19,39,1,14,1,Bolac,TL,3,V14 (Bolac),
39,V18,18,19,40,1,18,1,Cassiopee,TL,3,V18 (Cassiopee),
49,V90,90,19,41,1,90,1,Trojan,TL,3,V90 (Trojan),
59,V1,1,19,42,2,1,1,RGT Planet,Control,3,V1 (RGT Planet),
69,V79,79,19,43,1,79,1,Scope,TL,3,V79 (Scope),
79,V17,17,19,44,1,17,1,Capstan,TL,3,V17 (Capstan),
89,V58,58,19,45,2,58,1,Grenade CL Plus,TL,3,V58 (Grenade CL Plus),
99,V49,49,19,46,2,49,1,Emu_Rock,TL,3,V49 (Emu_Rock),
109,V80,80,19,47,1,80,1,Scout,TL,3,V80 (Scout),
119,V96,96,19,48,1,96,1,Young,TL,3,V96 (Young),
10,V83,83,20,1,2,83,1,Stirling,TL,4,V83 (Stirling),
20,V36,36,20,2,1,36,1,CSIROW077,TL,4,V36 (CSIROW077),
30,V45,45,20,3,1,45,1,EGA_Hume,TL,4,V45 (EGA_Hume),
40,V49,49,20,4,1,49,1,Emu_Rock,TL,4,V49 (Emu_Rock),
50,V70,70,20,5,2,70,1,Mitch,TL,4,V70 (Mitch),
60,V22,22,20,6,1,22,1,Crusader,TL,4,V22 (Crusader),
70,V6,6,20,7,1,6,1,Scepter,Control,4,V6 (Scepter),subset\u0007
80,V44,44,20,8,1,44,1,EGA_Gregory,TL,4,V44 (EGA_Gregory),subset\u0007
90,V81,81,20,9,2,81,1,Shepherd,TL,4,V81 (Shepherd),
100,V38,38,20,10,1,38,1,CSIROW102,TL,4,V38 (CSIROW102),
110,V51,51,20,11,1,51,1,Fleet,TL,4,V51 (Fleet),
120,V15,15,20,12,1,15,1,Braewood,TL,4,V15 (Braewood),
10,V76,76,20,13,1,76,1,Rosalind,TL,5,V76 (Rosalind),
20,V16,16,20,14,2,16,1,Calingiri,TL,5,V16 (Calingiri),
30,V82,82,20,15,1,82,1,Spitfire,TL,5,V82 (Spitfire),
40,V95,95,20,16,2,95,1,Yitpi,TL,5,V95 (Yitpi),
50,V56,56,20,17,1,56,1,Gauntlet,TL,5,V56 (Gauntlet),
60,V31,31,20,18,1,31,1,CSIROW021,TL,5,V31 (CSIROW021),
70,V22,22,20,19,1,22,1,Crusader,TL,5,V22 (Crusader),
80,V1,1,20,20,2,1,1,RGT Planet,Control,5,V1 (RGT Planet),
90,V74,74,20,21,1,74,1,Peake,TL,5,V74 (Peake),
100,V13,13,20,22,2,13,1,Biere,TL,5,V13 (Biere),
110,V4,4,20,23,1,4,1,Spartacus CL,Control,5,V4 (Spartacus CL),
120,V85,85,20,24,1,85,1,Sunbee,TL,5,V85 (Sunbee),
10,V50,50,20,25,1,50,1,Fathom,TL,2,V50 (Fathom),
20,V36,36,20,26,2,36,1,CSIROW077,TL,2,V36 (CSIROW077),
30,V69,69,20,27,1,69,1,Merinda,TL,2,V69 (Merinda),
40,V62,62,20,28,1,62,1,Keel,TL,2,V62 (Keel),
50,V24,24,20,29,1,24,1,CSIROB3,TL,2,V24 (CSIROB3),
60,V32,32,20,30,2,32,1,CSIROW023,TL,2,V32 (CSIROW023),
70,V38,38,20,31,2,38,1,CSIROW102,TL,2,V38 (CSIROW102),
80,V87,87,20,32,1,87,1,Sunlamb,TL,2,V87 (Sunlamb),
90,V12,12,20,33,1,12,1,Baudin,TL,2,V12 (Baudin),
100,V85,85,20,34,1,85,1,Sunbee,TL,2,V85 (Sunbee),
110,V34,34,20,35,2,34,1,CSIROW029,TL,2,V34 (CSIROW029),
120,V21,21,20,36,1,21,1,Compass,TL,2,V21 (Compass),
10,V84,84,20,37,1,84,1,Strzelecki,TL,3,V84 (Strzelecki),
20,V71,71,20,38,1,71,1,Navigator,TL,3,V71 (Navigator),
30,V67,67,20,39,2,67,1,Mace,TL,3,V67 (Mace),
40,V33,33,20,40,1,33,1,CSIROW027,TL,3,V33 (CSIROW027),
50,V85,85,20,41,1,85,1,Sunbee,TL,3,V85 (Sunbee),
60,V59,59,20,42,2,59,1,Grout,TL,3,V59 (Grout),
70,V62,62,20,43,2,62,1,Keel,TL,3,V62 (Keel),
80,V44,44,20,44,1,44,1,EGA_Gregory,TL,3,V44 (EGA_Gregory),
90,V76,76,20,45,1,76,1,Rosalind,TL,3,V76 (Rosalind),
100,V72,72,20,46,1,72,1,Ouyen,TL,3,V72 (Ouyen),
110,V4,4,20,47,1,4,1,Spartacus CL,Control,3,V4 (Spartacus CL),
120,V55,55,20,48,2,55,1,Gairdner,TL,3,V55 (Gairdner),
