Unit,ID,Entry,Range,Row ,ReplicationTOS,TRT,RepRange (Horizontal),Variety,Type,TOS,Plotname
1,V75,75,1,1,1,75,1,Revenue,TL,7,V75 (Revenue)
2,V39,39,1,2,1,39,1,CSIROW105,TL,7,V39 (CSIROW105)
3,V82,82,1,3,1,82,1,Spitfire,TL,7,V82 (Spitfire)
4,V45,45,1,4,2,45,1,EGA_Hume,TL,7,V45 (EGA_Hume)
5,V53,53,1,5,2,53,1,Forrest,TL,7,V53 (Forrest)
6,V79,79,1,6,1,79,1,Scope,TL,7,V79 (Scope)
7,V34,34,1,7,1,34,1,CSIROW029,TL,7,V34 (CSIROW029)
8,V64,64,1,8,1,64,1,Kittyhawk,TL,7,V64 (Kittyhawk)
9,V49,49,1,9,2,49,1,Emu_Rock,TL,7,V49 (Emu_Rock)
10,V51,51,1,10,2,51,1,Fleet,TL,7,V51 (Fleet)
11,V33,33,1,11,1,33,1,CSIROW027,TL,7,V33 (CSIROW027)
12,V31,31,1,12,1,31,1,CSIROW021,TL,7,V31 (CSIROW021)
13,V62,62,1,13,2,62,1,Keel,TL,7,V62 (Keel)
14,V13,13,1,14,1,13,1,Biere,TL,7,V13 (Biere)
15,V2,2,1,15,2,2,1,Beaufort,Control,7,V2 (Beaufort)
1009,V121,121,1,16,1,121,1,,Filler,7,Filler A
16,V84,84,1,17,2,84,1,Strzelecki,TL,4,V84 (Strzelecki)
17,V31,31,1,18,1,31,1,CSIROW021,TL,4,V31 (CSIROW021)
18,V74,74,1,19,2,74,1,Peake,TL,4,V74 (Peake)
19,V29,29,1,20,1,29,1,CSIROW011,TL,4,V29 (CSIROW011)
20,V47,47,1,21,1,47,1,EGA_Wills,TL,4,V47 (EGA_Wills)
21,V25,25,1,22,1,25,1,CSIROW002,TL,4,V25 (CSIROW002)
22,V38,38,1,23,1,38,1,CSIROW102,TL,4,V38 (CSIROW102)
23,V76,76,1,24,2,76,1,Rosalind,TL,4,V76 (Rosalind)
24,V40,40,1,25,1,40,1,Cutlass,TL,4,V40 (Cutlass)
25,V17,17,1,26,1,17,1,Capstan,TL,4,V17 (Capstan)
26,V88,88,1,27,2,88,1,Sunstate,TL,4,V88 (Sunstate)
27,V7,7,1,28,1,7,1,AGT_Scythe,TL,4,V7 (AGT_Scythe)
28,V75,75,1,29,2,75,1,Revenue,TL,4,V75 (Revenue)
29,V51,51,1,30,1,51,1,Fleet,TL,4,V51 (Fleet)
30,V12,12,1,31,1,12,1,Baudin,TL,4,V12 (Baudin)
985,V121,121,1,32,1,121,1,,Filler,4,Filler A
31,V26,26,1,33,2,26,1,CSIROW003,TL,1,V26 (CSIROW003)
32,V39,39,1,34,1,39,1,CSIROW105,TL,1,V39 (CSIROW105)
33,V5,5,1,35,1,5,1,Manning,Control,1,V5 (Manning)
34,V64,64,1,36,1,64,1,Kittyhawk,TL,1,V64 (Kittyhawk)
35,V68,68,1,37,1,68,1,Magenta,TL,1,V68 (Magenta)
36,V25,25,1,38,2,25,1,CSIROW002,TL,1,V25 (CSIROW002)
37,V38,38,1,39,1,38,1,CSIROW102,TL,1,V38 (CSIROW102)
38,V52,52,1,40,1,52,1,Flinders,TL,1,V52 (Flinders)
39,V7,7,1,41,2,7,1,AGT_Scythe,TL,1,V7 (AGT_Scythe)
40,V34,34,1,42,1,34,1,CSIROW029,TL,1,V34 (CSIROW029)
41,V22,22,1,43,2,22,1,Crusader,TL,1,V22 (Crusader)
42,V43,43,1,44,1,43,1,EGA_Eaglehawk,TL,1,V43 (EGA_Eaglehawk)
43,V31,31,1,45,1,31,1,CSIROW021,TL,1,V31 (CSIROW021)
44,V27,27,1,46,2,27,1,CSIROW005,TL,1,V27 (CSIROW005)
45,V48,48,1,47,1,48,1,Ellison,TL,1,V48 (Ellison)
961,V124,124,1,48,1,124,1,Scepter,Filler,1,Filler D
46,V90,90,1,49,1,90,1,Trojan,TL,3,V90 (Trojan)
47,V80,80,1,50,1,80,1,Scout,TL,3,V80 (Scout)
48,V52,52,1,51,2,52,1,Flinders,TL,3,V52 (Flinders)
49,V55,55,1,52,2,55,1,Gairdner,TL,3,V55 (Gairdner)
50,V36,36,1,53,1,36,1,CSIROW077,TL,3,V36 (CSIROW077)
51,V70,70,1,54,1,70,1,Mitch,TL,3,V70 (Mitch)
52,V63,63,1,55,2,63,1,Kellalac,TL,3,V63 (Kellalac)
53,V43,43,1,56,1,43,1,EGA_Eaglehawk,TL,3,V43 (EGA_Eaglehawk)
54,V16,16,1,57,1,16,1,Calingiri,TL,3,V16 (Calingiri)
55,V61,61,1,58,2,61,1,Janz,TL,3,V61 (Janz)
56,V20,20,1,59,1,20,1,Commander,TL,3,V20 (Commander)
57,V17,17,1,60,1,17,1,Capstan,TL,3,V17 (Capstan)
58,V1,1,1,61,2,1,1,RGT Planet,Control,3,V1 (RGT Planet)
59,V77,77,1,62,1,77,1,Rosella,TL,3,V77 (Rosella)
60,V96,96,1,63,1,96,1,Young,TL,3,V96 (Young)
977,V121,121,1,64,1,121,1,,Filler,3,Filler A
61,V57,57,2,1,2,57,1,Granger,TL,7,V57 (Granger)
62,V83,83,2,2,1,83,1,Stirling,TL,7,V83 (Stirling)
63,V60,60,2,3,2,60,1,H45,TL,7,V60 (H45)
64,V28,28,2,4,1,28,1,CSIROW007,TL,7,V28 (CSIROW007)
65,V37,37,2,5,1,37,1,CSIROW087,TL,7,V37 (CSIROW087)
66,V1,1,2,6,2,1,1,RGT Planet,Control,7,V1 (RGT Planet)
67,V50,50,2,7,2,50,1,Fathom,TL,7,V50 (Fathom)
68,V12,12,2,8,1,12,1,Baudin,TL,7,V12 (Baudin)
69,V4,4,2,9,1,4,1,Spartacus CL,Control,7,V4 (Spartacus CL)
70,V78,78,2,10,1,78,1,Schooner,TL,7,V78 (Schooner)
71,V3,3,2,11,1,3,1,Lancer,Control,7,V3 (Lancer)
72,V70,70,2,12,1,70,1,Mitch,TL,7,V70 (Mitch)
73,V58,58,2,13,2,58,1,Grenade CL Plus,TL,7,V58 (Grenade CL Plus)
74,V68,68,2,14,1,68,1,Magenta,TL,7,V68 (Magenta)
75,V93,93,2,15,1,93,1,Whistler,TL,7,V93 (Whistler)
1010,V122,122,2,16,1,122,1,,Filler,7,Filler B
76,V16,16,2,17,1,16,1,Calingiri,TL,4,V16 (Calingiri)
77,V89,89,2,18,2,89,1,Suntop,TL,4,V89 (Suntop)
78,V41,41,2,19,1,41,1,Dash,TL,4,V41 (Dash)
79,V66,66,2,20,1,66,1,Longsword,TL,4,V66 (Longsword)
80,V78,78,2,21,2,78,1,Schooner,TL,4,V78 (Schooner)
81,V60,60,2,22,1,60,1,H45,TL,4,V60 (H45)
82,V50,50,2,23,1,50,1,Fathom,TL,4,V50 (Fathom)
83,V19,19,2,24,1,19,1,Catalina,TL,4,V19 (Catalina)
84,V70,70,2,25,2,70,1,Mitch,TL,4,V70 (Mitch)
85,V79,79,2,26,2,79,1,Scope,TL,4,V79 (Scope)
86,V2,2,2,27,2,2,1,Beaufort,Control,4,V2 (Beaufort)
87,V83,83,2,28,2,83,1,Stirling,TL,4,V83 (Stirling)
88,V95,95,2,29,1,95,1,Yitpi,TL,4,V95 (Yitpi)
89,V5,5,2,30,1,5,1,Manning,Control,4,V5 (Manning)
90,V65,65,2,31,1,65,1,Lockyer,TL,4,V65 (Lockyer)
986,V122,122,2,32,1,122,1,,Filler,4,Filler B
91,V79,79,2,33,1,79,1,Scope,TL,1,V79 (Scope)
92,V19,19,2,34,2,19,1,Catalina,TL,1,V19 (Catalina)
93,V93,93,2,35,1,93,1,Whistler,TL,1,V93 (Whistler)
94,V82,82,2,36,1,82,1,Spitfire,TL,1,V82 (Spitfire)
95,V9,9,2,37,2,9,1,Axe,TL,1,V9 (Axe)
96,V86,86,2,38,1,86,1,Sunbri,TL,1,V86 (Sunbri)
97,V41,41,2,39,1,41,1,Dash,TL,1,V41 (Dash)
98,V24,24,2,40,2,24,1,CSIROB3,TL,1,V24 (CSIROB3)
99,V55,55,2,41,1,55,1,Gairdner,TL,1,V55 (Gairdner)
100,V91,91,2,42,1,91,1,Urambie,TL,1,V91 (Urambie)
101,V13,13,2,43,2,13,1,Biere,TL,1,V13 (Biere)
102,V18,18,2,44,2,18,1,Cassiopee,TL,1,V18 (Cassiopee)
103,V96,96,2,45,1,96,1,Young,TL,1,V96 (Young)
104,V74,74,2,46,1,74,1,Peake,TL,1,V74 (Peake)
105,V21,21,2,47,2,21,1,Compass,TL,1,V21 (Compass)
962,V121,121,2,48,1,121,1,Devil,Filler,1,Filler A
106,V58,58,2,49,2,58,1,Grenade CL Plus,TL,3,V58 (Grenade CL Plus)
107,V50,50,2,50,2,50,1,Fathom,TL,3,V50 (Fathom)
108,V19,19,2,51,1,19,1,Catalina,TL,3,V19 (Catalina)
109,V29,29,2,52,1,29,1,CSIROW011,TL,3,V29 (CSIROW011)
110,V2,2,2,53,2,2,1,Beaufort,Control,3,V2 (Beaufort)
111,V25,25,2,54,1,25,1,CSIROW002,TL,3,V25 (CSIROW002)
112,V81,81,2,55,1,81,1,Shepherd,TL,3,V81 (Shepherd)
113,V57,57,2,56,2,57,1,Granger,TL,3,V57 (Granger)
114,V6,6,2,57,1,6,1,Scepter,Control,3,V6 (Scepter)
115,V15,15,2,58,1,15,1,Braewood,TL,3,V15 (Braewood)
116,V72,72,2,59,1,72,1,Ouyen,TL,3,V72 (Ouyen)
117,V60,60,2,60,2,60,1,H45,TL,3,V60 (H45)
118,V48,48,2,61,1,48,1,Ellison,TL,3,V48 (Ellison)
119,V56,56,2,62,2,56,1,Gauntlet,TL,3,V56 (Gauntlet)
120,V30,30,2,63,1,30,1,CSIROW018,TL,3,V30 (CSIROW018)
978,V122,122,2,64,1,122,1,,Filler,3,Filler B
121,V9,9,3,1,1,9,1,Axe,TL,7,V9 (Axe)
122,V54,54,3,2,2,54,1,Franklin,TL,7,V54 (Franklin)
123,V38,38,3,3,1,38,1,CSIROW102,TL,7,V38 (CSIROW102)
124,V42,42,3,4,1,42,1,Derrimut,TL,7,V42 (Derrimut)
125,V61,61,3,5,2,61,1,Janz,TL,7,V61 (Janz)
126,V72,72,3,6,1,72,1,Ouyen,TL,7,V72 (Ouyen)
127,V66,66,3,7,1,66,1,Longsword,TL,7,V66 (Longsword)
128,V47,47,3,8,2,47,1,EGA_Wills,TL,7,V47 (EGA_Wills)
129,V35,35,3,9,1,35,1,CSIROW073,TL,7,V35 (CSIROW073)
130,V48,48,3,10,2,48,1,Ellison,TL,7,V48 (Ellison)
131,V56,56,3,11,2,56,1,Gauntlet,TL,7,V56 (Gauntlet)
132,V25,25,3,12,1,25,1,CSIROW002,TL,7,V25 (CSIROW002)
133,V19,19,3,13,1,19,1,Catalina,TL,7,V19 (Catalina)
134,V52,52,3,14,2,52,1,Flinders,TL,7,V52 (Flinders)
135,V86,86,3,15,1,86,1,Sunbri,TL,7,V86 (Sunbri)
1011,V123,123,3,16,1,123,1,,Filler,7,Filler C
136,V49,49,3,17,1,49,1,Emu_Rock,TL,4,V49 (Emu_Rock)
137,V82,82,3,18,2,82,1,Spitfire,TL,4,V82 (Spitfire)
138,V63,63,3,19,1,63,1,Kellalac,TL,4,V63 (Kellalac)
139,V4,4,3,20,1,4,1,Spartacus CL,Control,4,V4 (Spartacus CL)
140,V72,72,3,21,2,72,1,Ouyen,TL,4,V72 (Ouyen)
141,V44,44,3,22,1,44,1,EGA_Gregory,TL,4,V44 (EGA_Gregory)
142,V87,87,3,23,2,87,1,Sunlamb,TL,4,V87 (Sunlamb)
143,V73,73,3,24,2,73,1,Oxford,TL,4,V73 (Oxford)
144,V35,35,3,25,1,35,1,CSIROW073,TL,4,V35 (CSIROW073)
145,V46,46,3,26,1,46,1,EGA_Wedgetail,TL,4,V46 (EGA_Wedgetail)
146,V11,11,3,27,1,11,1,Bass,TL,4,V11 (Bass)
147,V32,32,3,28,1,32,1,CSIROW023,TL,4,V32 (CSIROW023)
148,V86,86,3,29,2,86,1,Sunbri,TL,4,V86 (Sunbri)
149,V45,45,3,30,1,45,1,EGA_Hume,TL,4,V45 (EGA_Hume)
150,V90,90,3,31,2,90,1,Trojan,TL,4,V90 (Trojan)
987,V123,123,3,32,1,123,1,,Filler,4,Filler C
151,V94,94,3,33,1,94,1,Wyalkatchem,TL,1,V94 (Wyalkatchem)
152,V65,65,3,34,1,65,1,Lockyer,TL,1,V65 (Lockyer)
153,V60,60,3,35,1,60,1,H45,TL,1,V60 (H45)
154,V17,17,3,36,2,17,1,Capstan,TL,1,V17 (Capstan)
155,V67,67,3,37,1,67,1,Mace,TL,1,V67 (Mace)
156,V20,20,3,38,2,20,1,Commander,TL,1,V20 (Commander)
157,V10,10,3,39,2,10,1,Banks,TL,1,V10 (Banks)
158,V89,89,3,40,1,89,1,Suntop,TL,1,V89 (Suntop)
159,V63,63,3,41,1,63,1,Kellalac,TL,1,V63 (Kellalac)
160,V3,3,3,42,1,3,1,Lancer,Control,1,V3 (Lancer)
161,V72,72,3,43,1,72,1,Ouyen,TL,1,V72 (Ouyen)
162,V8,8,3,44,2,8,1,Alestar,TL,1,V8 (Alestar)
163,V15,15,3,45,2,15,1,Braewood,TL,1,V15 (Braewood)
164,V88,88,3,46,1,88,1,Sunstate,TL,1,V88 (Sunstate)
165,V23,23,3,47,2,23,1,CSIROB1,TL,1,V23 (CSIROB1)
963,V126,126,3,48,1,126,1,Vixen,Filler,1,Filler F
166,V21,21,3,49,1,21,1,Compass,TL,3,V21 (Compass)
167,V38,38,3,50,1,38,1,CSIROW102,TL,3,V38 (CSIROW102)
168,V51,51,3,51,2,51,1,Fleet,TL,3,V51 (Fleet)
169,V12,12,3,52,1,12,1,Baudin,TL,3,V12 (Baudin)
170,V54,54,3,53,2,54,1,Franklin,TL,3,V54 (Franklin)
171,V91,91,3,54,1,91,1,Urambie,TL,3,V91 (Urambie)
172,V71,71,3,55,1,71,1,Navigator,TL,3,V71 (Navigator)
173,V13,13,3,56,1,13,1,Biere,TL,3,V13 (Biere)
174,V65,65,3,57,2,65,1,Lockyer,TL,3,V65 (Lockyer)
175,V49,49,3,58,2,49,1,Emu_Rock,TL,3,V49 (Emu_Rock)
176,V66,66,3,59,2,66,1,Longsword,TL,3,V66 (Longsword)
177,V33,33,3,60,1,33,1,CSIROW027,TL,3,V33 (CSIROW027)
178,V88,88,3,61,1,88,1,Sunstate,TL,3,V88 (Sunstate)
179,V31,31,3,62,1,31,1,CSIROW021,TL,3,V31 (CSIROW021)
180,V68,68,3,63,2,68,1,Magenta,TL,3,V68 (Magenta)
979,V123,123,3,64,1,123,1,,Filler,3,Filler C
181,V63,63,4,1,2,63,1,Kellalac,TL,7,V63 (Kellalac)
182,V21,21,4,2,1,21,1,Compass,TL,7,V21 (Compass)
183,V59,59,4,3,2,59,1,Grout,TL,7,V59 (Grout)
184,V8,8,4,4,1,8,1,Alestar,TL,7,V8 (Alestar)
185,V17,17,4,5,1,17,1,Capstan,TL,7,V17 (Capstan)
186,V85,85,4,6,1,85,1,Sunbee,TL,7,V85 (Sunbee)
187,V44,44,4,7,2,44,1,EGA_Gregory,TL,7,V44 (EGA_Gregory)
188,V46,46,4,8,2,46,1,EGA_Wedgetail,TL,7,V46 (EGA_Wedgetail)
189,V67,67,4,9,1,67,1,Mace,TL,7,V67 (Mace)
190,V18,18,4,10,1,18,1,Cassiopee,TL,7,V18 (Cassiopee)
191,V24,24,4,11,1,24,1,CSIROB3,TL,7,V24 (CSIROB3)
192,V43,43,4,12,2,43,1,EGA_Eaglehawk,TL,7,V43 (EGA_Eaglehawk)
193,V40,40,4,13,1,40,1,Cutlass,TL,7,V40 (Cutlass)
194,V32,32,4,14,1,32,1,CSIROW023,TL,7,V32 (CSIROW023)
195,V55,55,4,15,2,55,1,Gairdner,TL,7,V55 (Gairdner)
1012,V124,124,4,16,1,124,1,,Filler,7,Filler D
196,V23,23,4,17,1,23,1,CSIROB1,TL,4,V23 (CSIROB1)
197,V18,18,4,18,1,18,1,Cassiopee,TL,4,V18 (Cassiopee)
198,V81,81,4,19,2,81,1,Shepherd,TL,4,V81 (Shepherd)
199,V71,71,4,20,2,71,1,Navigator,TL,4,V71 (Navigator)
200,V10,10,4,21,1,10,1,Banks,TL,4,V10 (Banks)
201,V80,80,4,22,2,80,1,Scout,TL,4,V80 (Scout)
202,V6,6,4,23,1,6,1,Scepter,Control,4,V6 (Scepter)
203,V92,92,4,24,1,92,1,Westminster,TL,4,V92 (Westminster)
204,V93,93,4,25,1,93,1,Whistler,TL,4,V93 (Whistler)
205,V77,77,4,26,2,77,1,Rosella,TL,4,V77 (Rosella)
206,V55,55,4,27,1,55,1,Gairdner,TL,4,V55 (Gairdner)
207,V85,85,4,28,2,85,1,Sunbee,TL,4,V85 (Sunbee)
208,V91,91,4,29,1,91,1,Urambie,TL,4,V91 (Urambie)
209,V3,3,4,30,1,3,1,Lancer,Control,4,V3 (Lancer)
210,V96,96,4,31,1,96,1,Young,TL,4,V96 (Young)
988,V124,124,4,32,1,124,1,,Filler,4,Filler D
211,V2,2,4,33,2,2,1,Beaufort,Control,1,V2 (Beaufort)
212,V28,28,4,34,1,28,1,CSIROW007,TL,1,V28 (CSIROW007)
213,V12,12,4,35,2,12,1,Baudin,TL,1,V12 (Baudin)
214,V73,73,4,36,1,73,1,Oxford,TL,1,V73 (Oxford)
215,V16,16,4,37,2,16,1,Calingiri,TL,1,V16 (Calingiri)
216,V30,30,4,38,1,30,1,CSIROW018,TL,1,V30 (CSIROW018)
217,V1,1,4,39,2,1,1,RGT Planet,Control,1,V1 (RGT Planet)
218,V80,80,4,40,1,80,1,Scout,TL,1,V80 (Scout)
219,V11,11,4,41,2,11,1,Bass,TL,1,V11 (Bass)
220,V44,44,4,42,1,44,1,EGA_Gregory,TL,1,V44 (EGA_Gregory)
221,V56,56,4,43,1,56,1,Gauntlet,TL,1,V56 (Gauntlet)
222,V81,81,4,44,1,81,1,Shepherd,TL,1,V81 (Shepherd)
223,V14,14,4,45,2,14,1,Bolac,TL,1,V14 (Bolac)
224,V6,6,4,46,1,6,1,Scepter,Control,1,V6 (Scepter)
225,V87,87,4,47,1,87,1,Sunlamb,TL,1,V87 (Sunlamb)
964,V122,122,4,48,1,122,1,Kinsei,Filler,1,Filler B
226,V53,53,4,49,2,53,1,Forrest,TL,3,V53 (Forrest)
227,V73,73,4,50,1,73,1,Oxford,TL,3,V73 (Oxford)
228,V10,10,4,51,1,10,1,Banks,TL,3,V10 (Banks)
229,V67,67,4,52,2,67,1,Mace,TL,3,V67 (Mace)
230,V79,79,4,53,1,79,1,Scope,TL,3,V79 (Scope)
231,V62,62,4,54,2,62,1,Keel,TL,3,V62 (Keel)
232,V76,76,4,55,1,76,1,Rosalind,TL,3,V76 (Rosalind)
233,V64,64,4,56,2,64,1,Kittyhawk,TL,3,V64 (Kittyhawk)
234,V3,3,4,57,1,3,1,Lancer,Control,3,V3 (Lancer)
235,V26,26,4,58,1,26,1,CSIROW003,TL,3,V26 (CSIROW003)
236,V59,59,4,59,2,59,1,Grout,TL,3,V59 (Grout)
237,V84,84,4,60,1,84,1,Strzelecki,TL,3,V84 (Strzelecki)
238,V5,5,4,61,1,5,1,Manning,Control,3,V5 (Manning)
239,V69,69,4,62,2,69,1,Merinda,TL,3,V69 (Merinda)
240,V41,41,4,63,1,41,1,Dash,TL,3,V41 (Dash)
980,V124,124,4,64,1,124,1,,Filler,3,Filler D
241,V44,44,5,1,2,44,2,EGA_Gregory,TL,7,V44 (EGA_Gregory)
242,V27,27,5,2,1,27,2,CSIROW005,TL,7,V27 (CSIROW005)
243,V7,7,5,3,1,7,2,AGT_Scythe,TL,7,V7 (AGT_Scythe)
244,V2,2,5,4,2,2,2,Beaufort,Control,7,V2 (Beaufort)
245,V65,65,5,5,1,65,2,Lockyer,TL,7,V65 (Lockyer)
246,V60,60,5,6,2,60,2,H45,TL,7,V60 (H45)
247,V1,1,5,7,2,1,2,RGT Planet,Control,7,V1 (RGT Planet)
248,V20,20,5,8,1,20,2,Commander,TL,7,V20 (Commander)
249,V51,51,5,9,2,51,2,Fleet,TL,7,V51 (Fleet)
250,V47,47,5,10,2,47,2,EGA_Wills,TL,7,V47 (EGA_Wills)
251,V95,95,5,11,1,95,2,Yitpi,TL,7,V95 (Yitpi)
252,V73,73,5,12,1,73,2,Oxford,TL,7,V73 (Oxford)
253,V90,90,5,13,1,90,2,Trojan,TL,7,V90 (Trojan)
254,V63,63,5,14,2,63,2,Kellalac,TL,7,V63 (Kellalac)
255,V69,69,5,15,1,69,2,Merinda,TL,7,V69 (Merinda)
1013,V125,125,5,16,1,125,1,,Filler,7,Filler E
256,V79,79,5,17,2,79,2,Scope,TL,4,V79 (Scope)
257,V61,61,5,18,1,61,2,Janz,TL,4,V61 (Janz)
258,V67,67,5,19,1,67,2,Mace,TL,4,V67 (Mace)
259,V73,73,5,20,2,73,2,Oxford,TL,4,V73 (Oxford)
260,V37,37,5,21,1,37,2,CSIROW087,TL,4,V37 (CSIROW087)
261,V9,9,5,22,1,9,2,Axe,TL,4,V9 (Axe)
262,V56,56,5,23,1,56,2,Gauntlet,TL,4,V56 (Gauntlet)
263,V84,84,5,24,2,84,2,Strzelecki,TL,4,V84 (Strzelecki)
264,V71,71,5,25,2,71,2,Navigator,TL,4,V71 (Navigator)
265,V70,70,5,26,2,70,2,Mitch,TL,4,V70 (Mitch)
266,V69,69,5,27,1,69,2,Merinda,TL,4,V69 (Merinda)
267,V22,22,5,28,1,22,2,Crusader,TL,4,V22 (Crusader)
268,V58,58,5,29,1,58,2,Grenade CL Plus,TL,4,V58 (Grenade CL Plus)
269,V62,62,5,30,1,62,2,Keel,TL,4,V62 (Keel)
270,V13,13,5,31,1,13,2,Biere,TL,4,V13 (Biere)
989,V125,125,5,32,1,125,1,,Filler,4,Filler E
271,V32,32,5,33,1,32,2,CSIROW023,TL,1,V32 (CSIROW023)
272,V47,47,5,34,1,47,2,EGA_Wills,TL,1,V47 (EGA_Wills)
273,V77,77,5,35,1,77,2,Rosella,TL,1,V77 (Rosella)
274,V21,21,5,36,2,21,2,Compass,TL,1,V21 (Compass)
275,V42,42,5,37,1,42,2,Derrimut,TL,1,V42 (Derrimut)
276,V22,22,5,38,2,22,2,Crusader,TL,1,V22 (Crusader)
277,V51,51,5,39,1,51,2,Fleet,TL,1,V51 (Fleet)
278,V20,20,5,40,2,20,2,Commander,TL,1,V20 (Commander)
279,V76,76,5,41,1,76,2,Rosalind,TL,1,V76 (Rosalind)
280,V59,59,5,42,1,59,2,Grout,TL,1,V59 (Grout)
281,V17,17,5,43,2,17,2,Capstan,TL,1,V17 (Capstan)
282,V95,95,5,44,1,95,2,Yitpi,TL,1,V95 (Yitpi)
283,V40,40,5,45,1,40,2,Cutlass,TL,1,V40 (Cutlass)
284,V61,61,5,46,1,61,2,Janz,TL,1,V61 (Janz)
285,V24,24,5,47,2,24,2,CSIROB3,TL,1,V24 (CSIROB3)
965,V127,127,5,48,1,127,1,Rye,Filler,1,Filler G
286,V75,75,5,49,1,75,2,Revenue,TL,3,V75 (Revenue)
287,V49,49,5,50,2,49,2,Emu_Rock,TL,3,V49 (Emu_Rock)
288,V42,42,5,51,1,42,2,Derrimut,TL,3,V42 (Derrimut)
289,V63,63,5,52,2,63,2,Kellalac,TL,3,V63 (Kellalac)
290,V7,7,5,53,1,7,2,AGT_Scythe,TL,3,V7 (AGT_Scythe)
291,V27,27,5,54,1,27,2,CSIROW005,TL,3,V27 (CSIROW005)
292,V53,53,5,55,2,53,2,Forrest,TL,3,V53 (Forrest)
293,V74,74,5,56,1,74,2,Peake,TL,3,V74 (Peake)
294,V78,78,5,57,1,78,2,Schooner,TL,3,V78 (Schooner)
295,V65,65,5,58,2,65,2,Lockyer,TL,3,V65 (Lockyer)
296,V39,39,5,59,1,39,2,CSIROW105,TL,3,V39 (CSIROW105)
297,V56,56,5,60,2,56,2,Gauntlet,TL,3,V56 (Gauntlet)
298,V32,32,5,61,1,32,2,CSIROW023,TL,3,V32 (CSIROW023)
299,V50,50,5,62,2,50,2,Fathom,TL,3,V50 (Fathom)
300,V18,18,5,63,1,18,2,Cassiopee,TL,3,V18 (Cassiopee)
981,V125,125,5,64,1,125,1,,Filler,3,Filler E
301,V71,71,6,1,1,71,2,Navigator,TL,7,V71 (Navigator)
302,V48,48,6,2,2,48,2,Ellison,TL,7,V48 (Ellison)
303,V3,3,6,3,1,3,2,Lancer,Control,7,V3 (Lancer)
304,V74,74,6,4,1,74,2,Peake,TL,7,V74 (Peake)
305,V54,54,6,5,2,54,2,Franklin,TL,7,V54 (Franklin)
306,V43,43,6,6,2,43,2,EGA_Eaglehawk,TL,7,V43 (EGA_Eaglehawk)
307,V11,11,6,7,1,11,2,Bass,TL,7,V11 (Bass)
308,V10,10,6,8,1,10,2,Banks,TL,7,V10 (Banks)
309,V94,94,6,9,1,94,2,Wyalkatchem,TL,7,V94 (Wyalkatchem)
310,V59,59,6,10,2,59,2,Grout,TL,7,V59 (Grout)
311,V80,80,6,11,1,80,2,Scout,TL,7,V80 (Scout)
312,V53,53,6,12,2,53,2,Forrest,TL,7,V53 (Forrest)
313,V50,50,6,13,2,50,2,Fathom,TL,7,V50 (Fathom)
314,V5,5,6,14,1,5,2,Manning,Control,7,V5 (Manning)
315,V30,30,6,15,1,30,2,CSIROW018,TL,7,V30 (CSIROW018)
1014,V126,126,6,16,1,126,1,,Filler,7,Filler F
316,V21,21,6,17,1,21,2,Compass,TL,4,V21 (Compass)
317,V20,20,6,18,1,20,2,Commander,TL,4,V20 (Commander)
318,V76,76,6,19,2,76,2,Rosalind,TL,4,V76 (Rosalind)
319,V68,68,6,20,1,68,2,Magenta,TL,4,V68 (Magenta)
320,V5,5,6,21,1,5,2,Manning,Control,4,V5 (Manning)
321,V64,64,6,22,1,64,2,Kittyhawk,TL,4,V64 (Kittyhawk)
322,V34,34,6,23,1,34,2,CSIROW029,TL,4,V34 (CSIROW029)
323,V90,90,6,24,2,90,2,Trojan,TL,4,V90 (Trojan)
324,V36,36,6,25,1,36,2,CSIROW077,TL,4,V36 (CSIROW077)
325,V30,30,6,26,1,30,2,CSIROW018,TL,4,V30 (CSIROW018)
326,V57,57,6,27,1,57,2,Granger,TL,4,V57 (Granger)
327,V27,27,6,28,1,27,2,CSIROW005,TL,4,V27 (CSIROW005)
328,V8,8,6,29,1,8,2,Alestar,TL,4,V8 (Alestar)
329,V81,81,6,30,2,81,2,Shepherd,TL,4,V81 (Shepherd)
330,V72,72,6,31,2,72,2,Ouyen,TL,4,V72 (Ouyen)
990,V126,126,6,32,1,126,1,,Filler,4,Filler F
331,V27,27,6,33,2,27,2,CSIROW005,TL,1,V27 (CSIROW005)
332,V11,11,6,34,2,11,2,Bass,TL,1,V11 (Bass)
333,V13,13,6,35,2,13,2,Biere,TL,1,V13 (Biere)
334,V15,15,6,36,2,15,2,Braewood,TL,1,V15 (Braewood)
335,V71,71,6,37,1,71,2,Navigator,TL,1,V71 (Navigator)
336,V19,19,6,38,2,19,2,Catalina,TL,1,V19 (Catalina)
337,V36,36,6,39,1,36,2,CSIROW077,TL,1,V36 (CSIROW077)
338,V45,45,6,40,1,45,2,EGA_Hume,TL,1,V45 (EGA_Hume)
339,V2,2,6,41,2,2,2,Beaufort,Control,1,V2 (Beaufort)
340,V57,57,6,42,1,57,2,Granger,TL,1,V57 (Granger)
341,V92,92,6,43,1,92,2,Westminster,TL,1,V92 (Westminster)
342,V33,33,6,44,1,33,2,CSIROW027,TL,1,V33 (CSIROW027)
343,V54,54,6,45,1,54,2,Franklin,TL,1,V54 (Franklin)
344,V25,25,6,46,2,25,2,CSIROW002,TL,1,V25 (CSIROW002)
345,V90,90,6,47,1,90,2,Trojan,TL,1,V90 (Trojan)
966,V123,123,6,48,1,123,1,Ninja,Filler,1,Filler C
346,V60,60,6,49,2,60,2,H45,TL,3,V60 (H45)
347,V14,14,6,50,1,14,2,Bolac,TL,3,V14 (Bolac)
348,V45,45,6,51,1,45,2,EGA_Hume,TL,3,V45 (EGA_Hume)
349,V35,35,6,52,1,35,2,CSIROW073,TL,3,V35 (CSIROW073)
350,V11,11,6,53,1,11,2,Bass,TL,3,V11 (Bass)
351,V51,51,6,54,2,51,2,Fleet,TL,3,V51 (Fleet)
352,V95,95,6,55,1,95,2,Yitpi,TL,3,V95 (Yitpi)
353,V2,2,6,56,2,2,2,Beaufort,Control,3,V2 (Beaufort)
354,V68,68,6,57,2,68,2,Magenta,TL,3,V68 (Magenta)
355,V37,37,6,58,1,37,2,CSIROW087,TL,3,V37 (CSIROW087)
356,V40,40,6,59,1,40,2,Cutlass,TL,3,V40 (Cutlass)
357,V3,3,6,60,1,3,2,Lancer,Control,3,V3 (Lancer)
358,V55,55,6,61,2,55,2,Gairdner,TL,3,V55 (Gairdner)
359,V46,46,6,62,1,46,2,EGA_Wedgetail,TL,3,V46 (EGA_Wedgetail)
360,V64,64,6,63,2,64,2,Kittyhawk,TL,3,V64 (Kittyhawk)
982,V126,126,6,64,1,126,1,,Filler,3,Filler F
361,V29,29,7,1,1,29,2,CSIROW011,TL,7,V29 (CSIROW011)
362,V22,22,7,2,1,22,2,Crusader,TL,7,V22 (Crusader)
363,V92,92,7,3,1,92,2,Westminster,TL,7,V92 (Westminster)
364,V46,46,7,4,2,46,2,EGA_Wedgetail,TL,7,V46 (EGA_Wedgetail)
365,V96,96,7,5,1,96,2,Young,TL,7,V96 (Young)
366,V77,77,7,6,1,77,2,Rosella,TL,7,V77 (Rosella)
367,V76,76,7,7,1,76,2,Rosalind,TL,7,V76 (Rosalind)
368,V52,52,7,8,2,52,2,Flinders,TL,7,V52 (Flinders)
369,V36,36,7,9,1,36,2,CSIROW077,TL,7,V36 (CSIROW077)
370,V91,91,7,10,1,91,2,Urambie,TL,7,V91 (Urambie)
371,V58,58,7,11,2,58,2,Grenade CL Plus,TL,7,V58 (Grenade CL Plus)
372,V41,41,7,12,1,41,2,Dash,TL,7,V41 (Dash)
373,V45,45,7,13,2,45,2,EGA_Hume,TL,7,V45 (EGA_Hume)
374,V56,56,7,14,2,56,2,Gauntlet,TL,7,V56 (Gauntlet)
375,V88,88,7,15,1,88,2,Sunstate,TL,7,V88 (Sunstate)
1015,V127,127,7,16,1,127,1,,Filler,7,Filler G
376,V75,75,7,17,2,75,2,Revenue,TL,4,V75 (Revenue)
377,V4,4,7,18,1,4,2,Spartacus CL,Control,4,V4 (Spartacus CL)
378,V14,14,7,19,1,14,2,Bolac,TL,4,V14 (Bolac)
379,V1,1,7,20,2,1,2,RGT Planet,Control,4,V1 (RGT Planet)
380,V39,39,7,21,1,39,2,CSIROW105,TL,4,V39 (CSIROW105)
381,V77,77,7,22,2,77,2,Rosella,TL,4,V77 (Rosella)
382,V52,52,7,23,1,52,2,Flinders,TL,4,V52 (Flinders)
383,V53,53,7,24,1,53,2,Forrest,TL,4,V53 (Forrest)
384,V83,83,7,25,2,83,2,Stirling,TL,4,V83 (Stirling)
385,V42,42,7,26,1,42,2,Derrimut,TL,4,V42 (Derrimut)
386,V6,6,7,27,1,6,2,Scepter,Control,4,V6 (Scepter)
387,V86,86,7,28,2,86,2,Sunbri,TL,4,V86 (Sunbri)
388,V88,88,7,29,2,88,2,Sunstate,TL,4,V88 (Sunstate)
389,V89,89,7,30,2,89,2,Suntop,TL,4,V89 (Suntop)
390,V43,43,7,31,1,43,2,EGA_Eaglehawk,TL,4,V43 (EGA_Eaglehawk)
991,V127,127,7,32,1,127,1,,Filler,4,Filler G
391,V75,75,7,33,1,75,2,Revenue,TL,1,V75 (Revenue)
392,V58,58,7,34,1,58,2,Grenade CL Plus,TL,1,V58 (Grenade CL Plus)
393,V16,16,7,35,2,16,2,Calingiri,TL,1,V16 (Calingiri)
394,V53,53,7,36,1,53,2,Forrest,TL,1,V53 (Forrest)
395,V4,4,7,37,1,4,2,Spartacus CL,Control,1,V4 (Spartacus CL)
396,V85,85,7,38,1,85,2,Sunbee,TL,1,V85 (Sunbee)
397,V23,23,7,39,2,23,2,CSIROB1,TL,1,V23 (CSIROB1)
398,V18,18,7,40,2,18,2,Cassiopee,TL,1,V18 (Cassiopee)
399,V78,78,7,41,1,78,2,Schooner,TL,1,V78 (Schooner)
400,V10,10,7,42,2,10,2,Banks,TL,1,V10 (Banks)
401,V50,50,7,43,1,50,2,Fathom,TL,1,V50 (Fathom)
402,V12,12,7,44,2,12,2,Baudin,TL,1,V12 (Baudin)
403,V84,84,7,45,1,84,2,Strzelecki,TL,1,V84 (Strzelecki)
404,V46,46,7,46,1,46,2,EGA_Wedgetail,TL,1,V46 (EGA_Wedgetail)
405,V26,26,7,47,2,26,2,CSIROW003,TL,1,V26 (CSIROW003)
967,V128,128,7,48,1,128,1,Spartacus CL,Filler,1,Filler H
406,V62,62,7,49,2,62,2,Keel,TL,3,V62 (Keel)
407,V34,34,7,50,1,34,2,CSIROW029,TL,3,V34 (CSIROW029)
408,V1,1,7,51,2,1,2,RGT Planet,Control,3,V1 (RGT Planet)
409,V22,22,7,52,1,22,2,Crusader,TL,3,V22 (Crusader)
410,V58,58,7,53,2,58,2,Grenade CL Plus,TL,3,V58 (Grenade CL Plus)
411,V59,59,7,54,2,59,2,Grout,TL,3,V59 (Grout)
412,V44,44,7,55,1,44,2,EGA_Gregory,TL,3,V44 (EGA_Gregory)
413,V83,83,7,56,1,83,2,Stirling,TL,3,V83 (Stirling)
414,V8,8,7,57,1,8,2,Alestar,TL,3,V8 (Alestar)
415,V52,52,7,58,2,52,2,Flinders,TL,3,V52 (Flinders)
416,V9,9,7,59,1,9,2,Axe,TL,3,V9 (Axe)
417,V93,93,7,60,1,93,2,Whistler,TL,3,V93 (Whistler)
418,V54,54,7,61,2,54,2,Franklin,TL,3,V54 (Franklin)
419,V92,92,7,62,1,92,2,Westminster,TL,3,V92 (Westminster)
420,V47,47,7,63,1,47,2,EGA_Wills,TL,3,V47 (EGA_Wills)
983,V127,127,7,64,1,127,1,,Filler,3,Filler G
421,V61,61,8,1,2,61,2,Janz,TL,7,V61 (Janz)
422,V62,62,8,2,2,62,2,Keel,TL,7,V62 (Keel)
423,V81,81,8,3,1,81,2,Shepherd,TL,7,V81 (Shepherd)
424,V14,14,8,4,1,14,2,Bolac,TL,7,V14 (Bolac)
425,V89,89,8,5,1,89,2,Suntop,TL,7,V89 (Suntop)
426,V15,15,8,6,1,15,2,Braewood,TL,7,V15 (Braewood)
427,V16,16,8,7,1,16,2,Calingiri,TL,7,V16 (Calingiri)
428,V87,87,8,8,1,87,2,Sunlamb,TL,7,V87 (Sunlamb)
429,V57,57,8,9,2,57,2,Granger,TL,7,V57 (Granger)
430,V6,6,8,10,1,6,2,Scepter,Control,7,V6 (Scepter)
431,V84,84,8,11,1,84,2,Strzelecki,TL,7,V84 (Strzelecki)
432,V55,55,8,12,2,55,2,Gairdner,TL,7,V55 (Gairdner)
433,V26,26,8,13,1,26,2,CSIROW003,TL,7,V26 (CSIROW003)
434,V23,23,8,14,1,23,2,CSIROB1,TL,7,V23 (CSIROB1)
435,V49,49,8,15,2,49,2,Emu_Rock,TL,7,V49 (Emu_Rock)
1016,V128,128,8,16,1,128,1,,Filler,7,Filler H
436,V26,26,8,17,1,26,2,CSIROW003,TL,4,V26 (CSIROW003)
437,V28,28,8,18,1,28,2,CSIROW007,TL,4,V28 (CSIROW007)
438,V85,85,8,19,2,85,2,Sunbee,TL,4,V85 (Sunbee)
439,V48,48,8,20,1,48,2,Ellison,TL,4,V48 (Ellison)
440,V33,33,8,21,1,33,2,CSIROW027,TL,4,V33 (CSIROW027)
441,V74,74,8,22,2,74,2,Peake,TL,4,V74 (Peake)
442,V80,80,8,23,2,80,2,Scout,TL,4,V80 (Scout)
443,V59,59,8,24,1,59,2,Grout,TL,4,V59 (Grout)
444,V94,94,8,25,1,94,2,Wyalkatchem,TL,4,V94 (Wyalkatchem)
445,V15,15,8,26,1,15,2,Braewood,TL,4,V15 (Braewood)
446,V82,82,8,27,2,82,2,Spitfire,TL,4,V82 (Spitfire)
447,V78,78,8,28,2,78,2,Schooner,TL,4,V78 (Schooner)
448,V24,24,8,29,1,24,2,CSIROB3,TL,4,V24 (CSIROB3)
449,V54,54,8,30,1,54,2,Franklin,TL,4,V54 (Franklin)
450,V87,87,8,31,2,87,2,Sunlamb,TL,4,V87 (Sunlamb)
992,V128,128,8,32,1,128,1,,Filler,4,Filler H
451,V83,83,8,33,1,83,2,Stirling,TL,1,V83 (Stirling)
452,V9,9,8,34,2,9,2,Axe,TL,1,V9 (Axe)
453,V70,70,8,35,1,70,2,Mitch,TL,1,V70 (Mitch)
454,V35,35,8,36,1,35,2,CSIROW073,TL,1,V35 (CSIROW073)
455,V1,1,8,37,2,1,2,RGT Planet,Control,1,V1 (RGT Planet)
456,V29,29,8,38,1,29,2,CSIROW011,TL,1,V29 (CSIROW011)
457,V66,66,8,39,1,66,2,Longsword,TL,1,V66 (Longsword)
458,V69,69,8,40,1,69,2,Merinda,TL,1,V69 (Merinda)
459,V49,49,8,41,1,49,2,Emu_Rock,TL,1,V49 (Emu_Rock)
460,V14,14,8,42,2,14,2,Bolac,TL,1,V14 (Bolac)
461,V37,37,8,43,1,37,2,CSIROW087,TL,1,V37 (CSIROW087)
462,V7,7,8,44,2,7,2,AGT_Scythe,TL,1,V7 (AGT_Scythe)
463,V8,8,8,45,2,8,2,Alestar,TL,1,V8 (Alestar)
464,V3,3,8,46,1,3,2,Lancer,Control,1,V3 (Lancer)
465,V62,62,8,47,1,62,2,Keel,TL,1,V62 (Keel)
968,V125,125,8,48,1,125,1,Trojan,Filler,1,Filler E
466,V85,85,8,49,1,85,2,Sunbee,TL,3,V85 (Sunbee)
467,V57,57,8,50,2,57,2,Granger,TL,3,V57 (Granger)
468,V89,89,8,51,1,89,2,Suntop,TL,3,V89 (Suntop)
469,V69,69,8,52,2,69,2,Merinda,TL,3,V69 (Merinda)
470,V94,94,8,53,1,94,2,Wyalkatchem,TL,3,V94 (Wyalkatchem)
471,V82,82,8,54,1,82,2,Spitfire,TL,3,V82 (Spitfire)
472,V61,61,8,55,2,61,2,Janz,TL,3,V61 (Janz)
473,V24,24,8,56,1,24,2,CSIROB3,TL,3,V24 (CSIROB3)
474,V4,4,8,57,1,4,2,Spartacus CL,Control,3,V4 (Spartacus CL)
475,V86,86,8,58,1,86,2,Sunbri,TL,3,V86 (Sunbri)
476,V67,67,8,59,2,67,2,Mace,TL,3,V67 (Mace)
477,V28,28,8,60,1,28,2,CSIROW007,TL,3,V28 (CSIROW007)
478,V87,87,8,61,1,87,2,Sunlamb,TL,3,V87 (Sunlamb)
479,V23,23,8,62,1,23,2,CSIROB1,TL,3,V23 (CSIROB1)
480,V66,66,8,63,2,66,2,Longsword,TL,3,V66 (Longsword)
984,V128,128,8,64,1,128,1,,Filler,3,Filler H
481,V43,43,9,1,2,43,1,EGA_Eaglehawk,TL,2,V43 (EGA_Eaglehawk)
482,V38,38,9,2,2,38,1,CSIROW102,TL,2,V38 (CSIROW102)
483,V87,87,9,3,1,87,1,Sunlamb,TL,2,V87 (Sunlamb)
484,V33,33,9,4,2,33,1,CSIROW027,TL,2,V33 (CSIROW027)
485,V21,21,9,5,1,21,1,Compass,TL,2,V21 (Compass)
486,V66,66,9,6,1,66,1,Longsword,TL,2,V66 (Longsword)
487,V65,65,9,7,1,65,1,Lockyer,TL,2,V65 (Lockyer)
488,V3,3,9,8,1,3,1,Lancer,Control,2,V3 (Lancer)
489,V48,48,9,9,2,48,1,Ellison,TL,2,V48 (Ellison)
490,V94,94,9,10,1,94,1,Wyalkatchem,TL,2,V94 (Wyalkatchem)
491,V31,31,9,11,2,31,1,CSIROW021,TL,2,V31 (CSIROW021)
492,V77,77,9,12,1,77,1,Rosella,TL,2,V77 (Rosella)
493,V76,76,9,13,1,76,1,Rosalind,TL,2,V76 (Rosalind)
494,V23,23,9,14,1,23,1,CSIROB1,TL,2,V23 (CSIROB1)
495,V46,46,9,15,2,46,1,EGA_Wedgetail,TL,2,V46 (EGA_Wedgetail)
969,V121,121,9,16,1,121,1,,Filler,2,Filler A
496,V5,5,9,17,1,5,1,Manning,Control,8,V5 (Manning)
497,V85,85,9,18,1,85,1,Sunbee,TL,8,V85 (Sunbee)
498,V40,40,9,19,1,40,1,Cutlass,TL,8,V40 (Cutlass)
499,V64,64,9,20,2,64,1,Kittyhawk,TL,8,V64 (Kittyhawk)
500,V12,12,9,21,1,12,1,Baudin,TL,8,V12 (Baudin)
501,V86,86,9,22,1,86,1,Sunbri,TL,8,V86 (Sunbri)
502,V49,49,9,23,1,49,1,Emu_Rock,TL,8,V49 (Emu_Rock)
503,V66,66,9,24,2,66,1,Longsword,TL,8,V66 (Longsword)
504,V8,8,9,25,1,8,1,Alestar,TL,8,V8 (Alestar)
505,V34,34,9,26,1,34,1,CSIROW029,TL,8,V34 (CSIROW029)
506,V69,69,9,27,2,69,1,Merinda,TL,8,V69 (Merinda)
507,V57,57,9,28,1,57,1,Granger,TL,8,V57 (Granger)
508,V61,61,9,29,1,61,1,Janz,TL,8,V61 (Janz)
509,V59,59,9,30,1,59,1,Grout,TL,8,V59 (Grout)
510,V81,81,9,31,2,81,1,Shepherd,TL,8,V81 (Shepherd)
1017,V121,121,9,32,1,121,1,,Filler,8,Filler A
511,V9,9,9,33,2,9,1,Axe,TL,5,V9 (Axe)
512,V14,14,9,34,2,14,1,Bolac,TL,5,V14 (Bolac)
513,V81,81,9,35,1,81,1,Shepherd,TL,5,V81 (Shepherd)
514,V4,4,9,36,1,4,1,Spartacus CL,Control,5,V4 (Spartacus CL)
515,V78,78,9,37,1,78,1,Schooner,TL,5,V78 (Schooner)
516,V12,12,9,38,2,12,1,Baudin,TL,5,V12 (Baudin)
517,V67,67,9,39,1,67,1,Mace,TL,5,V67 (Mace)
518,V70,70,9,40,1,70,1,Mitch,TL,5,V70 (Mitch)
519,V21,21,9,41,2,21,1,Compass,TL,5,V21 (Compass)
520,V79,79,9,42,1,79,1,Scope,TL,5,V79 (Scope)
521,V53,53,9,43,1,53,1,Forrest,TL,5,V53 (Forrest)
522,V17,17,9,44,2,17,1,Capstan,TL,5,V17 (Capstan)
523,V18,18,9,45,2,18,1,Cassiopee,TL,5,V18 (Cassiopee)
524,V66,66,9,46,1,66,1,Longsword,TL,5,V66 (Longsword)
525,V22,22,9,47,1,22,1,Crusader,TL,5,V22 (Crusader)
993,V121,121,9,48,1,121,1,,Filler,5,Filler A
526,V41,41,9,49,2,41,1,Dash,TL,6,V41 (Dash)
527,V92,92,9,50,1,92,1,Westminster,TL,6,V92 (Westminster)
528,V54,54,9,51,1,54,1,Franklin,TL,6,V54 (Franklin)
529,V1,1,9,52,2,1,1,RGT Planet,Control,6,V1 (RGT Planet)
530,V69,69,9,53,1,69,1,Merinda,TL,6,V69 (Merinda)
531,V70,70,9,54,1,70,1,Mitch,TL,6,V70 (Mitch)
532,V90,90,9,55,1,90,1,Trojan,TL,6,V90 (Trojan)
533,V71,71,9,56,1,71,1,Navigator,TL,6,V71 (Navigator)
534,V24,24,9,57,2,24,1,CSIROB3,TL,6,V24 (CSIROB3)
535,V77,77,9,58,1,77,1,Rosella,TL,6,V77 (Rosella)
536,V31,31,9,59,2,31,1,CSIROW021,TL,6,V31 (CSIROW021)
537,V66,66,9,60,1,66,1,Longsword,TL,6,V66 (Longsword)
538,V34,34,9,61,2,34,1,CSIROW029,TL,6,V34 (CSIROW029)
539,V57,57,9,62,1,57,1,Granger,TL,6,V57 (Granger)
540,V27,27,9,63,2,27,1,CSIROW005,TL,6,V27 (CSIROW005)
1001,V121,121,9,64,1,121,1,,Filler,6,Filler A
541,V10,10,10,1,1,10,1,Banks,TL,2,V10 (Banks)
542,V84,84,10,2,1,84,1,Strzelecki,TL,2,V84 (Strzelecki)
543,V39,39,10,3,2,39,1,CSIROW105,TL,2,V39 (CSIROW105)
544,V93,93,10,4,1,93,1,Whistler,TL,2,V93 (Whistler)
545,V44,44,10,5,2,44,1,EGA_Gregory,TL,2,V44 (EGA_Gregory)
546,V41,41,10,6,2,41,1,Dash,TL,2,V41 (Dash)
547,V27,27,10,7,1,27,1,CSIROW005,TL,2,V27 (CSIROW005)
548,V11,11,10,8,1,11,1,Bass,TL,2,V11 (Bass)
549,V34,34,10,9,2,34,1,CSIROW029,TL,2,V34 (CSIROW029)
550,V30,30,10,10,2,30,1,CSIROW018,TL,2,V30 (CSIROW018)
551,V56,56,10,11,1,56,1,Gauntlet,TL,2,V56 (Gauntlet)
552,V83,83,10,12,1,83,1,Stirling,TL,2,V83 (Stirling)
553,V29,29,10,13,2,29,1,CSIROW011,TL,2,V29 (CSIROW011)
554,V82,82,10,14,1,82,1,Spitfire,TL,2,V82 (Spitfire)
555,V14,14,10,15,1,14,1,Bolac,TL,2,V14 (Bolac)
970,V122,122,10,16,1,122,1,,Filler,2,Filler B
556,V90,90,10,17,1,90,1,Trojan,TL,8,V90 (Trojan)
557,V83,83,10,18,2,83,1,Stirling,TL,8,V83 (Stirling)
558,V35,35,10,19,1,35,1,CSIROW073,TL,8,V35 (CSIROW073)
559,V72,72,10,20,2,72,1,Ouyen,TL,8,V72 (Ouyen)
560,V75,75,10,21,2,75,1,Revenue,TL,8,V75 (Revenue)
561,V87,87,10,22,1,87,1,Sunlamb,TL,8,V87 (Sunlamb)
562,V22,22,10,23,1,22,1,Crusader,TL,8,V22 (Crusader)
563,V36,36,10,24,1,36,1,CSIROW077,TL,8,V36 (CSIROW077)
564,V4,4,10,25,1,4,1,Spartacus CL,Control,8,V4 (Spartacus CL)
565,V78,78,10,26,2,78,1,Schooner,TL,8,V78 (Schooner)
566,V71,71,10,27,2,71,1,Navigator,TL,8,V71 (Navigator)
567,V54,54,10,28,1,54,1,Franklin,TL,8,V54 (Franklin)
568,V68,68,10,29,2,68,1,Magenta,TL,8,V68 (Magenta)
569,V10,10,10,30,1,10,1,Banks,TL,8,V10 (Banks)
570,V53,53,10,31,1,53,1,Forrest,TL,8,V53 (Forrest)
1018,V122,122,10,32,1,122,1,,Filler,8,Filler B
571,V29,29,10,33,1,29,1,CSIROW011,TL,5,V29 (CSIROW011)
572,V11,11,10,34,2,11,1,Bass,TL,5,V11 (Bass)
573,V41,41,10,35,1,41,1,Dash,TL,5,V41 (Dash)
574,V91,91,10,36,2,91,1,Urambie,TL,5,V91 (Urambie)
575,V44,44,10,37,1,44,1,EGA_Gregory,TL,5,V44 (EGA_Gregory)
576,V2,2,10,38,2,2,1,Beaufort,Control,5,V2 (Beaufort)
577,V84,84,10,39,1,84,1,Strzelecki,TL,5,V84 (Strzelecki)
578,V20,20,10,40,2,20,1,Commander,TL,5,V20 (Commander)
579,V24,24,10,41,1,24,1,CSIROB3,TL,5,V24 (CSIROB3)
580,V6,6,10,42,1,6,1,Scepter,Control,5,V6 (Scepter)
581,V16,16,10,43,2,16,1,Calingiri,TL,5,V16 (Calingiri)
582,V73,73,10,44,1,73,1,Oxford,TL,5,V73 (Oxford)
583,V33,33,10,45,1,33,1,CSIROW027,TL,5,V33 (CSIROW027)
584,V1,1,10,46,2,1,1,RGT Planet,Control,5,V1 (RGT Planet)
585,V94,94,10,47,2,94,1,Wyalkatchem,TL,5,V94 (Wyalkatchem)
994,V122,122,10,48,1,122,1,,Filler,5,Filler B
586,V96,96,10,49,1,96,1,Young,TL,6,V96 (Young)
587,V4,4,10,50,1,4,1,Spartacus CL,Control,6,V4 (Spartacus CL)
588,V72,72,10,51,1,72,1,Ouyen,TL,6,V72 (Ouyen)
589,V36,36,10,52,2,36,1,CSIROW077,TL,6,V36 (CSIROW077)
590,V42,42,10,53,2,42,1,Derrimut,TL,6,V42 (Derrimut)
591,V16,16,10,54,1,16,1,Calingiri,TL,6,V16 (Calingiri)
592,V26,26,10,55,2,26,1,CSIROW003,TL,6,V26 (CSIROW003)
593,V28,28,10,56,2,28,1,CSIROW007,TL,6,V28 (CSIROW007)
594,V75,75,10,57,1,75,1,Revenue,TL,6,V75 (Revenue)
595,V50,50,10,58,1,50,1,Fathom,TL,6,V50 (Fathom)
596,V58,58,10,59,1,58,1,Grenade CL Plus,TL,6,V58 (Grenade CL Plus)
597,V25,25,10,60,2,25,1,CSIROW002,TL,6,V25 (CSIROW002)
598,V38,38,10,61,2,38,1,CSIROW102,TL,6,V38 (CSIROW102)
599,V49,49,10,62,1,49,1,Emu_Rock,TL,6,V49 (Emu_Rock)
600,V52,52,10,63,1,52,1,Flinders,TL,6,V52 (Flinders)
1002,V122,122,10,64,1,122,1,,Filler,6,Filler B
601,V26,26,11,1,1,26,1,CSIROW003,TL,2,V26 (CSIROW003)
602,V42,42,11,2,2,42,1,Derrimut,TL,2,V42 (Derrimut)
603,V61,61,11,3,1,61,1,Janz,TL,2,V61 (Janz)
604,V51,51,11,4,1,51,1,Fleet,TL,2,V51 (Fleet)
605,V4,4,11,5,1,4,1,Spartacus CL,Control,2,V4 (Spartacus CL)
606,V25,25,11,6,1,25,1,CSIROW002,TL,2,V25 (CSIROW002)
607,V40,40,11,7,2,40,1,Cutlass,TL,2,V40 (Cutlass)
608,V90,90,11,8,1,90,1,Trojan,TL,2,V90 (Trojan)
609,V9,9,11,9,1,9,1,Axe,TL,2,V9 (Axe)
610,V36,36,11,10,2,36,1,CSIROW077,TL,2,V36 (CSIROW077)
611,V47,47,11,11,2,47,1,EGA_Wills,TL,2,V47 (EGA_Wills)
612,V96,96,11,12,1,96,1,Young,TL,2,V96 (Young)
613,V55,55,11,13,1,55,1,Gairdner,TL,2,V55 (Gairdner)
614,V6,6,11,14,1,6,1,Scepter,Control,2,V6 (Scepter)
615,V18,18,11,15,1,18,1,Cassiopee,TL,2,V18 (Cassiopee)
971,V123,123,11,16,1,123,1,,Filler,2,Filler C
616,V14,14,11,17,1,14,1,Bolac,TL,8,V14 (Bolac)
617,V67,67,11,18,2,67,1,Mace,TL,8,V67 (Mace)
618,V84,84,11,19,2,84,1,Strzelecki,TL,8,V84 (Strzelecki)
619,V58,58,11,20,1,58,1,Grenade CL Plus,TL,8,V58 (Grenade CL Plus)
620,V95,95,11,21,1,95,1,Yitpi,TL,8,V95 (Yitpi)
621,V73,73,11,22,2,73,1,Oxford,TL,8,V73 (Oxford)
622,V77,77,11,23,2,77,1,Rosella,TL,8,V77 (Rosella)
623,V1,1,11,24,2,1,1,RGT Planet,Control,8,V1 (RGT Planet)
624,V88,88,11,25,1,88,1,Sunstate,TL,8,V88 (Sunstate)
625,V65,65,11,26,2,65,1,Lockyer,TL,8,V65 (Lockyer)
626,V2,2,11,27,2,2,1,Beaufort,Control,8,V2 (Beaufort)
627,V79,79,11,28,2,79,1,Scope,TL,8,V79 (Scope)
628,V21,21,11,29,1,21,1,Compass,TL,8,V21 (Compass)
629,V16,16,11,30,1,16,1,Calingiri,TL,8,V16 (Calingiri)
630,V74,74,11,31,2,74,1,Peake,TL,8,V74 (Peake)
1019,V123,123,11,32,1,123,1,,Filler,8,Filler C
631,V7,7,11,33,2,7,1,AGT_Scythe,TL,5,V7 (AGT_Scythe)
632,V47,47,11,34,1,47,1,EGA_Wills,TL,5,V47 (EGA_Wills)
633,V75,75,11,35,1,75,1,Revenue,TL,5,V75 (Revenue)
634,V69,69,11,36,1,69,1,Merinda,TL,5,V69 (Merinda)
635,V19,19,11,37,2,19,1,Catalina,TL,5,V19 (Catalina)
636,V62,62,11,38,1,62,1,Keel,TL,5,V62 (Keel)
637,V95,95,11,39,2,95,1,Yitpi,TL,5,V95 (Yitpi)
638,V65,65,11,40,1,65,1,Lockyer,TL,5,V65 (Lockyer)
639,V88,88,11,41,1,88,1,Sunstate,TL,5,V88 (Sunstate)
640,V38,38,11,42,1,38,1,CSIROW102,TL,5,V38 (CSIROW102)
641,V92,92,11,43,2,92,1,Westminster,TL,5,V92 (Westminster)
642,V93,93,11,44,2,93,1,Whistler,TL,5,V93 (Whistler)
643,V31,31,11,45,1,31,1,CSIROW021,TL,5,V31 (CSIROW021)
644,V40,40,11,46,1,40,1,Cutlass,TL,5,V40 (Cutlass)
645,V58,58,11,47,1,58,1,Grenade CL Plus,TL,5,V58 (Grenade CL Plus)
995,V123,123,11,48,1,123,1,,Filler,5,Filler C
646,V89,89,11,49,1,89,1,Suntop,TL,6,V89 (Suntop)
647,V14,14,11,50,1,14,1,Bolac,TL,6,V14 (Bolac)
648,V23,23,11,51,2,23,1,CSIROB1,TL,6,V23 (CSIROB1)
649,V13,13,11,52,1,13,1,Biere,TL,6,V13 (Biere)
650,V48,48,11,53,1,48,1,Ellison,TL,6,V48 (Ellison)
651,V6,6,11,54,1,6,1,Scepter,Control,6,V6 (Scepter)
652,V79,79,11,55,1,79,1,Scope,TL,6,V79 (Scope)
653,V55,55,11,56,1,55,1,Gairdner,TL,6,V55 (Gairdner)
654,V32,32,11,57,2,32,1,CSIROW023,TL,6,V32 (CSIROW023)
655,V40,40,11,58,2,40,1,Cutlass,TL,6,V40 (Cutlass)
656,V93,93,11,59,1,93,1,Whistler,TL,6,V93 (Whistler)
657,V91,91,11,60,1,91,1,Urambie,TL,6,V91 (Urambie)
658,V56,56,11,61,1,56,1,Gauntlet,TL,6,V56 (Gauntlet)
659,V94,94,11,62,1,94,1,Wyalkatchem,TL,6,V94 (Wyalkatchem)
660,V37,37,11,63,2,37,1,CSIROW087,TL,6,V37 (CSIROW087)
1003,V123,123,11,64,1,123,1,,Filler,6,Filler C
661,V28,28,12,1,2,28,1,CSIROW007,TL,2,V28 (CSIROW007)
662,V92,92,12,2,1,92,1,Westminster,TL,2,V92 (Westminster)
663,V8,8,12,3,1,8,1,Alestar,TL,2,V8 (Alestar)
664,V74,74,12,4,1,74,1,Peake,TL,2,V74 (Peake)
665,V12,12,12,5,1,12,1,Baudin,TL,2,V12 (Baudin)
666,V32,32,12,6,2,32,1,CSIROW023,TL,2,V32 (CSIROW023)
667,V45,45,12,7,2,45,1,EGA_Hume,TL,2,V45 (EGA_Hume)
668,V37,37,12,8,2,37,1,CSIROW087,TL,2,V37 (CSIROW087)
669,V95,95,12,9,1,95,1,Yitpi,TL,2,V95 (Yitpi)
670,V22,22,12,10,1,22,1,Crusader,TL,2,V22 (Crusader)
671,V62,62,12,11,1,62,1,Keel,TL,2,V62 (Keel)
672,V5,5,12,12,1,5,1,Manning,Control,2,V5 (Manning)
673,V35,35,12,13,2,35,1,CSIROW073,TL,2,V35 (CSIROW073)
674,V17,17,12,14,1,17,1,Capstan,TL,2,V17 (Capstan)
675,V53,53,12,15,1,53,1,Forrest,TL,2,V53 (Forrest)
972,V124,124,12,16,1,124,1,,Filler,2,Filler D
676,V80,80,12,17,2,80,1,Scout,TL,8,V80 (Scout)
677,V26,26,12,18,1,26,1,CSIROW003,TL,8,V26 (CSIROW003)
678,V11,11,12,19,1,11,1,Bass,TL,8,V11 (Bass)
679,V25,25,12,20,1,25,1,CSIROW002,TL,8,V25 (CSIROW002)
680,V94,94,12,21,1,94,1,Wyalkatchem,TL,8,V94 (Wyalkatchem)
681,V70,70,12,22,2,70,1,Mitch,TL,8,V70 (Mitch)
682,V60,60,12,23,1,60,1,H45,TL,8,V60 (H45)
683,V82,82,12,24,2,82,1,Spitfire,TL,8,V82 (Spitfire)
684,V31,31,12,25,1,31,1,CSIROW021,TL,8,V31 (CSIROW021)
685,V43,43,12,26,1,43,1,EGA_Eaglehawk,TL,8,V43 (EGA_Eaglehawk)
686,V9,9,12,27,1,9,1,Axe,TL,8,V9 (Axe)
687,V89,89,12,28,1,89,1,Suntop,TL,8,V89 (Suntop)
688,V6,6,12,29,1,6,1,Scepter,Control,8,V6 (Scepter)
689,V76,76,12,30,2,76,1,Rosalind,TL,8,V76 (Rosalind)
690,V45,45,12,31,1,45,1,EGA_Hume,TL,8,V45 (EGA_Hume)
1020,V124,124,12,32,1,124,1,,Filler,8,Filler D
691,V71,71,12,33,1,71,1,Navigator,TL,5,V71 (Navigator)
692,V37,37,12,34,1,37,1,CSIROW087,TL,5,V37 (CSIROW087)
693,V8,8,12,35,2,8,1,Alestar,TL,5,V8 (Alestar)
694,V96,96,12,36,2,96,1,Young,TL,5,V96 (Young)
695,V27,27,12,37,1,27,1,CSIROW005,TL,5,V27 (CSIROW005)
696,V39,39,12,38,1,39,1,CSIROW105,TL,5,V39 (CSIROW105)
697,V3,3,12,39,1,3,1,Lancer,Control,5,V3 (Lancer)
698,V28,28,12,40,1,28,1,CSIROW007,TL,5,V28 (CSIROW007)
699,V10,10,12,41,2,10,1,Banks,TL,5,V10 (Banks)
700,V15,15,12,42,2,15,1,Braewood,TL,5,V15 (Braewood)
701,V54,54,12,43,1,54,1,Franklin,TL,5,V54 (Franklin)
702,V36,36,12,44,1,36,1,CSIROW077,TL,5,V36 (CSIROW077)
703,V13,13,12,45,2,13,1,Biere,TL,5,V13 (Biere)
704,V89,89,12,46,1,89,1,Suntop,TL,5,V89 (Suntop)
705,V49,49,12,47,1,49,1,Emu_Rock,TL,5,V49 (Emu_Rock)
996,V124,124,12,48,1,124,1,,Filler,5,Filler D
706,V22,22,12,49,2,22,1,Crusader,TL,6,V22 (Crusader)
707,V85,85,12,50,1,85,1,Sunbee,TL,6,V85 (Sunbee)
708,V30,30,12,51,2,30,1,CSIROW018,TL,6,V30 (CSIROW018)
709,V29,29,12,52,2,29,1,CSIROW011,TL,6,V29 (CSIROW011)
710,V88,88,12,53,1,88,1,Sunstate,TL,6,V88 (Sunstate)
711,V67,67,12,54,1,67,1,Mace,TL,6,V67 (Mace)
712,V81,81,12,55,1,81,1,Shepherd,TL,6,V81 (Shepherd)
713,V39,39,12,56,2,39,1,CSIROW105,TL,6,V39 (CSIROW105)
714,V53,53,12,57,1,53,1,Forrest,TL,6,V53 (Forrest)
715,V5,5,12,58,1,5,1,Manning,Control,6,V5 (Manning)
716,V43,43,12,59,1,43,1,EGA_Eaglehawk,TL,6,V43 (EGA_Eaglehawk)
717,V35,35,12,60,2,35,1,CSIROW073,TL,6,V35 (CSIROW073)
718,V8,8,12,61,1,8,1,Alestar,TL,6,V8 (Alestar)
719,V33,33,12,62,2,33,1,CSIROW027,TL,6,V33 (CSIROW027)
720,V51,51,12,63,1,51,1,Fleet,TL,6,V51 (Fleet)
1004,V124,124,12,64,1,124,1,,Filler,6,Filler D
721,V73,73,13,1,1,73,1,Oxford,TL,2,V73 (Oxford)
722,V47,47,13,2,2,47,1,EGA_Wills,TL,2,V47 (EGA_Wills)
723,V6,6,13,3,1,6,1,Scepter,Control,2,V6 (Scepter)
724,V38,38,13,4,2,38,1,CSIROW102,TL,2,V38 (CSIROW102)
725,V15,15,13,5,1,15,1,Braewood,TL,2,V15 (Braewood)
726,V63,63,13,6,1,63,1,Kellalac,TL,2,V63 (Kellalac)
727,V67,67,13,7,1,67,1,Mace,TL,2,V67 (Mace)
728,V44,44,13,8,2,44,1,EGA_Gregory,TL,2,V44 (EGA_Gregory)
729,V2,2,13,9,2,2,1,Beaufort,Control,2,V2 (Beaufort)
730,V13,13,13,10,1,13,1,Biere,TL,2,V13 (Biere)
731,V46,46,13,11,2,46,1,EGA_Wedgetail,TL,2,V46 (EGA_Wedgetail)
732,V88,88,13,12,1,88,1,Sunstate,TL,2,V88 (Sunstate)
733,V70,70,13,13,1,70,1,Mitch,TL,2,V70 (Mitch)
734,V40,40,13,14,2,40,1,Cutlass,TL,2,V40 (Cutlass)
735,V32,32,13,15,2,32,1,CSIROW023,TL,2,V32 (CSIROW023)
973,V125,125,13,16,1,125,1,,Filler,2,Filler E
736,V44,44,13,17,1,44,1,EGA_Gregory,TL,8,V44 (EGA_Gregory)
737,V93,93,13,18,1,93,1,Whistler,TL,8,V93 (Whistler)
738,V74,74,13,19,2,74,1,Peake,TL,8,V74 (Peake)
739,V52,52,13,20,1,52,1,Flinders,TL,8,V52 (Flinders)
740,V5,5,13,21,1,5,1,Manning,Control,8,V5 (Manning)
741,V42,42,13,22,1,42,1,Derrimut,TL,8,V42 (Derrimut)
742,V23,23,13,23,1,23,1,CSIROB1,TL,8,V23 (CSIROB1)
743,V24,24,13,24,1,24,1,CSIROB3,TL,8,V24 (CSIROB3)
744,V78,78,13,25,2,78,1,Schooner,TL,8,V78 (Schooner)
745,V84,84,13,26,2,84,1,Strzelecki,TL,8,V84 (Strzelecki)
746,V63,63,13,27,1,63,1,Kellalac,TL,8,V63 (Kellalac)
747,V15,15,13,28,1,15,1,Braewood,TL,8,V15 (Braewood)
748,V41,41,13,29,1,41,1,Dash,TL,8,V41 (Dash)
749,V82,82,13,30,2,82,1,Spitfire,TL,8,V82 (Spitfire)
750,V69,69,13,31,2,69,1,Merinda,TL,8,V69 (Merinda)
1021,V125,125,13,32,1,125,1,,Filler,8,Filler E
751,V59,59,13,33,1,59,1,Grout,TL,5,V59 (Grout)
752,V85,85,13,34,1,85,1,Sunbee,TL,5,V85 (Sunbee)
753,V46,46,13,35,1,46,1,EGA_Wedgetail,TL,5,V46 (EGA_Wedgetail)
754,V35,35,13,36,1,35,1,CSIROW073,TL,5,V35 (CSIROW073)
755,V92,92,13,37,2,92,1,Westminster,TL,5,V92 (Westminster)
756,V20,20,13,38,2,20,1,Commander,TL,5,V20 (Commander)
757,V55,55,13,39,1,55,1,Gairdner,TL,5,V55 (Gairdner)
758,V9,9,13,40,2,9,1,Axe,TL,5,V9 (Axe)
759,V13,13,13,41,2,13,1,Biere,TL,5,V13 (Biere)
760,V43,43,13,42,1,43,1,EGA_Eaglehawk,TL,5,V43 (EGA_Eaglehawk)
761,V2,2,13,43,2,2,1,Beaufort,Control,5,V2 (Beaufort)
762,V19,19,13,44,2,19,1,Catalina,TL,5,V19 (Catalina)
763,V52,52,13,45,1,52,1,Flinders,TL,5,V52 (Flinders)
764,V16,16,13,46,2,16,1,Calingiri,TL,5,V16 (Calingiri)
765,V26,26,13,47,1,26,1,CSIROW003,TL,5,V26 (CSIROW003)
997,V125,125,13,48,1,125,1,,Filler,5,Filler E
766,V60,60,13,49,1,60,1,H45,TL,6,V60 (H45)
767,V24,24,13,50,2,24,1,CSIROB3,TL,6,V24 (CSIROB3)
768,V21,21,13,51,1,21,1,Compass,TL,6,V21 (Compass)
769,V83,83,13,52,1,83,1,Stirling,TL,6,V83 (Stirling)
770,V4,4,13,53,1,4,1,Spartacus CL,Control,6,V4 (Spartacus CL)
771,V39,39,13,54,2,39,1,CSIROW105,TL,6,V39 (CSIROW105)
772,V38,38,13,55,2,38,1,CSIROW102,TL,6,V38 (CSIROW102)
773,V68,68,13,56,1,68,1,Magenta,TL,6,V68 (Magenta)
774,V6,6,13,57,1,6,1,Scepter,Control,6,V6 (Scepter)
775,V78,78,13,58,1,78,1,Schooner,TL,6,V78 (Schooner)
776,V34,34,13,59,2,34,1,CSIROW029,TL,6,V34 (CSIROW029)
777,V10,10,13,60,1,10,1,Banks,TL,6,V10 (Banks)
778,V42,42,13,61,2,42,1,Derrimut,TL,6,V42 (Derrimut)
779,V63,63,13,62,1,63,1,Kellalac,TL,6,V63 (Kellalac)
780,V12,12,13,63,1,12,1,Baudin,TL,6,V12 (Baudin)
1005,V125,125,13,64,1,125,1,,Filler,6,Filler E
781,V85,85,14,1,1,85,1,Sunbee,TL,2,V85 (Sunbee)
782,V48,48,14,2,2,48,1,Ellison,TL,2,V48 (Ellison)
783,V60,60,14,3,1,60,1,H45,TL,2,V60 (H45)
784,V58,58,14,4,1,58,1,Grenade CL Plus,TL,2,V58 (Grenade CL Plus)
785,V91,91,14,5,1,91,1,Urambie,TL,2,V91 (Urambie)
786,V37,37,14,6,2,37,1,CSIROW087,TL,2,V37 (CSIROW087)
787,V68,68,14,7,1,68,1,Magenta,TL,2,V68 (Magenta)
788,V5,5,14,8,1,5,1,Manning,Control,2,V5 (Manning)
789,V41,41,14,9,2,41,1,Dash,TL,2,V41 (Dash)
790,V79,79,14,10,1,79,1,Scope,TL,2,V79 (Scope)
791,V52,52,14,11,1,52,1,Flinders,TL,2,V52 (Flinders)
792,V42,42,14,12,2,42,1,Derrimut,TL,2,V42 (Derrimut)
793,V49,49,14,13,1,49,1,Emu_Rock,TL,2,V49 (Emu_Rock)
794,V50,50,14,14,1,50,1,Fathom,TL,2,V50 (Fathom)
795,V89,89,14,15,1,89,1,Suntop,TL,2,V89 (Suntop)
974,V126,126,14,16,1,126,1,,Filler,2,Filler F
796,V17,17,14,17,1,17,1,Capstan,TL,8,V17 (Capstan)
797,V7,7,14,18,1,7,1,AGT_Scythe,TL,8,V7 (AGT_Scythe)
798,V20,20,14,19,1,20,1,Commander,TL,8,V20 (Commander)
799,V81,81,14,20,2,81,1,Shepherd,TL,8,V81 (Shepherd)
800,V33,33,14,21,1,33,1,CSIROW027,TL,8,V33 (CSIROW027)
801,V77,77,14,22,2,77,1,Rosella,TL,8,V77 (Rosella)
802,V72,72,14,23,2,72,1,Ouyen,TL,8,V72 (Ouyen)
803,V62,62,14,24,1,62,1,Keel,TL,8,V62 (Keel)
804,V56,56,14,25,1,56,1,Gauntlet,TL,8,V56 (Gauntlet)
805,V48,48,14,26,1,48,1,Ellison,TL,8,V48 (Ellison)
806,V47,47,14,27,1,47,1,EGA_Wills,TL,8,V47 (EGA_Wills)
807,V70,70,14,28,2,70,1,Mitch,TL,8,V70 (Mitch)
808,V3,3,14,29,1,3,1,Lancer,Control,8,V3 (Lancer)
809,V19,19,14,30,1,19,1,Catalina,TL,8,V19 (Catalina)
810,V79,79,14,31,2,79,1,Scope,TL,8,V79 (Scope)
1022,V126,126,14,32,1,126,1,,Filler,8,Filler F
811,V17,17,14,33,2,17,1,Capstan,TL,5,V17 (Capstan)
812,V90,90,14,34,1,90,1,Trojan,TL,5,V90 (Trojan)
813,V3,3,14,35,1,3,1,Lancer,Control,5,V3 (Lancer)
814,V50,50,14,36,1,50,1,Fathom,TL,5,V50 (Fathom)
815,V42,42,14,37,1,42,1,Derrimut,TL,5,V42 (Derrimut)
816,V87,87,14,38,1,87,1,Sunlamb,TL,5,V87 (Sunlamb)
817,V15,15,14,39,2,15,1,Braewood,TL,5,V15 (Braewood)
818,V80,80,14,40,1,80,1,Scout,TL,5,V80 (Scout)
819,V23,23,14,41,1,23,1,CSIROB1,TL,5,V23 (CSIROB1)
820,V7,7,14,42,2,7,1,AGT_Scythe,TL,5,V7 (AGT_Scythe)
821,V63,63,14,43,1,63,1,Kellalac,TL,5,V63 (Kellalac)
822,V94,94,14,44,2,94,1,Wyalkatchem,TL,5,V94 (Wyalkatchem)
823,V61,61,14,45,1,61,1,Janz,TL,5,V61 (Janz)
824,V57,57,14,46,1,57,1,Granger,TL,5,V57 (Granger)
825,V91,91,14,47,2,91,1,Urambie,TL,5,V91 (Urambie)
998,V126,126,14,48,1,126,1,,Filler,5,Filler F
826,V27,27,14,49,2,27,1,CSIROW005,TL,6,V27 (CSIROW005)
827,V36,36,14,50,2,36,1,CSIROW077,TL,6,V36 (CSIROW077)
828,V82,82,14,51,1,82,1,Spitfire,TL,6,V82 (Spitfire)
829,V33,33,14,52,2,33,1,CSIROW027,TL,6,V33 (CSIROW027)
830,V62,62,14,53,1,62,1,Keel,TL,6,V62 (Keel)
831,V40,40,14,54,2,40,1,Cutlass,TL,6,V40 (Cutlass)
832,V15,15,14,55,1,15,1,Braewood,TL,6,V15 (Braewood)
833,V61,61,14,56,1,61,1,Janz,TL,6,V61 (Janz)
834,V95,95,14,57,1,95,1,Yitpi,TL,6,V95 (Yitpi)
835,V87,87,14,58,1,87,1,Sunlamb,TL,6,V87 (Sunlamb)
836,V64,64,14,59,1,64,1,Kittyhawk,TL,6,V64 (Kittyhawk)
837,V29,29,14,60,2,29,1,CSIROW011,TL,6,V29 (CSIROW011)
838,V73,73,14,61,1,73,1,Oxford,TL,6,V73 (Oxford)
839,V22,22,14,62,2,22,1,Crusader,TL,6,V22 (Crusader)
840,V32,32,14,63,2,32,1,CSIROW023,TL,6,V32 (CSIROW023)
1006,V126,126,14,64,1,126,1,,Filler,6,Filler F
841,V7,7,15,1,1,7,1,AGT_Scythe,TL,2,V7 (AGT_Scythe)
842,V80,80,15,2,1,80,1,Scout,TL,2,V80 (Scout)
843,V31,31,15,3,2,31,1,CSIROW021,TL,2,V31 (CSIROW021)
844,V24,24,15,4,1,24,1,CSIROB3,TL,2,V24 (CSIROB3)
845,V39,39,15,5,2,39,1,CSIROW105,TL,2,V39 (CSIROW105)
846,V57,57,15,6,1,57,1,Granger,TL,2,V57 (Granger)
847,V35,35,15,7,2,35,1,CSIROW073,TL,2,V35 (CSIROW073)
848,V86,86,15,8,1,86,1,Sunbri,TL,2,V86 (Sunbri)
849,V54,54,15,9,1,54,1,Franklin,TL,2,V54 (Franklin)
850,V4,4,15,10,1,4,1,Spartacus CL,Control,2,V4 (Spartacus CL)
851,V71,71,15,11,1,71,1,Navigator,TL,2,V71 (Navigator)
852,V16,16,15,12,1,16,1,Calingiri,TL,2,V16 (Calingiri)
853,V30,30,15,13,2,30,1,CSIROW018,TL,2,V30 (CSIROW018)
854,V81,81,15,14,1,81,1,Shepherd,TL,2,V81 (Shepherd)
855,V43,43,15,15,2,43,1,EGA_Eaglehawk,TL,2,V43 (EGA_Eaglehawk)
975,V127,127,15,16,1,127,1,,Filler,2,Filler G
856,V76,76,15,17,2,76,1,Rosalind,TL,8,V76 (Rosalind)
857,V75,75,15,18,2,75,1,Revenue,TL,8,V75 (Revenue)
858,V32,32,15,19,1,32,1,CSIROW023,TL,8,V32 (CSIROW023)
859,V92,92,15,20,1,92,1,Westminster,TL,8,V92 (Westminster)
860,V71,71,15,21,2,71,1,Navigator,TL,8,V71 (Navigator)
861,V80,80,15,22,2,80,1,Scout,TL,8,V80 (Scout)
862,V67,67,15,23,2,67,1,Mace,TL,8,V67 (Mace)
863,V39,39,15,24,1,39,1,CSIROW105,TL,8,V39 (CSIROW105)
864,V73,73,15,25,2,73,1,Oxford,TL,8,V73 (Oxford)
865,V38,38,15,26,1,38,1,CSIROW102,TL,8,V38 (CSIROW102)
866,V4,4,15,27,1,4,1,Spartacus CL,Control,8,V4 (Spartacus CL)
867,V30,30,15,28,1,30,1,CSIROW018,TL,8,V30 (CSIROW018)
868,V51,51,15,29,1,51,1,Fleet,TL,8,V51 (Fleet)
869,V64,64,15,30,2,64,1,Kittyhawk,TL,8,V64 (Kittyhawk)
870,V46,46,15,31,1,46,1,EGA_Wedgetail,TL,8,V46 (EGA_Wedgetail)
1023,V127,127,15,32,1,127,1,,Filler,8,Filler G
871,V74,74,15,33,1,74,1,Peake,TL,5,V74 (Peake)
872,V96,96,15,34,2,96,1,Young,TL,5,V96 (Young)
873,V25,25,15,35,1,25,1,CSIROW002,TL,5,V25 (CSIROW002)
874,V1,1,15,36,2,1,1,RGT Planet,Control,5,V1 (RGT Planet)
875,V14,14,15,37,2,14,1,Bolac,TL,5,V14 (Bolac)
876,V51,51,15,38,1,51,1,Fleet,TL,5,V51 (Fleet)
877,V83,83,15,39,1,83,1,Stirling,TL,5,V83 (Stirling)
878,V30,30,15,40,1,30,1,CSIROW018,TL,5,V30 (CSIROW018)
879,V12,12,15,41,2,12,1,Baudin,TL,5,V12 (Baudin)
880,V10,10,15,42,2,10,1,Banks,TL,5,V10 (Banks)
881,V68,68,15,43,1,68,1,Magenta,TL,5,V68 (Magenta)
882,V48,48,15,44,1,48,1,Ellison,TL,5,V48 (Ellison)
883,V77,77,15,45,1,77,1,Rosella,TL,5,V77 (Rosella)
884,V95,95,15,46,2,95,1,Yitpi,TL,5,V95 (Yitpi)
885,V32,32,15,47,1,32,1,CSIROW023,TL,5,V32 (CSIROW023)
999,V127,127,15,48,1,127,1,,Filler,5,Filler G
886,V86,86,15,49,1,86,1,Sunbri,TL,6,V86 (Sunbri)
887,V18,18,15,50,1,18,1,Cassiopee,TL,6,V18 (Cassiopee)
888,V25,25,15,51,2,25,1,CSIROW002,TL,6,V25 (CSIROW002)
889,V84,84,15,52,1,84,1,Strzelecki,TL,6,V84 (Strzelecki)
890,V47,47,15,53,1,47,1,EGA_Wills,TL,6,V47 (EGA_Wills)
891,V9,9,15,54,1,9,1,Axe,TL,6,V9 (Axe)
892,V41,41,15,55,2,41,1,Dash,TL,6,V41 (Dash)
893,V19,19,15,56,1,19,1,Catalina,TL,6,V19 (Catalina)
894,V3,3,15,57,1,3,1,Lancer,Control,6,V3 (Lancer)
895,V23,23,15,58,2,23,1,CSIROB1,TL,6,V23 (CSIROB1)
896,V74,74,15,59,1,74,1,Peake,TL,6,V74 (Peake)
897,V26,26,15,60,2,26,1,CSIROW003,TL,6,V26 (CSIROW003)
898,V7,7,15,61,1,7,1,AGT_Scythe,TL,6,V7 (AGT_Scythe)
899,V5,5,15,62,1,5,1,Manning,Control,6,V5 (Manning)
900,V80,80,15,63,1,80,1,Scout,TL,6,V80 (Scout)
1007,V127,127,15,64,1,127,1,,Filler,6,Filler G
901,V33,33,16,1,2,33,1,CSIROW027,TL,2,V33 (CSIROW027)
902,V1,1,16,2,2,1,1,RGT Planet,Control,2,V1 (RGT Planet)
903,V59,59,16,3,1,59,1,Grout,TL,2,V59 (Grout)
904,V36,36,16,4,2,36,1,CSIROW077,TL,2,V36 (CSIROW077)
905,V69,69,16,5,1,69,1,Merinda,TL,2,V69 (Merinda)
906,V29,29,16,6,2,29,1,CSIROW011,TL,2,V29 (CSIROW011)
907,V28,28,16,7,2,28,1,CSIROW007,TL,2,V28 (CSIROW007)
908,V19,19,16,8,1,19,1,Catalina,TL,2,V19 (Catalina)
909,V20,20,16,9,1,20,1,Commander,TL,2,V20 (Commander)
910,V78,78,16,10,1,78,1,Schooner,TL,2,V78 (Schooner)
911,V75,75,16,11,1,75,1,Revenue,TL,2,V75 (Revenue)
912,V45,45,16,12,2,45,1,EGA_Hume,TL,2,V45 (EGA_Hume)
913,V64,64,16,13,1,64,1,Kittyhawk,TL,2,V64 (Kittyhawk)
914,V34,34,16,14,2,34,1,CSIROW029,TL,2,V34 (CSIROW029)
915,V72,72,16,15,1,72,1,Ouyen,TL,2,V72 (Ouyen)
976,V128,128,16,16,1,128,1,,Filler,2,Filler H
916,V91,91,16,17,1,91,1,Urambie,TL,8,V91 (Urambie)
917,V65,65,16,18,2,65,1,Lockyer,TL,8,V65 (Lockyer)
918,V66,66,16,19,2,66,1,Longsword,TL,8,V66 (Longsword)
919,V50,50,16,20,1,50,1,Fathom,TL,8,V50 (Fathom)
920,V27,27,16,21,1,27,1,CSIROW005,TL,8,V27 (CSIROW005)
921,V55,55,16,22,1,55,1,Gairdner,TL,8,V55 (Gairdner)
922,V18,18,16,23,1,18,1,Cassiopee,TL,8,V18 (Cassiopee)
923,V6,6,16,24,1,6,1,Scepter,Control,8,V6 (Scepter)
924,V96,96,16,25,1,96,1,Young,TL,8,V96 (Young)
925,V37,37,16,26,1,37,1,CSIROW087,TL,8,V37 (CSIROW087)
926,V28,28,16,27,1,28,1,CSIROW007,TL,8,V28 (CSIROW007)
927,V68,68,16,28,2,68,1,Magenta,TL,8,V68 (Magenta)
928,V83,83,16,29,2,83,1,Stirling,TL,8,V83 (Stirling)
929,V29,29,16,30,1,29,1,CSIROW011,TL,8,V29 (CSIROW011)
930,V13,13,16,31,1,13,1,Biere,TL,8,V13 (Biere)
1024,V128,128,16,32,1,128,1,,Filler,8,Filler H
931,V86,86,16,33,1,86,1,Sunbri,TL,5,V86 (Sunbri)
932,V18,18,16,34,2,18,1,Cassiopee,TL,5,V18 (Cassiopee)
933,V93,93,16,35,2,93,1,Whistler,TL,5,V93 (Whistler)
934,V64,64,16,36,1,64,1,Kittyhawk,TL,5,V64 (Kittyhawk)
935,V34,34,16,37,1,34,1,CSIROW029,TL,5,V34 (CSIROW029)
936,V45,45,16,38,1,45,1,EGA_Hume,TL,5,V45 (EGA_Hume)
937,V82,82,16,39,1,82,1,Spitfire,TL,5,V82 (Spitfire)
938,V11,11,16,40,2,11,1,Bass,TL,5,V11 (Bass)
939,V56,56,16,41,1,56,1,Gauntlet,TL,5,V56 (Gauntlet)
940,V5,5,16,42,1,5,1,Manning,Control,5,V5 (Manning)
941,V76,76,16,43,1,76,1,Rosalind,TL,5,V76 (Rosalind)
942,V60,60,16,44,1,60,1,H45,TL,5,V60 (H45)
943,V8,8,16,45,2,8,1,Alestar,TL,5,V8 (Alestar)
944,V72,72,16,46,1,72,1,Ouyen,TL,5,V72 (Ouyen)
945,V21,21,16,47,2,21,1,Compass,TL,5,V21 (Compass)
1000,V128,128,16,48,1,128,1,,Filler,5,Filler H
946,V11,11,16,49,1,11,1,Bass,TL,6,V11 (Bass)
947,V17,17,16,50,1,17,1,Capstan,TL,6,V17 (Capstan)
948,V37,37,16,51,2,37,1,CSIROW087,TL,6,V37 (CSIROW087)
949,V65,65,16,52,1,65,1,Lockyer,TL,6,V65 (Lockyer)
950,V30,30,16,53,2,30,1,CSIROW018,TL,6,V30 (CSIROW018)
951,V76,76,16,54,1,76,1,Rosalind,TL,6,V76 (Rosalind)
952,V59,59,16,55,1,59,1,Grout,TL,6,V59 (Grout)
953,V35,35,16,56,2,35,1,CSIROW073,TL,6,V35 (CSIROW073)
954,V45,45,16,57,1,45,1,EGA_Hume,TL,6,V45 (EGA_Hume)
955,V2,2,16,58,2,2,1,Beaufort,Control,6,V2 (Beaufort)
956,V28,28,16,59,2,28,1,CSIROW007,TL,6,V28 (CSIROW007)
957,V46,46,16,60,1,46,1,EGA_Wedgetail,TL,6,V46 (EGA_Wedgetail)
958,V44,44,16,61,1,44,1,EGA_Gregory,TL,6,V44 (EGA_Gregory)
959,V20,20,16,62,1,20,1,Commander,TL,6,V20 (Commander)
960,V31,31,16,63,2,31,1,CSIROW021,TL,6,V31 (CSIROW021)
1008,V128,128,16,64,1,128,1,,Filler,6,Filler H
