,Unit,ID,Entry,Row,Range,Replicates,TRT,RepRow,Variety,Type,TOS,Plotname,Block
1,1,V24,24,1,1,1,24,1,CSIROB3,TL,4,V24 (CSIROB3),1
2,2,V73,73,2,1,2,73,1,Oxford,TL,4,V73 (Oxford),1
3,3,V15,15,3,1,1,15,1,Braewood,TL,4,V15 (Braewood),1
4,4,V79,79,4,1,2,79,1,Scope,TL,4,V79 (Scope),1
5,5,V16,16,5,1,1,16,2,Calingiri,TL,4,V16 (Calingiri),1
6,6,V26,26,6,1,1,26,2,CSIROW003,TL,4,V26 (CSIROW003),1
7,7,V82,82,7,1,2,82,2,Spitfire,TL,4,V82 (Spitfire),1
8,8,V84,84,8,1,2,84,2,Strzelecki,TL,4,V84 (Strzelecki),1
9,9,V83,83,1,2,2,83,1,Stirling,TL,4,V83 (Stirling),1
10,10,V45,45,2,2,1,45,1,EGA_Hume,TL,4,V45 (EGA_Hume),1
11,11,V74,74,3,2,2,74,1,Peake,TL,4,V74 (Peake),1
12,12,V52,52,4,2,1,52,1,Flinders,TL,4,V52 (Flinders),1
13,13,V41,41,5,2,1,41,2,Dash,TL,4,V41 (Dash),1
14,14,V7,7,6,2,1,7,2,AGT_Scythe,TL,4,V7 (AGT_Scythe),1
15,15,V37,37,7,2,1,37,2,CSIROW087,TL,4,V37 (CSIROW087),1
16,16,V72,72,8,2,2,72,2,Ouyen,TL,4,V72 (Ouyen),1
17,17,V9,9,1,3,1,9,1,Axe,TL,4,V9 (Axe),1
18,18,V3,3,2,3,1,3,1,Lancer,Control,4,V3 (Lancer),1
19,19,V64,64,3,3,1,64,1,Kittyhawk,TL,4,V64 (Kittyhawk),1
20,20,V4,4,4,3,1,4,1,Spartacus CL,Control,4,V4 (Spartacus CL),1
21,21,V89,89,5,3,2,89,2,Suntop,TL,4,V89 (Suntop),1
22,22,V87,87,6,3,2,87,2,Sunlamb,TL,4,V87 (Sunlamb),1
23,23,V94,94,7,3,1,94,2,Wyalkatchem,TL,4,V94 (Wyalkatchem),1
24,24,V30,30,8,3,1,30,2,CSIROW018,TL,4,V30 (CSIROW018),1
25,25,V72,72,1,4,2,72,1,Ouyen,TL,4,V72 (Ouyen),1
26,26,V67,67,2,4,1,67,1,Mace,TL,4,V67 (Mace),1
27,27,V18,18,3,4,1,18,1,Cassiopee,TL,4,V18 (Cassiopee),1
28,28,V21,21,4,4,1,21,1,Compass,TL,4,V21 (Compass),1
29,29,V66,66,5,4,1,66,2,Longsword,TL,4,V66 (Longsword),1
30,30,V68,68,6,4,1,68,2,Magenta,TL,4,V68 (Magenta),1
31,31,V6,6,7,4,1,6,2,Scepter,Control,4,V6 (Scepter),1
32,32,V80,80,8,4,2,80,2,Scout,TL,4,V80 (Scout),1
33,33,V56,56,1,5,1,56,1,Gauntlet,TL,4,V56 (Gauntlet),1
34,34,V58,58,2,5,1,58,1,Grenade CL Plus,TL,4,V58 (Grenade CL Plus),1
35,35,V76,76,3,5,2,76,1,Rosalind,TL,4,V76 (Rosalind),1
36,36,V71,71,4,5,2,71,1,Navigator,TL,4,V71 (Navigator),1
37,37,V78,78,5,5,2,78,2,Schooner,TL,4,V78 (Schooner),1
38,38,V2,2,6,5,2,2,2,Beaufort,Control,4,V2 (Beaufort),1
39,39,V44,44,7,5,1,44,2,EGA_Gregory,TL,4,V44 (EGA_Gregory),1
40,40,V14,14,8,5,1,14,2,Bolac,TL,4,V14 (Bolac),1
41,41,V51,51,1,6,1,51,1,Fleet,TL,4,V51 (Fleet),1
42,42,V5,5,2,6,1,5,1,Manning,Control,4,V5 (Manning),1
43,43,V61,61,3,6,1,61,1,Janz,TL,4,V61 (Janz),1
44,44,V49,49,4,6,1,49,1,Emu_Rock,TL,4,V49 (Emu_Rock),1
45,45,V19,19,5,6,1,19,2,Catalina,TL,4,V19 (Catalina),1
46,46,V86,86,6,6,2,86,2,Sunbri,TL,4,V86 (Sunbri),1
47,47,V65,65,7,6,1,65,2,Lockyer,TL,4,V65 (Lockyer),1
48,48,V73,73,8,6,2,73,2,Oxford,TL,4,V73 (Oxford),1
49,49,V80,80,1,7,2,80,1,Scout,TL,4,V80 (Scout),1
50,50,V27,27,2,7,1,27,1,CSIROW005,TL,4,V27 (CSIROW005),1
51,51,V87,87,3,7,2,87,1,Sunlamb,TL,4,V87 (Sunlamb),1
52,52,V47,47,4,7,1,47,1,EGA_Wills,TL,4,V47 (EGA_Wills),1
53,53,V34,34,5,7,1,34,2,CSIROW029,TL,4,V34 (CSIROW029),1
54,54,V5,5,6,7,1,5,2,Manning,Control,4,V5 (Manning),1
55,55,V17,17,7,7,1,17,2,Capstan,TL,4,V17 (Capstan),1
56,56,V8,8,8,7,1,8,2,Alestar,TL,4,V8 (Alestar),1
57,57,V57,57,1,8,1,57,1,Granger,TL,4,V57 (Granger),1
58,58,V50,50,2,8,1,50,1,Fathom,TL,4,V50 (Fathom),1
59,59,V90,90,3,8,2,90,1,Trojan,TL,4,V90 (Trojan),1
60,60,V43,43,4,8,1,43,1,EGA_Eaglehawk,TL,4,V43 (EGA_Eaglehawk),1
61,61,V23,23,5,8,1,23,2,CSIROB1,TL,4,V23 (CSIROB1),1
62,62,V70,70,6,8,2,70,2,Mitch,TL,4,V70 (Mitch),1
63,63,V79,79,7,8,2,79,2,Scope,TL,4,V79 (Scope),1
64,64,V46,46,8,8,1,46,2,EGA_Wedgetail,TL,4,V46 (EGA_Wedgetail),1
65,65,V69,69,1,9,1,69,1,Merinda,TL,4,V69 (Merinda),1
66,66,V82,82,2,9,2,82,1,Spitfire,TL,4,V82 (Spitfire),1
67,67,V59,59,3,9,1,59,1,Grout,TL,4,V59 (Grout),1
68,68,V75,75,4,9,2,75,1,Revenue,TL,4,V75 (Revenue),1
69,69,V36,36,5,9,1,36,2,CSIROW077,TL,4,V36 (CSIROW077),1
70,70,V10,10,6,9,1,10,2,Banks,TL,4,V10 (Banks),1
71,71,V88,88,7,9,2,88,2,Sunstate,TL,4,V88 (Sunstate),1
72,72,V38,38,8,9,1,38,2,CSIROW102,TL,4,V38 (CSIROW102),1
73,73,V33,33,1,10,1,33,1,CSIROW027,TL,4,V33 (CSIROW027),1
74,74,V20,20,2,10,1,20,1,Commander,TL,4,V20 (Commander),1
75,75,V53,53,3,10,1,53,1,Forrest,TL,4,V53 (Forrest),1
76,76,V78,78,4,10,2,78,1,Schooner,TL,4,V78 (Schooner),1
77,77,V4,4,5,10,1,4,2,Spartacus CL,Control,4,V4 (Spartacus CL),1
78,78,V42,42,6,10,1,42,2,Derrimut,TL,4,V42 (Derrimut),1
79,79,V63,63,7,10,1,63,2,Kellalac,TL,4,V63 (Kellalac),1
80,80,V75,75,8,10,2,75,2,Revenue,TL,4,V75 (Revenue),1
81,81,V89,89,1,11,2,89,1,Suntop,TL,4,V89 (Suntop),1
82,82,V48,48,2,11,1,48,1,Ellison,TL,4,V48 (Ellison),1
83,83,V70,70,3,11,2,70,1,Mitch,TL,4,V70 (Mitch),1
84,84,V13,13,4,11,1,13,1,Biere,TL,4,V13 (Biere),1
85,85,V77,77,5,11,2,77,2,Rosella,TL,4,V77 (Rosella),1
86,86,V91,91,6,11,1,91,2,Urambie,TL,4,V91 (Urambie),1
87,87,V1,1,7,11,2,1,2,RGT Planet,Control,4,V1 (RGT Planet),1
88,88,V35,35,8,11,1,35,2,CSIROW073,TL,4,V35 (CSIROW073),1
89,89,V86,86,1,12,2,86,1,Sunbri,TL,4,V86 (Sunbri),1
90,90,V85,85,2,12,2,85,1,Sunbee,TL,4,V85 (Sunbee),1
91,91,V96,96,3,12,1,96,1,Young,TL,4,V96 (Young),1
92,92,V93,93,4,12,1,93,1,Whistler,TL,4,V93 (Whistler),1
93,93,V76,76,5,12,2,76,2,Rosalind,TL,4,V76 (Rosalind),1
94,94,V81,81,6,12,2,81,2,Shepherd,TL,4,V81 (Shepherd),1
95,95,V40,40,7,12,1,40,2,Cutlass,TL,4,V40 (Cutlass),1
96,96,V60,60,8,12,1,60,2,H45,TL,4,V60 (H45),1
97,97,V92,92,1,13,1,92,1,Westminster,TL,4,V92 (Westminster),1
98,98,V81,81,2,13,2,81,1,Shepherd,TL,4,V81 (Shepherd),1
99,99,V6,6,3,13,1,6,1,Scepter,Control,4,V6 (Scepter),1
100,100,V62,62,4,13,1,62,1,Keel,TL,4,V62 (Keel),1
101,101,V25,25,5,13,1,25,2,CSIROW002,TL,4,V25 (CSIROW002),1
102,102,V55,55,6,13,1,55,2,Gairdner,TL,4,V55 (Gairdner),1
103,103,V90,90,7,13,2,90,2,Trojan,TL,4,V90 (Trojan),1
104,104,V12,12,8,13,1,12,2,Baudin,TL,4,V12 (Baudin),1
105,105,V29,29,1,14,1,29,1,CSIROW011,TL,4,V29 (CSIROW011),1
106,106,V28,28,2,14,1,28,1,CSIROW007,TL,4,V28 (CSIROW007),1
107,107,V32,32,3,14,1,32,1,CSIROW023,TL,4,V32 (CSIROW023),1
108,108,V84,84,4,14,2,84,1,Strzelecki,TL,4,V84 (Strzelecki),1
109,109,V11,11,5,14,1,11,2,Bass,TL,4,V11 (Bass),1
110,110,V71,71,6,14,2,71,2,Navigator,TL,4,V71 (Navigator),1
111,111,V22,22,7,14,1,22,2,Crusader,TL,4,V22 (Crusader),1
112,112,V74,74,8,14,2,74,2,Peake,TL,4,V74 (Peake),1
113,113,V77,77,1,15,2,77,1,Rosella,TL,4,V77 (Rosella),1
114,114,V88,88,2,15,2,88,1,Sunstate,TL,4,V88 (Sunstate),1
115,115,V39,39,3,15,1,39,1,CSIROW105,TL,4,V39 (CSIROW105),1
116,116,V54,54,4,15,1,54,1,Franklin,TL,4,V54 (Franklin),1
117,117,V85,85,5,15,2,85,2,Sunbee,TL,4,V85 (Sunbee),1
118,118,V95,95,6,15,1,95,2,Yitpi,TL,4,V95 (Yitpi),1
119,119,V83,83,7,15,2,83,2,Stirling,TL,4,V83 (Stirling),1
120,120,V31,31,8,15,1,31,2,CSIROW021,TL,4,V31 (CSIROW021),1
121,1,V60,60,9,1,1,60,1,H45,TL,5,V60 (H45),2
122,2,V2,2,10,1,2,2,1,Beaufort,Control,5,V2 (Beaufort),2
123,3,V39,39,11,1,1,39,1,CSIROW105,TL,5,V39 (CSIROW105),2
124,4,V69,69,12,1,1,69,1,Merinda,TL,5,V69 (Merinda),2
125,5,V10,10,13,1,2,10,1,Banks,TL,5,V10 (Banks),2
126,6,V82,82,14,1,1,82,1,Spitfire,TL,5,V82 (Spitfire),2
127,7,V78,78,15,1,1,78,1,Schooner,TL,5,V78 (Schooner),2
128,8,V15,15,16,1,2,15,1,Braewood,TL,5,V15 (Braewood),2
129,9,V79,79,9,2,1,79,1,Scope,TL,5,V79 (Scope),2
130,10,V68,68,10,2,1,68,1,Magenta,TL,5,V68 (Magenta),2
131,11,V17,17,11,2,2,17,1,Capstan,TL,5,V17 (Capstan),2
132,12,V91,91,12,2,2,91,1,Urambie,TL,5,V91 (Urambie),2
133,13,V9,9,13,2,2,9,1,Axe,TL,5,V9 (Axe),2
134,14,V47,47,14,2,1,47,1,EGA_Wills,TL,5,V47 (EGA_Wills),2
135,15,V54,54,15,2,1,54,1,Franklin,TL,5,V54 (Franklin),2
136,16,V23,23,16,2,1,23,1,CSIROB1,TL,5,V23 (CSIROB1),2
137,17,V24,24,9,3,1,24,1,CSIROB3,TL,5,V24 (CSIROB3),2
138,18,V81,81,10,3,1,81,1,Shepherd,TL,5,V81 (Shepherd),2
139,19,V46,46,11,3,1,46,1,EGA_Wedgetail,TL,5,V46 (EGA_Wedgetail),2
140,20,V21,21,12,3,2,21,1,Compass,TL,5,V21 (Compass),2
141,21,V75,75,13,3,1,75,1,Revenue,TL,5,V75 (Revenue),2
142,22,V51,51,14,3,1,51,1,Fleet,TL,5,V51 (Fleet),2
143,23,V3,3,15,3,1,3,1,Lancer,Control,5,V3 (Lancer),2
144,24,V94,94,16,3,2,94,1,Wyalkatchem,TL,5,V94 (Wyalkatchem),2
145,25,V96,96,9,4,2,96,1,Young,TL,5,V96 (Young),2
146,26,V25,25,10,4,1,25,1,CSIROW002,TL,5,V25 (CSIROW002),2
147,27,V14,14,11,4,2,14,1,Bolac,TL,5,V14 (Bolac),2
148,28,V76,76,12,4,1,76,1,Rosalind,TL,5,V76 (Rosalind),2
149,29,V13,13,13,4,2,13,1,Biere,TL,5,V13 (Biere),2
150,30,V16,16,14,4,2,16,1,Calingiri,TL,5,V16 (Calingiri),2
151,31,V50,50,15,4,1,50,1,Fathom,TL,5,V50 (Fathom),2
152,32,V36,36,16,4,1,36,1,CSIROW077,TL,5,V36 (CSIROW077),2
153,33,V59,59,9,5,1,59,1,Grout,TL,5,V59 (Grout),2
154,34,V3,3,10,5,1,3,1,Lancer,Control,5,V3 (Lancer),2
155,35,V27,27,11,5,1,27,1,CSIROW005,TL,5,V27 (CSIROW005),2
156,36,V7,7,12,5,2,7,1,AGT_Scythe,TL,5,V7 (AGT_Scythe),2
157,37,V73,73,13,5,1,73,1,Oxford,TL,5,V73 (Oxford),2
158,38,V86,86,14,5,1,86,1,Sunbri,TL,5,V86 (Sunbri),2
159,39,V93,93,15,5,2,93,1,Whistler,TL,5,V93 (Whistler),2
160,40,V40,40,16,5,1,40,1,Cutlass,TL,5,V40 (Cutlass),2
161,41,V19,19,9,6,2,19,1,Catalina,TL,5,V19 (Catalina),2
162,42,V30,30,10,6,1,30,1,CSIROW018,TL,5,V30 (CSIROW018),2
163,43,V42,42,11,6,1,42,1,Derrimut,TL,5,V42 (Derrimut),2
164,44,V58,58,12,6,1,58,1,Grenade CL Plus,TL,5,V58 (Grenade CL Plus),2
165,45,V91,91,13,6,2,91,1,Urambie,TL,5,V91 (Urambie),2
166,46,V45,45,14,6,1,45,1,EGA_Hume,TL,5,V45 (EGA_Hume),2
167,47,V8,8,15,6,2,8,1,Alestar,TL,5,V8 (Alestar),2
168,48,V90,90,16,6,1,90,1,Trojan,TL,5,V90 (Trojan),2
169,49,V71,71,9,7,1,71,1,Navigator,TL,5,V71 (Navigator),2
170,50,V83,83,10,7,1,83,1,Stirling,TL,5,V83 (Stirling),2
171,51,V72,72,11,7,1,72,1,Ouyen,TL,5,V72 (Ouyen),2
172,52,V1,1,12,7,2,1,1,RGT Planet,Control,5,V1 (RGT Planet),2
173,53,V41,41,13,7,1,41,1,Dash,TL,5,V41 (Dash),2
174,54,V18,18,14,7,2,18,1,Cassiopee,TL,5,V18 (Cassiopee),2
175,55,V4,4,15,7,1,4,1,Spartacus CL,Control,5,V4 (Spartacus CL),2
176,56,V7,7,16,7,2,7,1,AGT_Scythe,TL,5,V7 (AGT_Scythe),2
177,57,V5,5,9,8,1,5,1,Manning,Control,5,V5 (Manning),2
178,58,V10,10,10,8,2,10,1,Banks,TL,5,V10 (Banks),2
179,59,V12,12,11,8,2,12,1,Baudin,TL,5,V12 (Baudin),2
180,60,V32,32,12,8,1,32,1,CSIROW023,TL,5,V32 (CSIROW023),2
181,61,V6,6,13,8,1,6,1,Scepter,Control,5,V6 (Scepter),2
182,62,V17,17,14,8,2,17,1,Capstan,TL,5,V17 (Capstan),2
183,63,V20,20,15,8,2,20,1,Commander,TL,5,V20 (Commander),2
184,64,V55,55,16,8,1,55,1,Gairdner,TL,5,V55 (Gairdner),2
185,65,V8,8,9,9,2,8,1,Alestar,TL,5,V8 (Alestar),2
186,66,V26,26,10,9,1,26,1,CSIROW003,TL,5,V26 (CSIROW003),2
187,67,V89,89,11,9,1,89,1,Suntop,TL,5,V89 (Suntop),2
188,68,V94,94,12,9,2,94,1,Wyalkatchem,TL,5,V94 (Wyalkatchem),2
189,69,V28,28,13,9,1,28,1,CSIROW007,TL,5,V28 (CSIROW007),2
190,70,V88,88,14,9,1,88,1,Sunstate,TL,5,V88 (Sunstate),2
191,71,V77,77,15,9,1,77,1,Rosella,TL,5,V77 (Rosella),2
192,72,V95,95,16,9,2,95,1,Yitpi,TL,5,V95 (Yitpi),2
193,73,V48,48,9,10,1,48,1,Ellison,TL,5,V48 (Ellison),2
194,74,V93,93,10,10,2,93,1,Whistler,TL,5,V93 (Whistler),2
195,75,V63,63,11,10,1,63,1,Kellalac,TL,5,V63 (Kellalac),2
196,76,V85,85,12,10,1,85,1,Sunbee,TL,5,V85 (Sunbee),2
197,77,V57,57,13,10,1,57,1,Granger,TL,5,V57 (Granger),2
198,78,V92,92,14,10,2,92,1,Westminster,TL,5,V92 (Westminster),2
199,79,V12,12,15,10,2,12,1,Baudin,TL,5,V12 (Baudin),2
200,80,V64,64,16,10,1,64,1,Kittyhawk,TL,5,V64 (Kittyhawk),2
201,81,V13,13,9,11,2,13,1,Biere,TL,5,V13 (Biere),2
202,82,V22,22,10,11,1,22,1,Crusader,TL,5,V22 (Crusader),2
203,83,V15,15,11,11,2,15,1,Braewood,TL,5,V15 (Braewood),2
204,84,V53,53,12,11,1,53,1,Forrest,TL,5,V53 (Forrest),2
205,85,V19,19,13,11,2,19,1,Catalina,TL,5,V19 (Catalina),2
206,86,V44,44,14,11,1,44,1,EGA_Gregory,TL,5,V44 (EGA_Gregory),2
207,87,V80,80,15,11,1,80,1,Scout,TL,5,V80 (Scout),2
208,88,V33,33,16,11,1,33,1,CSIROW027,TL,5,V33 (CSIROW027),2
209,89,V62,62,9,12,1,62,1,Keel,TL,5,V62 (Keel),2
210,90,V11,11,10,12,2,11,1,Bass,TL,5,V11 (Bass),2
211,91,V49,49,11,12,1,49,1,Emu_Rock,TL,5,V49 (Emu_Rock),2
212,92,V18,18,12,12,2,18,1,Cassiopee,TL,5,V18 (Cassiopee),2
213,93,V66,66,13,12,1,66,1,Longsword,TL,5,V66 (Longsword),2
214,94,V43,43,14,12,1,43,1,EGA_Eaglehawk,TL,5,V43 (EGA_Eaglehawk),2
215,95,V38,38,15,12,1,38,1,CSIROW102,TL,5,V38 (CSIROW102),2
216,96,V2,2,16,12,2,2,1,Beaufort,Control,5,V2 (Beaufort),2
217,97,V56,56,9,13,1,56,1,Gauntlet,TL,5,V56 (Gauntlet),2
218,98,V74,74,10,13,1,74,1,Peake,TL,5,V74 (Peake),2
219,99,V16,16,11,13,2,16,1,Calingiri,TL,5,V16 (Calingiri),2
220,100,V20,20,12,13,2,20,1,Commander,TL,5,V20 (Commander),2
221,101,V87,87,13,13,1,87,1,Sunlamb,TL,5,V87 (Sunlamb),2
222,102,V52,52,14,13,1,52,1,Flinders,TL,5,V52 (Flinders),2
223,103,V21,21,15,13,2,21,1,Compass,TL,5,V21 (Compass),2
224,104,V61,61,16,13,1,61,1,Janz,TL,5,V61 (Janz),2
225,105,V95,95,9,14,2,95,1,Yitpi,TL,5,V95 (Yitpi),2
226,106,V92,92,10,14,2,92,1,Westminster,TL,5,V92 (Westminster),2
227,107,V37,37,11,14,1,37,1,CSIROW087,TL,5,V37 (CSIROW087),2
228,108,V29,29,12,14,1,29,1,CSIROW011,TL,5,V29 (CSIROW011),2
229,109,V67,67,13,14,1,67,1,Mace,TL,5,V67 (Mace),2
230,110,V96,96,14,14,2,96,1,Young,TL,5,V96 (Young),2
231,111,V84,84,15,14,1,84,1,Strzelecki,TL,5,V84 (Strzelecki),2
232,112,V11,11,16,14,2,11,1,Bass,TL,5,V11 (Bass),2
233,113,V35,35,9,15,1,35,1,CSIROW073,TL,5,V35 (CSIROW073),2
234,114,V70,70,10,15,1,70,1,Mitch,TL,5,V70 (Mitch),2
235,115,V9,9,11,15,2,9,1,Axe,TL,5,V9 (Axe),2
236,116,V31,31,12,15,1,31,1,CSIROW021,TL,5,V31 (CSIROW021),2
237,117,V14,14,13,15,2,14,1,Bolac,TL,5,V14 (Bolac),2
238,118,V1,1,14,15,2,1,1,RGT Planet,Control,5,V1 (RGT Planet),2
239,119,V65,65,15,15,1,65,1,Lockyer,TL,5,V65 (Lockyer),2
240,120,V34,34,16,15,1,34,1,CSIROW029,TL,5,V34 (CSIROW029),2
241,1,V63,63,17,1,2,63,1,Kellalac,TL,3,V63 (Kellalac),3
242,2,V65,65,18,1,2,65,1,Lockyer,TL,3,V65 (Lockyer),3
243,3,V19,19,19,1,1,19,1,Catalina,TL,3,V19 (Catalina),3
244,4,V32,32,20,1,1,32,1,CSIROW023,TL,3,V32 (CSIROW023),3
245,5,V56,56,21,1,2,56,1,Gauntlet,TL,3,V56 (Gauntlet),3
246,6,V27,27,22,1,1,27,1,CSIROW005,TL,3,V27 (CSIROW005),3
247,7,V54,54,23,1,2,54,1,Franklin,TL,3,V54 (Franklin),3
248,8,V91,91,24,1,1,91,1,Urambie,TL,3,V91 (Urambie),3
249,9,V12,12,17,2,1,12,1,Baudin,TL,3,V12 (Baudin),3
250,10,V66,66,18,2,2,66,1,Longsword,TL,3,V66 (Longsword),3
251,11,V83,83,19,2,1,83,1,Stirling,TL,3,V83 (Stirling),3
252,12,V82,82,20,2,1,82,1,Spitfire,TL,3,V82 (Spitfire),3
253,13,V88,88,21,2,1,88,1,Sunstate,TL,3,V88 (Sunstate),3
254,14,V52,52,22,2,2,52,1,Flinders,TL,3,V52 (Flinders),3
255,15,V57,57,23,2,2,57,1,Granger,TL,3,V57 (Granger),3
256,16,V6,6,24,2,1,6,1,Scepter,Control,3,V6 (Scepter),3
257,17,V69,69,17,3,2,69,1,Merinda,TL,3,V69 (Merinda),3
258,18,V29,29,18,3,1,29,1,CSIROW011,TL,3,V29 (CSIROW011),3
259,19,V4,4,19,3,1,4,1,Spartacus CL,Control,3,V4 (Spartacus CL),3
260,20,V64,64,20,3,2,64,1,Kittyhawk,TL,3,V64 (Kittyhawk),3
261,21,V3,3,21,3,1,3,1,Lancer,Control,3,V3 (Lancer),3
262,22,V30,30,22,3,1,30,1,CSIROW018,TL,3,V30 (CSIROW018),3
263,23,V17,17,23,3,1,17,1,Capstan,TL,3,V17 (Capstan),3
264,24,V28,28,24,3,1,28,1,CSIROW007,TL,3,V28 (CSIROW007),3
265,25,V56,56,17,4,2,56,1,Gauntlet,TL,3,V56 (Gauntlet),3
266,26,V35,35,18,4,1,35,1,CSIROW073,TL,3,V35 (CSIROW073),3
267,27,V93,93,19,4,1,93,1,Whistler,TL,3,V93 (Whistler),3
268,28,V15,15,20,4,1,15,1,Braewood,TL,3,V15 (Braewood),3
269,29,V69,69,21,4,2,69,1,Merinda,TL,3,V69 (Merinda),3
270,30,V34,34,22,4,1,34,1,CSIROW029,TL,3,V34 (CSIROW029),3
271,31,V41,41,23,4,1,41,1,Dash,TL,3,V41 (Dash),3
272,32,V58,58,24,4,2,58,1,Grenade CL Plus,TL,3,V58 (Grenade CL Plus),3
273,33,V95,95,17,5,1,95,1,Yitpi,TL,3,V95 (Yitpi),3
274,34,V38,38,18,5,1,38,1,CSIROW102,TL,3,V38 (CSIROW102),3
275,35,V60,60,19,5,2,60,1,H45,TL,3,V60 (H45),3
276,36,V2,2,20,5,2,2,1,Beaufort,Control,3,V2 (Beaufort),3
277,37,V43,43,21,5,1,43,1,EGA_Eaglehawk,TL,3,V43 (EGA_Eaglehawk),3
278,38,V66,66,22,5,2,66,1,Longsword,TL,3,V66 (Longsword),3
279,39,V72,72,23,5,1,72,1,Ouyen,TL,3,V72 (Ouyen),3
280,40,V25,25,24,5,1,25,1,CSIROW002,TL,3,V25 (CSIROW002),3
281,41,V23,23,17,6,1,23,1,CSIROB1,TL,3,V23 (CSIROB1),3
282,42,V62,62,18,6,2,62,1,Keel,TL,3,V62 (Keel),3
283,43,V87,87,19,6,1,87,1,Sunlamb,TL,3,V87 (Sunlamb),3
284,44,V55,55,20,6,2,55,1,Gairdner,TL,3,V55 (Gairdner),3
285,45,V9,9,21,6,1,9,1,Axe,TL,3,V9 (Axe),3
286,46,V85,85,22,6,1,85,1,Sunbee,TL,3,V85 (Sunbee),3
287,47,V49,49,23,6,2,49,1,Emu_Rock,TL,3,V49 (Emu_Rock),3
288,48,V67,67,24,6,2,67,1,Mace,TL,3,V67 (Mace),3
289,49,V10,10,17,7,1,10,1,Banks,TL,3,V10 (Banks),3
290,50,V33,33,18,7,1,33,1,CSIROW027,TL,3,V33 (CSIROW027),3
291,51,V57,57,19,7,2,57,1,Granger,TL,3,V57 (Granger),3
292,52,V51,51,20,7,2,51,1,Fleet,TL,3,V51 (Fleet),3
293,53,V92,92,21,7,1,92,1,Westminster,TL,3,V92 (Westminster),3
294,54,V73,73,22,7,1,73,1,Oxford,TL,3,V73 (Oxford),3
295,55,V74,74,23,7,1,74,1,Peake,TL,3,V74 (Peake),3
296,56,V59,59,24,7,2,59,1,Grout,TL,3,V59 (Grout),3
297,57,V58,58,17,8,2,58,1,Grenade CL Plus,TL,3,V58 (Grenade CL Plus),3
298,58,V52,52,18,8,2,52,1,Flinders,TL,3,V52 (Flinders),3
299,59,V26,26,19,8,1,26,1,CSIROW003,TL,3,V26 (CSIROW003),3
300,60,V16,16,20,8,1,16,1,Calingiri,TL,3,V16 (Calingiri),3
301,61,V13,13,21,8,1,13,1,Biere,TL,3,V13 (Biere),3
302,62,V61,61,22,8,2,61,1,Janz,TL,3,V61 (Janz),3
303,63,V62,62,23,8,2,62,1,Keel,TL,3,V62 (Keel),3
304,64,V81,81,24,8,1,81,1,Shepherd,TL,3,V81 (Shepherd),3
305,65,V78,78,17,9,1,78,1,Schooner,TL,3,V78 (Schooner),3
306,66,V71,71,18,9,1,71,1,Navigator,TL,3,V71 (Navigator),3
307,67,V1,1,19,9,2,1,1,RGT Planet,Control,3,V1 (RGT Planet),3
308,68,V36,36,20,9,1,36,1,CSIROW077,TL,3,V36 (CSIROW077),3
309,69,V50,50,21,9,2,50,1,Fathom,TL,3,V50 (Fathom),3
310,70,V48,48,22,9,1,48,1,Ellison,TL,3,V48 (Ellison),3
311,71,V63,63,23,9,2,63,1,Kellalac,TL,3,V63 (Kellalac),3
312,72,V18,18,24,9,1,18,1,Cassiopee,TL,3,V18 (Cassiopee),3
313,73,V80,80,17,10,1,80,1,Scout,TL,3,V80 (Scout),3
314,74,V53,53,18,10,2,53,1,Forrest,TL,3,V53 (Forrest),3
315,75,V31,31,19,10,1,31,1,CSIROW021,TL,3,V31 (CSIROW021),3
316,76,V90,90,20,10,1,90,1,Trojan,TL,3,V90 (Trojan),3
317,77,V65,65,21,10,2,65,1,Lockyer,TL,3,V65 (Lockyer),3
318,78,V7,7,22,10,1,7,1,AGT_Scythe,TL,3,V7 (AGT_Scythe),3
319,79,V42,42,23,10,1,42,1,Derrimut,TL,3,V42 (Derrimut),3
320,80,V51,51,24,10,2,51,1,Fleet,TL,3,V51 (Fleet),3
321,81,V61,61,17,11,2,61,1,Janz,TL,3,V61 (Janz),3
322,82,V22,22,18,11,1,22,1,Crusader,TL,3,V22 (Crusader),3
323,83,V50,50,19,11,2,50,1,Fathom,TL,3,V50 (Fathom),3
324,84,V84,84,20,11,1,84,1,Strzelecki,TL,3,V84 (Strzelecki),3
325,85,V40,40,21,11,1,40,1,Cutlass,TL,3,V40 (Cutlass),3
326,86,V68,68,22,11,2,68,1,Magenta,TL,3,V68 (Magenta),3
327,87,V96,96,23,11,1,96,1,Young,TL,3,V96 (Young),3
328,88,V46,46,24,11,1,46,1,EGA_Wedgetail,TL,3,V46 (EGA_Wedgetail),3
329,89,V5,5,17,12,1,5,1,Manning,Control,3,V5 (Manning),3
330,90,V54,54,18,12,2,54,1,Franklin,TL,3,V54 (Franklin),3
331,91,V76,76,19,12,1,76,1,Rosalind,TL,3,V76 (Rosalind),3
332,92,V49,49,20,12,2,49,1,Emu_Rock,TL,3,V49 (Emu_Rock),3
333,93,V77,77,21,12,1,77,1,Rosella,TL,3,V77 (Rosella),3
334,94,V24,24,22,12,1,24,1,CSIROB3,TL,3,V24 (CSIROB3),3
335,95,V2,2,23,12,2,2,1,Beaufort,Control,3,V2 (Beaufort),3
336,96,V39,39,24,12,1,39,1,CSIROW105,TL,3,V39 (CSIROW105),3
337,97,V20,20,17,13,1,20,1,Commander,TL,3,V20 (Commander),3
338,98,V11,11,18,13,1,11,1,Bass,TL,3,V11 (Bass),3
339,99,V68,68,19,13,2,68,1,Magenta,TL,3,V68 (Magenta),3
340,100,V89,89,20,13,1,89,1,Suntop,TL,3,V89 (Suntop),3
341,101,V64,64,21,13,2,64,1,Kittyhawk,TL,3,V64 (Kittyhawk),3
342,102,V60,60,22,13,2,60,1,H45,TL,3,V60 (H45),3
343,103,V45,45,23,13,1,45,1,EGA_Hume,TL,3,V45 (EGA_Hume),3
344,104,V44,44,24,13,1,44,1,EGA_Gregory,TL,3,V44 (EGA_Gregory),3
345,105,V75,75,17,14,1,75,1,Revenue,TL,3,V75 (Revenue),3
346,106,V67,67,18,14,2,67,1,Mace,TL,3,V67 (Mace),3
347,107,V8,8,19,14,1,8,1,Alestar,TL,3,V8 (Alestar),3
348,108,V3,3,20,14,1,3,1,Lancer,Control,3,V3 (Lancer),3
349,109,V47,47,21,14,1,47,1,EGA_Wills,TL,3,V47 (EGA_Wills),3
350,110,V37,37,22,14,1,37,1,CSIROW087,TL,3,V37 (CSIROW087),3
351,111,V70,70,23,14,1,70,1,Mitch,TL,3,V70 (Mitch),3
352,112,V53,53,24,14,2,53,1,Forrest,TL,3,V53 (Forrest),3
353,113,V21,21,17,15,1,21,1,Compass,TL,3,V21 (Compass),3
354,114,V86,86,18,15,1,86,1,Sunbri,TL,3,V86 (Sunbri),3
355,115,V59,59,19,15,2,59,1,Grout,TL,3,V59 (Grout),3
356,116,V14,14,20,15,1,14,1,Bolac,TL,3,V14 (Bolac),3
357,117,V79,79,21,15,1,79,1,Scope,TL,3,V79 (Scope),3
358,118,V94,94,22,15,1,94,1,Wyalkatchem,TL,3,V94 (Wyalkatchem),3
359,119,V1,1,23,15,2,1,1,RGT Planet,Control,3,V1 (RGT Planet),3
360,120,V55,55,24,15,2,55,1,Gairdner,TL,3,V55 (Gairdner),3
361,1,V87,87,25,1,1,87,1,Sunlamb,TL,8,V87 (Sunlamb),4
362,2,V69,69,26,1,2,69,1,Merinda,TL,8,V69 (Merinda),4
363,3,V70,70,27,1,2,70,1,Mitch,TL,8,V70 (Mitch),4
364,4,V36,36,28,1,1,36,1,CSIROW077,TL,8,V36 (CSIROW077),4
365,5,V67,67,29,1,2,67,1,Mace,TL,8,V67 (Mace),4
366,6,V42,42,30,1,1,42,1,Derrimut,TL,8,V42 (Derrimut),4
367,7,V65,65,31,1,2,65,1,Lockyer,TL,8,V65 (Lockyer),4
368,8,V29,29,32,1,1,29,1,CSIROW011,TL,8,V29 (CSIROW011),4
369,9,V55,55,25,2,1,55,1,Gairdner,TL,8,V55 (Gairdner),4
370,10,V80,80,26,2,2,80,1,Scout,TL,8,V80 (Scout),4
371,11,V8,8,27,2,1,8,1,Alestar,TL,8,V8 (Alestar),4
372,12,V79,79,28,2,2,79,1,Scope,TL,8,V79 (Scope),4
373,13,V46,46,29,2,1,46,1,EGA_Wedgetail,TL,8,V46 (EGA_Wedgetail),4
374,14,V9,9,30,2,1,9,1,Axe,TL,8,V9 (Axe),4
375,15,V86,86,31,2,1,86,1,Sunbri,TL,8,V86 (Sunbri),4
376,16,V71,71,32,2,2,71,1,Navigator,TL,8,V71 (Navigator),4
377,17,V74,74,25,3,2,74,1,Peake,TL,8,V74 (Peake),4
378,18,V38,38,26,3,1,38,1,CSIROW102,TL,8,V38 (CSIROW102),4
379,19,V12,12,27,3,1,12,1,Baudin,TL,8,V12 (Baudin),4
380,20,V92,92,28,3,1,92,1,Westminster,TL,8,V92 (Westminster),4
381,21,V73,73,29,3,2,73,1,Oxford,TL,8,V73 (Oxford),4
382,22,V5,5,30,3,1,5,1,Manning,Control,8,V5 (Manning),4
383,23,V85,85,31,3,1,85,1,Sunbee,TL,8,V85 (Sunbee),4
384,24,V16,16,32,3,1,16,1,Calingiri,TL,8,V16 (Calingiri),4
385,25,V82,82,25,4,2,82,1,Spitfire,TL,8,V82 (Spitfire),4
386,26,V48,48,26,4,1,48,1,Ellison,TL,8,V48 (Ellison),4
387,27,V83,83,27,4,2,83,1,Stirling,TL,8,V83 (Stirling),4
388,28,V62,62,28,4,1,62,1,Keel,TL,8,V62 (Keel),4
389,29,V43,43,29,4,1,43,1,EGA_Eaglehawk,TL,8,V43 (EGA_Eaglehawk),4
390,30,V23,23,30,4,1,23,1,CSIROB1,TL,8,V23 (CSIROB1),4
391,31,V54,54,31,4,1,54,1,Franklin,TL,8,V54 (Franklin),4
392,32,V81,81,32,4,2,81,1,Shepherd,TL,8,V81 (Shepherd),4
393,33,V89,89,25,5,1,89,1,Suntop,TL,8,V89 (Suntop),4
394,34,V5,5,26,5,1,5,1,Manning,Control,8,V5 (Manning),4
395,35,V33,33,27,5,1,33,1,CSIROW027,TL,8,V33 (CSIROW027),4
396,36,V40,40,28,5,1,40,1,Cutlass,TL,8,V40 (Cutlass),4
397,37,V75,75,29,5,2,75,1,Revenue,TL,8,V75 (Revenue),4
398,38,V80,80,30,5,2,80,1,Scout,TL,8,V80 (Scout),4
399,39,V53,53,31,5,1,53,1,Forrest,TL,8,V53 (Forrest),4
400,40,V95,95,32,5,1,95,1,Yitpi,TL,8,V95 (Yitpi),4
401,41,V21,21,25,6,1,21,1,Compass,TL,8,V21 (Compass),4
402,42,V91,91,26,6,1,91,1,Urambie,TL,8,V91 (Urambie),4
403,43,V17,17,27,6,1,17,1,Capstan,TL,8,V17 (Capstan),4
404,44,V64,64,28,6,2,64,1,Kittyhawk,TL,8,V64 (Kittyhawk),4
405,45,V77,77,29,6,2,77,1,Rosella,TL,8,V77 (Rosella),4
406,46,V51,51,30,6,1,51,1,Fleet,TL,8,V51 (Fleet),4
407,47,V6,6,31,6,1,6,1,Scepter,Control,8,V6 (Scepter),4
408,48,V10,10,32,6,1,10,1,Banks,TL,8,V10 (Banks),4
409,49,V22,22,25,7,1,22,1,Crusader,TL,8,V22 (Crusader),4
410,50,V75,75,26,7,2,75,1,Revenue,TL,8,V75 (Revenue),4
411,51,V47,47,27,7,1,47,1,EGA_Wills,TL,8,V47 (EGA_Wills),4
412,52,V65,65,28,7,2,65,1,Lockyer,TL,8,V65 (Lockyer),4
413,53,V32,32,29,7,1,32,1,CSIROW023,TL,8,V32 (CSIROW023),4
414,54,V56,56,30,7,1,56,1,Gauntlet,TL,8,V56 (Gauntlet),4
415,55,V64,64,31,7,2,64,1,Kittyhawk,TL,8,V64 (Kittyhawk),4
416,56,V94,94,32,7,1,94,1,Wyalkatchem,TL,8,V94 (Wyalkatchem),4
417,57,V84,84,25,8,2,84,1,Strzelecki,TL,8,V84 (Strzelecki),4
418,58,V44,44,26,8,1,44,1,EGA_Gregory,TL,8,V44 (EGA_Gregory),4
419,59,V30,30,27,8,1,30,1,CSIROW018,TL,8,V30 (CSIROW018),4
420,60,V68,68,28,8,2,68,1,Magenta,TL,8,V68 (Magenta),4
421,61,V39,39,29,8,1,39,1,CSIROW105,TL,8,V39 (CSIROW105),4
422,62,V76,76,30,8,2,76,1,Rosalind,TL,8,V76 (Rosalind),4
423,63,V57,57,31,8,1,57,1,Granger,TL,8,V57 (Granger),4
424,64,V50,50,32,8,1,50,1,Fathom,TL,8,V50 (Fathom),4
425,65,V63,63,25,9,1,63,1,Kellalac,TL,8,V63 (Kellalac),4
426,66,V3,3,26,9,1,3,1,Lancer,Control,8,V3 (Lancer),4
427,67,V88,88,27,9,1,88,1,Sunstate,TL,8,V88 (Sunstate),4
428,68,V72,72,28,9,2,72,1,Ouyen,TL,8,V72 (Ouyen),4
429,69,V34,34,29,9,1,34,1,CSIROW029,TL,8,V34 (CSIROW029),4
430,70,V4,4,30,9,1,4,1,Spartacus CL,Control,8,V4 (Spartacus CL),4
431,71,V11,11,31,9,1,11,1,Bass,TL,8,V11 (Bass),4
432,72,V79,79,32,9,2,79,1,Scope,TL,8,V79 (Scope),4
433,73,V90,90,25,10,1,90,1,Trojan,TL,8,V90 (Trojan),4
434,74,V60,60,26,10,1,60,1,H45,TL,8,V60 (H45),4
435,75,V6,6,27,10,1,6,1,Scepter,Control,8,V6 (Scepter),4
436,76,V37,37,28,10,1,37,1,CSIROW087,TL,8,V37 (CSIROW087),4
437,77,V18,18,29,10,1,18,1,Cassiopee,TL,8,V18 (Cassiopee),4
438,78,V83,83,30,10,2,83,1,Stirling,TL,8,V83 (Stirling),4
439,79,V84,84,31,10,2,84,1,Strzelecki,TL,8,V84 (Strzelecki),4
440,80,V58,58,32,10,1,58,1,Grenade CL Plus,TL,8,V58 (Grenade CL Plus),4
441,81,V76,76,25,11,2,76,1,Rosalind,TL,8,V76 (Rosalind),4
442,82,V66,66,26,11,2,66,1,Longsword,TL,8,V66 (Longsword),4
443,83,V35,35,27,11,1,35,1,CSIROW073,TL,8,V35 (CSIROW073),4
444,84,V25,25,28,11,1,25,1,CSIROW002,TL,8,V25 (CSIROW002),4
445,85,V74,74,29,11,2,74,1,Peake,TL,8,V74 (Peake),4
446,86,V20,20,30,11,1,20,1,Commander,TL,8,V20 (Commander),4
447,87,V28,28,31,11,1,28,1,CSIROW007,TL,8,V28 (CSIROW007),4
448,88,V24,24,32,11,1,24,1,CSIROB3,TL,8,V24 (CSIROB3),4
449,89,V73,73,25,12,2,73,1,Oxford,TL,8,V73 (Oxford),4
450,90,V45,45,26,12,1,45,1,EGA_Hume,TL,8,V45 (EGA_Hume),4
451,91,V81,81,27,12,2,81,1,Shepherd,TL,8,V81 (Shepherd),4
452,92,V15,15,28,12,1,15,1,Braewood,TL,8,V15 (Braewood),4
453,93,V70,70,29,12,2,70,1,Mitch,TL,8,V70 (Mitch),4
454,94,V93,93,30,12,1,93,1,Whistler,TL,8,V93 (Whistler),4
455,95,V2,2,31,12,2,2,1,Beaufort,Control,8,V2 (Beaufort),4
456,96,V78,78,32,12,2,78,1,Schooner,TL,8,V78 (Schooner),4
457,97,V61,61,25,13,1,61,1,Janz,TL,8,V61 (Janz),4
458,98,V1,1,26,13,2,1,1,RGT Planet,Control,8,V1 (RGT Planet),4
459,99,V49,49,27,13,1,49,1,Emu_Rock,TL,8,V49 (Emu_Rock),4
460,100,V4,4,28,13,1,4,1,Spartacus CL,Control,8,V4 (Spartacus CL),4
461,101,V26,26,29,13,1,26,1,CSIROW003,TL,8,V26 (CSIROW003),4
462,102,V68,68,30,13,2,68,1,Magenta,TL,8,V68 (Magenta),4
463,103,V69,69,31,13,2,69,1,Merinda,TL,8,V69 (Merinda),4
464,104,V96,96,32,13,1,96,1,Young,TL,8,V96 (Young),4
465,105,V78,78,25,14,2,78,1,Schooner,TL,8,V78 (Schooner),4
466,106,V31,31,26,14,1,31,1,CSIROW021,TL,8,V31 (CSIROW021),4
467,107,V59,59,27,14,1,59,1,Grout,TL,8,V59 (Grout),4
468,108,V77,77,28,14,2,77,1,Rosella,TL,8,V77 (Rosella),4
469,109,V7,7,29,14,1,7,1,AGT_Scythe,TL,8,V7 (AGT_Scythe),4
470,110,V41,41,30,14,1,41,1,Dash,TL,8,V41 (Dash),4
471,111,V13,13,31,14,1,13,1,Biere,TL,8,V13 (Biere),4
472,112,V72,72,32,14,2,72,1,Ouyen,TL,8,V72 (Ouyen),4
473,113,V27,27,25,15,1,27,1,CSIROW005,TL,8,V27 (CSIROW005),4
474,114,V71,71,26,15,2,71,1,Navigator,TL,8,V71 (Navigator),4
475,115,V67,67,27,15,2,67,1,Mace,TL,8,V67 (Mace),4
476,116,V52,52,28,15,1,52,1,Flinders,TL,8,V52 (Flinders),4
477,117,V66,66,29,15,2,66,1,Longsword,TL,8,V66 (Longsword),4
478,118,V19,19,30,15,1,19,1,Catalina,TL,8,V19 (Catalina),4
479,119,V14,14,31,15,1,14,1,Bolac,TL,8,V14 (Bolac),4
480,120,V82,82,32,15,2,82,1,Spitfire,TL,8,V82 (Spitfire),4
481,1,V72,72,33,1,1,72,1,Ouyen,TL,1,V72 (Ouyen),5
482,2,V2,2,34,1,2,2,1,Beaufort,Control,1,V2 (Beaufort),5
483,3,V43,43,35,1,1,43,1,EGA_Eaglehawk,TL,1,V43 (EGA_Eaglehawk),5
484,4,V24,24,36,1,2,24,1,CSIROB3,TL,1,V24 (CSIROB3),5
485,5,V83,83,37,1,1,83,1,Stirling,TL,1,V83 (Stirling),5
486,6,V50,50,38,1,1,50,1,Fathom,TL,1,V50 (Fathom),5
487,7,V73,73,39,1,1,73,1,Oxford,TL,1,V73 (Oxford),5
488,8,V7,7,40,1,2,7,1,AGT_Scythe,TL,1,V7 (AGT_Scythe),5
489,9,V8,8,33,2,2,8,1,Alestar,TL,1,V8 (Alestar),5
490,10,V80,80,34,2,1,80,1,Scout,TL,1,V80 (Scout),5
491,11,V40,40,35,2,1,40,1,Mace,TL,1,V40 (Cutlass),5
492,12,V18,18,36,2,2,18,1,Cassiopee,TL,1,V18 (Cassiopee),5
493,13,V17,17,37,2,2,17,1,Capstan,TL,1,V17 (Capstan),5
494,14,V64,64,38,2,1,64,1,Kittyhawk,TL,1,V64 (Kittyhawk),5
495,15,V96,96,39,2,1,96,1,Young,TL,1,V96 (Young),5
496,16,V20,20,40,2,2,20,1,Commander,TL,1,V20 (Commander),5
497,17,V13,13,33,3,2,13,1,Biere,TL,1,V13 (Biere),5
498,18,V37,37,34,3,1,37,1,CSIROW087,TL,1,V37 (CSIROW087),5
499,19,V67,67,35,3,1,67,1,Cutlass,TL,1,V67 (Mace),5
500,20,V52,52,36,3,1,52,1,Flinders,TL,1,V52 (Flinders),5
501,21,V36,36,37,3,1,36,1,CSIROW077,TL,1,V36 (CSIROW077),5
502,22,V10,10,38,3,2,10,1,Banks,TL,1,V10 (Banks),5
503,23,V14,14,39,3,2,14,1,Bolac,TL,1,V14 (Bolac),5
504,24,V74,74,40,3,1,74,1,Peake,TL,1,V74 (Peake),5
505,25,V84,84,33,4,1,84,1,Strzelecki,TL,1,V84 (Strzelecki),5
506,26,V7,7,34,4,2,7,1,AGT_Scythe,TL,1,V7 (AGT_Scythe),5
507,27,V88,88,35,4,1,88,1,Sunstate,TL,1,V88 (Sunstate),5
508,28,V65,65,36,4,1,65,1,Lockyer,TL,1,V65 (Lockyer),5
509,29,V87,87,37,4,1,87,1,Sunlamb,TL,1,V87 (Sunlamb),5
510,30,V15,15,38,4,2,15,1,Braewood,TL,1,V15 (Braewood),5
511,31,V56,56,39,4,1,56,1,Gauntlet,TL,1,V56 (Gauntlet),5
512,32,V18,18,40,4,2,18,1,Cassiopee,TL,1,V18 (Cassiopee),5
513,33,V14,14,33,5,2,14,1,Bolac,TL,1,V14 (Bolac),5
514,34,V92,92,34,5,1,92,1,Westminster,TL,1,V92 (Westminster),5
515,35,V12,12,35,5,2,12,1,Baudin,TL,1,V12 (Baudin),5
516,36,V91,91,36,5,1,91,1,Urambie,TL,1,V91 (Urambie),5
517,37,V23,23,37,5,2,23,1,CSIROB1,TL,1,V23 (CSIROB1),5
518,38,V75,75,38,5,1,75,1,Revenue,TL,1,V75 (Revenue),5
519,39,V9,9,39,5,2,9,1,Axe,TL,1,V9 (Axe),5
520,40,V5,5,40,5,1,5,1,Manning,Control,1,V5 (Manning),5
521,41,V32,32,33,6,1,32,1,CSIROW023,TL,1,V32 (CSIROW023),5
522,42,V78,78,34,6,1,78,1,Schooner,TL,1,V78 (Schooner),5
523,43,V22,22,35,6,2,22,1,Crusader,TL,1,V22 (Crusader),5
524,44,V21,21,36,6,2,21,1,Compass,TL,1,V21 (Compass),5
525,45,V3,3,37,6,1,3,1,Lancer,Control,1,V3 (Lancer),5
526,46,V90,90,38,6,1,90,1,Trojan,TL,1,V90 (Trojan),5
527,47,V30,30,39,6,1,30,1,CSIROW018,TL,1,V30 (CSIROW018),5
528,48,V63,63,40,6,1,63,1,Kellalac,TL,1,V63 (Kellalac),5
529,49,V42,42,33,7,1,42,1,Derrimut,TL,1,V42 (Derrimut),5
530,50,V15,15,34,7,2,15,1,Braewood,TL,1,V15 (Braewood),5
531,51,V76,76,35,7,1,76,1,Rosalind,TL,1,V76 (Rosalind),5
532,52,V19,19,36,7,2,19,1,Catalina,TL,1,V19 (Catalina),5
533,53,V66,66,37,7,1,66,1,Longsword,TL,1,V66 (Longsword),5
534,54,V16,16,38,7,2,16,1,Calingiri,TL,1,V16 (Calingiri),5
535,55,V26,26,39,7,2,26,1,CSIROW003,TL,1,V26 (CSIROW003),5
536,56,V77,77,40,7,1,77,1,Rosella,TL,1,V77 (Rosella),5
537,57,V41,41,33,8,1,41,1,Dash,TL,1,V41 (Dash),5
538,58,V60,60,34,8,1,60,1,H45,TL,1,V60 (H45),5
539,59,V57,57,35,8,1,57,1,Granger,TL,1,V57 (Granger),5
540,60,V17,17,36,8,2,17,1,Capstan,TL,1,V17 (Capstan),5
541,61,V21,21,37,8,2,21,1,Compass,TL,1,V21 (Compass),5
542,62,V46,46,38,8,1,46,1,EGA_Wedgetail,TL,1,V46 (EGA_Wedgetail),5
543,63,V71,71,39,8,1,71,1,Navigator,TL,1,V71 (Navigator),5
544,64,V11,11,40,8,2,11,1,Bass,TL,1,V11 (Bass),5
545,65,V23,23,33,9,2,23,1,CSIROB1,TL,1,V23 (CSIROB1),5
546,66,V58,58,34,9,1,58,1,Grenade CL Plus,TL,1,V58 (Grenade CL Plus),5
547,67,V1,1,35,9,2,1,1,RGT Planet,Control,1,V1 (RGT Planet),5
548,68,V85,85,36,9,1,85,1,Sunbee,TL,1,V85 (Sunbee),5
549,69,V68,68,37,9,1,68,1,Magenta,TL,1,V68 (Magenta),5
550,70,V6,6,38,9,1,6,1,Scepter,Control,1,V6 (Scepter),5
551,71,V8,8,39,9,2,8,1,Alestar,TL,1,V8 (Alestar),5
552,72,V79,79,40,9,1,79,1,Scope,TL,1,V79 (Scope),5
553,73,V62,62,33,10,1,62,1,Keel,TL,1,V62 (Keel),5
554,74,V51,51,34,10,1,51,1,Fleet,TL,1,V51 (Fleet),5
555,75,V3,3,35,10,1,3,1,Lancer,Control,1,V3 (Lancer),5
556,76,V53,53,36,10,1,53,1,Forrest,TL,1,V53 (Forrest),5
557,77,V12,12,37,10,2,12,1,Baudin,TL,1,V12 (Baudin),5
558,78,V48,48,38,10,1,48,1,Ellison,TL,1,V48 (Ellison),5
559,79,V82,82,39,10,1,82,1,Spitfire,TL,1,V82 (Spitfire),5
560,80,V24,24,40,10,2,24,1,CSIROB3,TL,1,V24 (CSIROB3),5
561,81,V55,55,33,11,1,55,1,Gairdner,TL,1,V55 (Gairdner),5
562,82,V26,26,34,11,2,26,1,CSIROW003,TL,1,V26 (CSIROW003),5
563,83,V93,93,35,11,1,93,1,Whistler,TL,1,V93 (Whistler),5
564,84,V34,34,36,11,1,34,1,CSIROW029,TL,1,V34 (CSIROW029),5
565,85,V27,27,37,11,2,27,1,CSIROW005,TL,1,V27 (CSIROW005),5
566,86,V61,61,38,11,1,61,1,Janz,TL,1,V61 (Janz),5
567,87,V1,1,39,11,2,1,1,RGT Planet,Control,1,V1 (RGT Planet),5
568,88,V35,35,40,11,1,35,1,CSIROW073,TL,1,V35 (CSIROW073),5
569,89,V20,20,33,12,2,20,1,Commander,TL,1,V20 (Commander),5
570,90,V69,69,34,12,1,69,1,Merinda,TL,1,V69 (Merinda),5
571,91,V38,38,35,12,1,38,1,CSIROW102,TL,1,V38 (CSIROW102),5
572,92,V25,25,36,12,2,25,1,CSIROW002,TL,1,V25 (CSIROW002),5
573,93,V94,94,37,12,1,94,1,Wyalkatchem,TL,1,V94 (Wyalkatchem),5
574,94,V13,13,38,12,2,13,1,Biere,TL,1,V13 (Biere),5
575,95,V54,54,39,12,1,54,1,Franklin,TL,1,V54 (Franklin),5
576,96,V29,29,40,12,1,29,1,CSIROW011,TL,1,V29 (CSIROW011),5
577,97,V4,4,33,13,1,4,1,Spartacus CL,Control,1,V4 (Spartacus CL),5
578,98,V27,27,34,13,2,27,1,CSIROW005,TL,1,V27 (CSIROW005),5
579,99,V10,10,35,13,2,10,1,Banks,TL,1,V10 (Banks),5
580,100,V45,45,36,13,1,45,1,EGA_Hume,TL,1,V45 (EGA_Hume),5
581,101,V47,47,37,13,1,47,1,EGA_Wills,TL,1,V47 (EGA_Wills),5
582,102,V2,2,38,13,2,2,1,Beaufort,Control,1,V2 (Beaufort),5
583,103,V70,70,39,13,1,70,1,Mitch,TL,1,V70 (Mitch),5
584,104,V86,86,40,13,1,86,1,Sunbri,TL,1,V86 (Sunbri),5
585,105,V44,44,33,14,1,44,1,EGA_Gregory,TL,1,V44 (EGA_Gregory),5
586,106,V28,28,34,14,1,28,1,CSIROW007,TL,1,V28 (CSIROW007),5
587,107,V9,9,35,14,2,9,1,Axe,TL,1,V9 (Axe),5
588,108,V11,11,36,14,2,11,1,Bass,TL,1,V11 (Bass),5
589,109,V95,95,37,14,1,95,1,Yitpi,TL,1,V95 (Yitpi),5
590,110,V31,31,38,14,1,31,1,CSIROW021,TL,1,V31 (CSIROW021),5
591,111,V19,19,39,14,2,19,1,Catalina,TL,1,V19 (Catalina),5
592,112,V89,89,40,14,1,89,1,Suntop,TL,1,V89 (Suntop),5
593,113,V49,49,33,15,1,49,1,Emu_Rock,TL,1,V49 (Emu_Rock),5
594,114,V81,81,34,15,1,81,1,Shepherd,TL,1,V81 (Shepherd),5
595,115,V39,39,35,15,1,39,1,CSIROW105,TL,1,V39 (CSIROW105),5
596,116,V16,16,36,15,2,16,1,Calingiri,TL,1,V16 (Calingiri),5
597,117,V59,59,37,15,1,59,1,Grout,TL,1,V59 (Grout),5
598,118,V25,25,38,15,2,25,1,CSIROW002,TL,1,V25 (CSIROW002),5
599,119,V33,33,39,15,1,33,1,CSIROW027,TL,1,V33 (CSIROW027),5
600,120,V22,22,40,15,2,22,1,Crusader,TL,1,V22 (Crusader),5
601,1,V87,87,41,1,1,87,1,Sunlamb,TL,6,V87 (Sunlamb),6
602,2,V26,26,42,1,2,26,1,CSIROW003,TL,6,V26 (CSIROW003),6
603,3,V40,40,43,1,2,40,1,Cutlass,TL,6,V40 (Cutlass),6
604,4,V60,60,44,1,1,60,1,H45,TL,6,V60 (H45),6
605,5,V20,20,45,1,1,20,1,Commander,TL,6,V20 (Commander),6
606,6,V35,35,46,1,2,35,1,CSIROW073,TL,6,V35 (CSIROW073),6
607,7,V91,91,47,1,1,91,1,Urambie,TL,6,V91 (Urambie),6
608,8,V51,51,48,1,1,51,1,Fleet,TL,6,V51 (Fleet),6
609,9,V88,88,41,2,1,88,1,Sunstate,TL,6,V88 (Sunstate),6
610,10,V48,48,42,2,1,48,1,Ellison,TL,6,V48 (Ellison),6
611,11,V58,58,43,2,1,58,1,Grenade CL Plus,TL,6,V58 (Grenade CL Plus),6
612,12,V30,30,44,2,2,30,1,CSIROW018,TL,6,V30 (CSIROW018),6
613,13,V21,21,45,2,1,21,1,Compass,TL,6,V21 (Compass),6
614,14,V4,4,46,2,1,4,1,Spartacus CL,Control,6,V4 (Spartacus CL),6
615,15,V38,38,47,2,2,38,1,CSIROW102,TL,6,V38 (CSIROW102),6
616,16,V8,8,48,2,1,8,1,Alestar,TL,6,V8 (Alestar),6
617,17,V63,63,41,3,1,63,1,Kellalac,TL,6,V63 (Kellalac),6
618,18,V25,25,42,3,2,25,1,CSIROW002,TL,6,V25 (CSIROW002),6
619,19,V22,22,43,3,2,22,1,Crusader,TL,6,V22 (Crusader),6
620,20,V52,52,44,3,1,52,1,Flinders,TL,6,V52 (Flinders),6
621,21,V23,23,45,3,2,23,1,CSIROB1,TL,6,V23 (CSIROB1),6
622,22,V54,54,46,3,1,54,1,Franklin,TL,6,V54 (Franklin),6
623,23,V83,83,47,3,1,83,1,Stirling,TL,6,V83 (Stirling),6
624,24,V37,37,48,3,2,37,1,CSIROW087,TL,6,V37 (CSIROW087),6
625,25,V5,5,41,4,1,5,1,Manning,Control,6,V5 (Manning),6
626,26,V14,14,42,4,1,14,1,Bolac,TL,6,V14 (Bolac),6
627,27,V59,59,43,4,1,59,1,Grout,TL,6,V59 (Grout),6
628,28,V38,38,44,4,2,38,1,CSIROW102,TL,6,V38 (CSIROW102),6
629,29,V3,3,45,4,1,3,1,Lancer,Control,6,V3 (Lancer),6
630,30,V65,65,46,4,1,65,1,Lockyer,TL,6,V65 (Lockyer),6
631,31,V29,29,47,4,2,29,1,CSIROW011,TL,6,V29 (CSIROW011),6
632,32,V89,89,48,4,1,89,1,Suntop,TL,6,V89 (Suntop),6
633,33,V90,90,41,5,1,90,1,Trojan,TL,6,V90 (Trojan),6
634,34,V75,75,42,5,1,75,1,Revenue,TL,6,V75 (Revenue),6
635,35,V12,12,43,5,1,12,1,Baudin,TL,6,V12 (Baudin),6
636,36,V32,32,44,5,2,32,1,CSIROW023,TL,6,V32 (CSIROW023),6
637,37,V19,19,45,5,1,19,1,Catalina,TL,6,V19 (Catalina),6
638,38,V41,41,46,5,2,41,1,Dash,TL,6,V41 (Dash),6
639,39,V16,16,47,5,1,16,1,Calingiri,TL,6,V16 (Calingiri),6
640,40,V31,31,48,5,2,31,1,CSIROW021,TL,6,V31 (CSIROW021),6
641,41,V82,82,41,6,1,82,1,Spitfire,TL,6,V82 (Spitfire),6
642,42,V42,42,42,6,2,42,1,Derrimut,TL,6,V42 (Derrimut),6
643,43,V44,44,43,6,1,44,1,EGA_Gregory,TL,6,V44 (EGA_Gregory),6
644,44,V10,10,44,6,1,10,1,Banks,TL,6,V10 (Banks),6
645,45,V28,28,45,6,2,28,1,CSIROW007,TL,6,V28 (CSIROW007),6
646,46,V95,95,46,6,1,95,1,Yitpi,TL,6,V95 (Yitpi),6
647,47,V80,80,47,6,1,80,1,Scout,TL,6,V80 (Scout),6
648,48,V26,26,48,6,2,26,1,CSIROW003,TL,6,V26 (CSIROW003),6
649,49,V77,77,41,7,1,77,1,Rosella,TL,6,V77 (Rosella),6
650,50,V78,78,42,7,1,78,1,Schooner,TL,6,V78 (Schooner),6
651,51,V34,34,43,7,2,34,1,CSIROW029,TL,6,V34 (CSIROW029),6
652,52,V94,94,44,7,1,94,1,Wyalkatchem,TL,6,V94 (Wyalkatchem),6
653,53,V47,47,45,7,1,47,1,EGA_Wills,TL,6,V47 (EGA_Wills),6
654,54,V76,76,46,7,1,76,1,Rosalind,TL,6,V76 (Rosalind),6
655,55,V39,39,47,7,2,39,1,CSIROW105,TL,6,V39 (CSIROW105),6
656,56,V22,22,48,7,2,22,1,Crusader,TL,6,V22 (Crusader),6
657,57,V27,27,41,8,2,27,1,CSIROW005,TL,6,V27 (CSIROW005),6
658,58,V41,41,42,8,2,41,1,Dash,TL,6,V41 (Dash),6
659,59,V7,7,43,8,1,7,1,AGT_Scythe,TL,6,V7 (AGT_Scythe),6
660,60,V50,50,44,8,1,50,1,Fathom,TL,6,V50 (Fathom),6
661,61,V66,66,45,8,1,66,1,Longsword,TL,6,V66 (Longsword),6
662,62,V6,6,46,8,1,6,1,Scepter,Control,6,V6 (Scepter),6
663,63,V15,15,47,8,1,15,1,Braewood,TL,6,V15 (Braewood),6
664,64,V55,55,48,8,1,55,1,Gairdner,TL,6,V55 (Gairdner),6
665,65,V86,86,41,9,1,86,1,Sunbri,TL,6,V86 (Sunbri),6
666,66,V37,37,42,9,2,37,1,CSIROW087,TL,6,V37 (CSIROW087),6
667,67,V72,72,43,9,1,72,1,Ouyen,TL,6,V72 (Ouyen),6
668,68,V4,4,44,9,1,4,1,Spartacus CL,Control,6,V4 (Spartacus CL),6
669,69,V81,81,45,9,1,81,1,Shepherd,TL,6,V81 (Shepherd),6
670,70,V32,32,46,9,2,32,1,CSIROW023,TL,6,V32 (CSIROW023),6
671,71,V96,96,47,9,1,96,1,Young,TL,6,V96 (Young),6
672,72,V1,1,48,9,2,1,1,RGT Planet,Control,6,V1 (RGT Planet),6
673,73,V56,56,41,10,1,56,1,Gauntlet,TL,6,V56 (Gauntlet),6
674,74,V9,9,42,10,1,9,1,Axe,TL,6,V9 (Axe),6
675,75,V28,28,43,10,2,28,1,CSIROW007,TL,6,V28 (CSIROW007),6
676,76,V31,31,44,10,2,31,1,CSIROW021,TL,6,V31 (CSIROW021),6
677,77,V36,36,45,10,2,36,1,CSIROW077,TL,6,V36 (CSIROW077),6
678,78,V49,49,46,10,1,49,1,Emu_Rock,TL,6,V49 (Emu_Rock),6
679,79,V34,34,47,10,2,34,1,CSIROW029,TL,6,V34 (CSIROW029),6
680,80,V57,57,48,10,1,57,1,Granger,TL,6,V57 (Granger),6
681,81,V33,33,41,11,2,33,1,CSIROW027,TL,6,V33 (CSIROW027),6
682,82,V46,46,42,11,1,46,1,EGA_Wedgetail,TL,6,V46 (EGA_Wedgetail),6
683,83,V2,2,43,11,2,2,1,Beaufort,Control,6,V2 (Beaufort),6
684,84,V39,39,44,11,2,39,1,CSIROW105,TL,6,V39 (CSIROW105),6
685,85,V18,18,45,11,1,18,1,Cassiopee,TL,6,V18 (Cassiopee),6
686,86,V45,45,46,11,1,45,1,EGA_Hume,TL,6,V45 (EGA_Hume),6
687,87,V5,5,47,11,1,5,1,Manning,Control,6,V5 (Manning),6
688,88,V53,53,48,11,1,53,1,Forrest,TL,6,V53 (Forrest),6
689,89,V61,61,41,12,1,61,1,Janz,TL,6,V61 (Janz),6
690,90,V35,35,42,12,2,35,1,CSIROW073,TL,6,V35 (CSIROW073),6
691,91,V93,93,43,12,1,93,1,Whistler,TL,6,V93 (Whistler),6
692,92,V71,71,44,12,1,71,1,Navigator,TL,6,V71 (Navigator),6
693,93,V25,25,45,12,2,25,1,CSIROW002,TL,6,V25 (CSIROW002),6
694,94,V24,24,46,12,2,24,1,CSIROB3,TL,6,V24 (CSIROB3),6
695,95,V67,67,47,12,1,67,1,Mace,TL,6,V67 (Mace),6
696,96,V84,84,48,12,1,84,1,Strzelecki,TL,6,V84 (Strzelecki),6
697,97,V6,6,41,13,1,6,1,Scepter,Control,6,V6 (Scepter),6
698,98,V13,13,42,13,1,13,1,Biere,TL,6,V13 (Biere),6
699,99,V73,73,43,13,1,73,1,Oxford,TL,6,V73 (Oxford),6
700,100,V79,79,44,13,1,79,1,Scope,TL,6,V79 (Scope),6
701,101,V40,40,45,13,2,40,1,Cutlass,TL,6,V40 (Cutlass),6
702,102,V68,68,46,13,1,68,1,Magenta,TL,6,V68 (Magenta),6
703,103,V43,43,47,13,1,43,1,EGA_Eaglehawk,TL,6,V43 (EGA_Eaglehawk),6
704,104,V33,33,48,13,2,33,1,CSIROW027,TL,6,V33 (CSIROW027),6
705,105,V29,29,41,14,2,29,1,CSIROW011,TL,6,V29 (CSIROW011),6
706,106,V64,64,42,14,1,64,1,Kittyhawk,TL,6,V64 (Kittyhawk),6
707,107,V23,23,43,14,2,23,1,CSIROB1,TL,6,V23 (CSIROB1),6
708,108,V74,74,44,14,1,74,1,Peake,TL,6,V74 (Peake),6
709,109,V27,27,45,14,2,27,1,CSIROW005,TL,6,V27 (CSIROW005),6
710,110,V92,92,46,14,1,92,1,Westminster,TL,6,V92 (Westminster),6
711,111,V42,42,47,14,2,42,1,Derrimut,TL,6,V42 (Derrimut),6
712,112,V69,69,48,14,1,69,1,Merinda,TL,6,V69 (Merinda),6
713,113,V11,11,41,15,1,11,1,Bass,TL,6,V11 (Bass),6
714,114,V85,85,42,15,1,85,1,Sunbee,TL,6,V85 (Sunbee),6
715,115,V24,24,43,15,2,24,1,CSIROB3,TL,6,V24 (CSIROB3),6
716,116,V36,36,44,15,2,36,1,CSIROW077,TL,6,V36 (CSIROW077),6
717,117,V70,70,45,15,1,70,1,Mitch,TL,6,V70 (Mitch),6
718,118,V30,30,46,15,2,30,1,CSIROW018,TL,6,V30 (CSIROW018),6
719,119,V62,62,47,15,1,62,1,Keel,TL,6,V62 (Keel),6
720,120,V17,17,48,15,1,17,1,Capstan,TL,6,V17 (Capstan),6
721,1,V43,43,49,1,2,43,1,EGA_Eaglehawk,TL,7,V43 (EGA_Eaglehawk),7
722,2,V66,66,50,1,1,66,1,Longsword,TL,7,V66 (Longsword),7
723,3,V92,92,51,1,1,92,1,Westminster,TL,7,V92 (Westminster),7
724,4,V53,53,52,1,2,53,1,Forrest,TL,7,V53 (Forrest),7
725,5,V40,40,53,1,1,40,1,Cutlass,TL,7,V40 (Cutlass),7
726,6,V60,60,54,1,2,60,1,H45,TL,7,V60 (H45),7
727,7,V58,58,55,1,2,58,1,Grenade CL Plus,TL,7,V58 (Grenade CL Plus),7
728,8,V84,84,56,1,1,84,1,Strzelecki,TL,7,V84 (Strzelecki),7
729,9,V6,6,49,2,1,6,1,Scepter,Control,7,V6 (Scepter),7
730,10,V56,56,50,2,2,56,1,Gauntlet,TL,7,V56 (Gauntlet),7
731,11,V38,38,51,2,1,38,1,CSIROW102,TL,7,V38 (CSIROW102),7
732,12,V69,69,52,2,1,69,1,Merinda,TL,7,V69 (Merinda),7
733,13,V62,62,53,2,2,62,1,Keel,TL,7,V62 (Keel),7
734,14,V71,71,54,2,1,71,1,Navigator,TL,7,V71 (Navigator),7
735,15,V18,18,55,2,1,18,1,Cassiopee,TL,7,V18 (Cassiopee),7
736,16,V44,44,56,2,2,44,1,EGA_Gregory,TL,7,V44 (EGA_Gregory),7
737,17,V75,75,49,3,1,75,1,Revenue,TL,7,V75 (Revenue),7
738,18,V21,21,50,3,1,21,1,Compass,TL,7,V21 (Compass),7
739,19,V1,1,51,3,2,1,1,RGT Planet,Control,7,V1 (RGT Planet),7
740,20,V61,61,52,3,2,61,1,Janz,TL,7,V61 (Janz),7
741,21,V86,86,53,3,1,86,1,Sunbri,TL,7,V86 (Sunbri),7
742,22,V94,94,54,3,1,94,1,Wyalkatchem,TL,7,V94 (Wyalkatchem),7
743,23,V57,57,55,3,2,57,1,Granger,TL,7,V57 (Granger),7
744,24,V28,28,56,3,1,28,1,CSIROW007,TL,7,V28 (CSIROW007),7
745,25,V48,48,49,4,2,48,1,Ellison,TL,7,V48 (Ellison),7
746,26,V49,49,50,4,2,49,1,Emu_Rock,TL,7,V49 (Emu_Rock),7
747,27,V26,26,51,4,1,26,1,CSIROW003,TL,7,V26 (CSIROW003),7
748,28,V5,5,52,4,1,5,1,Manning,Control,7,V5 (Manning),7
749,29,V76,76,53,4,1,76,1,Rosalind,TL,7,V76 (Rosalind),7
750,30,V43,43,54,4,2,43,1,EGA_Eaglehawk,TL,7,V43 (EGA_Eaglehawk),7
751,31,V85,85,55,4,1,85,1,Sunbee,TL,7,V85 (Sunbee),7
752,32,V15,15,56,4,1,15,1,Braewood,TL,7,V15 (Braewood),7
753,33,V58,58,49,5,2,58,1,Grenade CL Plus,TL,7,V58 (Grenade CL Plus),7
754,34,V9,9,50,5,1,9,1,Axe,TL,7,V9 (Axe),7
755,35,V20,20,51,5,1,20,1,Commander,TL,7,V20 (Commander),7
756,36,V64,64,52,5,1,64,1,Kittyhawk,TL,7,V64 (Kittyhawk),7
757,37,V51,51,53,5,2,51,1,Fleet,TL,7,V51 (Fleet),7
758,38,V68,68,54,5,1,68,1,Magenta,TL,7,V68 (Magenta),7
759,39,V1,1,55,5,2,1,1,RGT Planet,Control,7,V1 (RGT Planet),7
760,40,V10,10,56,5,1,10,1,Banks,TL,7,V10 (Banks),7
761,41,V14,14,49,6,1,14,1,Bolac,TL,7,V14 (Bolac),7
762,42,V67,67,50,6,1,67,1,Mace,TL,7,V67 (Mace),7
763,43,V2,2,51,6,2,2,1,Beaufort,Control,7,V2 (Beaufort),7
764,44,V91,91,52,6,1,91,1,Urambie,TL,7,V91 (Urambie),7
765,45,V55,55,53,6,2,55,1,Gairdner,TL,7,V55 (Gairdner),7
766,46,V22,22,54,6,1,22,1,Crusader,TL,7,V22 (Crusader),7
767,47,V39,39,55,6,1,39,1,CSIROW105,TL,7,V39 (CSIROW105),7
768,48,V59,59,56,6,2,59,1,Grout,TL,7,V59 (Grout),7
769,49,V78,78,49,7,1,78,1,Schooner,TL,7,V78 (Schooner),7
770,50,V3,3,50,7,1,3,1,Lancer,Control,7,V3 (Lancer),7
771,51,V31,31,51,7,1,31,1,CSIROW021,TL,7,V31 (CSIROW021),7
772,52,V29,29,52,7,1,29,1,CSIROW011,TL,7,V29 (CSIROW011),7
773,53,V81,81,53,7,1,81,1,Shepherd,TL,7,V81 (Shepherd),7
774,54,V47,47,54,7,2,47,1,EGA_Wills,TL,7,V47 (EGA_Wills),7
775,55,V53,53,55,7,2,53,1,Forrest,TL,7,V53 (Forrest),7
776,56,V36,36,56,7,1,36,1,CSIROW077,TL,7,V36 (CSIROW077),7
777,57,V7,7,49,8,1,7,1,AGT_Scythe,TL,7,V7 (AGT_Scythe),7
778,58,V25,25,50,8,1,25,1,CSIROW002,TL,7,V25 (CSIROW002),7
779,59,V55,55,51,8,2,55,1,Gairdner,TL,7,V55 (Gairdner),7
780,60,V60,60,52,8,2,60,1,H45,TL,7,V60 (H45),7
781,61,V42,42,53,8,1,42,1,Derrimut,TL,7,V42 (Derrimut),7
782,62,V50,50,54,8,2,50,1,Fathom,TL,7,V50 (Fathom),7
783,63,V11,11,55,8,1,11,1,Bass,TL,7,V11 (Bass),7
784,64,V4,4,56,8,1,4,1,Spartacus CL,Control,7,V4 (Spartacus CL),7
785,65,V46,46,49,9,2,46,1,EGA_Wedgetail,TL,7,V46 (EGA_Wedgetail),7
786,66,V63,63,50,9,2,63,1,Kellalac,TL,7,V63 (Kellalac),7
787,67,V87,87,51,9,1,87,1,Sunlamb,TL,7,V87 (Sunlamb),7
788,68,V65,65,52,9,1,65,1,Lockyer,TL,7,V65 (Lockyer),7
789,69,V95,95,53,9,1,95,1,Yitpi,TL,7,V95 (Yitpi),7
790,70,V48,48,54,9,2,48,1,Ellison,TL,7,V48 (Ellison),7
791,71,V54,54,55,9,2,54,1,Franklin,TL,7,V54 (Franklin),7
792,72,V34,34,56,9,1,34,1,CSIROW029,TL,7,V34 (CSIROW029),7
793,73,V51,51,49,10,2,51,1,Fleet,TL,7,V51 (Fleet),7
794,74,V13,13,50,10,1,13,1,Biere,TL,7,V13 (Biere),7
795,75,V44,44,51,10,2,44,1,EGA_Gregory,TL,7,V44 (EGA_Gregory),7
796,76,V16,16,52,10,1,16,1,Calingiri,TL,7,V16 (Calingiri),7
797,77,V89,89,53,10,1,89,1,Suntop,TL,7,V89 (Suntop),7
798,78,V82,82,54,10,1,82,1,Spitfire,TL,7,V82 (Spitfire),7
799,79,V70,70,55,10,1,70,1,Mitch,TL,7,V70 (Mitch),7
800,80,V46,46,56,10,2,46,1,EGA_Wedgetail,TL,7,V46 (EGA_Wedgetail),7
801,81,V45,45,49,11,2,45,1,EGA_Hume,TL,7,V45 (EGA_Hume),7
802,82,V41,41,50,11,1,41,1,Dash,TL,7,V41 (Dash),7
803,83,V83,83,51,11,1,83,1,Stirling,TL,7,V83 (Stirling),7
804,84,V50,50,52,11,2,50,1,Fathom,TL,7,V50 (Fathom),7
805,85,V61,61,53,11,2,61,1,Janz,TL,7,V61 (Janz),7
806,86,V52,52,54,11,2,52,1,Flinders,TL,7,V52 (Flinders),7
807,87,V12,12,55,11,1,12,1,Baudin,TL,7,V12 (Baudin),7
808,88,V35,35,56,11,1,35,1,CSIROW073,TL,7,V35 (CSIROW073),7
809,89,V37,37,49,12,1,37,1,CSIROW087,TL,7,V37 (CSIROW087),7
810,90,V90,90,50,12,1,90,1,Trojan,TL,7,V90 (Trojan),7
811,91,V57,57,51,12,2,57,1,Granger,TL,7,V57 (Granger),7
812,92,V80,80,52,12,1,80,1,Scout,TL,7,V80 (Scout),7
813,93,V2,2,53,12,2,2,1,Beaufort,Control,7,V2 (Beaufort),7
814,94,V30,30,54,12,1,30,1,CSIROW018,TL,7,V30 (CSIROW018),7
815,95,V63,63,55,12,2,63,1,Kellalac,TL,7,V63 (Kellalac),7
816,96,V23,23,56,12,1,23,1,CSIROB1,TL,7,V23 (CSIROB1),7
817,97,V19,19,49,13,1,19,1,Catalina,TL,7,V19 (Catalina),7
818,98,V47,47,50,13,2,47,1,EGA_Wills,TL,7,V47 (EGA_Wills),7
819,99,V93,93,51,13,1,93,1,Whistler,TL,7,V93 (Whistler),7
820,100,V59,59,52,13,2,59,1,Grout,TL,7,V59 (Grout),7
821,101,V79,79,53,13,1,79,1,Scope,TL,7,V79 (Scope),7
822,102,V24,24,54,13,1,24,1,CSIROB3,TL,7,V24 (CSIROB3),7
823,103,V88,88,55,13,1,88,1,Sunstate,TL,7,V88 (Sunstate),7
824,104,V56,56,56,13,2,56,1,Gauntlet,TL,7,V56 (Gauntlet),7
825,105,V74,74,49,14,1,74,1,Peake,TL,7,V74 (Peake),7
826,106,V54,54,50,14,2,54,1,Franklin,TL,7,V54 (Franklin),7
827,107,V52,52,51,14,2,52,1,Flinders,TL,7,V52 (Flinders),7
828,108,V72,72,52,14,1,72,1,Ouyen,TL,7,V72 (Ouyen),7
829,109,V96,96,53,14,1,96,1,Young,TL,7,V96 (Young),7
830,110,V3,3,54,14,1,3,1,Lancer,Control,7,V3 (Lancer),7
831,111,V73,73,55,14,1,73,1,Oxford,TL,7,V73 (Oxford),7
832,112,V33,33,56,14,1,33,1,CSIROW027,TL,7,V33 (CSIROW027),7
833,113,V8,8,49,15,1,8,1,Alestar,TL,7,V8 (Alestar),7
834,114,V62,62,50,15,2,62,1,Keel,TL,7,V62 (Keel),7
835,115,V17,17,51,15,1,17,1,Capstan,TL,7,V17 (Capstan),7
836,116,V32,32,52,15,1,32,1,CSIROW023,TL,7,V32 (CSIROW023),7
837,117,V49,49,53,15,2,49,1,Emu_Rock,TL,7,V49 (Emu_Rock),7
838,118,V77,77,54,15,1,77,1,Rosella,TL,7,V77 (Rosella),7
839,119,V45,45,55,15,2,45,1,EGA_Hume,TL,7,V45 (EGA_Hume),7
840,120,V27,27,56,15,1,27,1,CSIROW005,TL,7,V27 (CSIROW005),7
841,1,V93,93,57,1,1,93,1,Whistler,TL,2,V93 (Whistler),8
842,2,V45,45,58,1,2,45,1,EGA_Hume,TL,2,V45 (EGA_Hume),8
843,3,V2,2,59,1,2,2,1,Beaufort,Control,2,V2 (Beaufort),8
844,4,V64,64,60,1,1,64,1,Kittyhawk,TL,2,V64 (Kittyhawk),8
845,5,V81,81,61,1,1,81,1,Shepherd,TL,2,V81 (Shepherd),8
846,6,V30,30,62,1,2,30,1,CSIROW018,TL,2,V30 (CSIROW018),8
847,7,V31,31,63,1,2,31,1,CSIROW021,TL,2,V31 (CSIROW021),8
848,8,V57,57,64,1,1,57,1,Granger,TL,2,V57 (Granger),8
849,9,V42,42,57,2,2,42,1,Derrimut,TL,2,V42 (Derrimut),8
850,10,V89,89,58,2,1,89,1,Suntop,TL,2,V89 (Suntop),8
851,11,V60,60,59,2,1,60,1,H45,TL,2,V60 (H45),8
852,12,V44,44,60,2,2,44,1,EGA_Gregory,TL,2,V44 (EGA_Gregory),8
853,13,V32,32,61,2,2,32,1,CSIROW023,TL,2,V32 (CSIROW023),8
854,14,V29,29,62,2,2,29,1,CSIROW011,TL,2,V29 (CSIROW011),8
855,15,V73,73,63,2,1,73,1,Oxford,TL,2,V73 (Oxford),8
856,16,V14,14,64,2,1,14,1,Bolac,TL,2,V14 (Bolac),8
857,17,V47,47,57,3,2,47,1,EGA_Wills,TL,2,V47 (EGA_Wills),8
858,18,V36,36,58,3,2,36,1,CSIROW077,TL,2,V36 (CSIROW077),8
859,19,V52,52,59,3,1,52,1,Flinders,TL,2,V52 (Flinders),8
860,20,V25,25,60,3,1,25,1,CSIROW002,TL,2,V25 (CSIROW002),8
861,21,V65,65,61,3,1,65,1,Lockyer,TL,2,V65 (Lockyer),8
862,22,V96,96,62,3,1,96,1,Young,TL,2,V96 (Young),8
863,23,V85,85,63,3,1,85,1,Sunbee,TL,2,V85 (Sunbee),8
864,24,V6,6,64,3,1,6,1,Scepter,Control,2,V6 (Scepter),8
865,25,V74,74,57,4,1,74,1,Peake,TL,2,V74 (Peake),8
866,26,V75,75,58,4,1,75,1,Revenue,TL,2,V75 (Revenue),8
867,27,V34,34,59,4,2,34,1,CSIROW029,TL,2,V34 (CSIROW029),8
868,28,V87,87,60,4,1,87,1,Sunlamb,TL,2,V87 (Sunlamb),8
869,29,V37,37,61,4,2,37,1,CSIROW087,TL,2,V37 (CSIROW087),8
870,30,V22,22,62,4,1,22,1,Crusader,TL,2,V22 (Crusader),8
871,31,V40,40,63,4,2,40,1,Cutlass,TL,2,V40 (Cutlass),8
872,32,V59,59,64,4,1,59,1,Grout,TL,2,V59 (Grout),8
873,33,V28,28,57,5,2,28,1,CSIROW007,TL,2,V28 (CSIROW007),8
874,34,V91,91,58,5,1,91,1,Urambie,TL,2,V91 (Urambie),8
875,35,V39,39,59,5,2,39,1,CSIROW105,TL,2,V39 (CSIROW105),8
876,36,V68,68,60,5,1,68,1,Magenta,TL,2,V68 (Magenta),8
877,37,V83,83,61,5,1,83,1,Stirling,TL,2,V83 (Stirling),8
878,38,V1,1,62,5,2,1,1,RGT Planet,Control,2,V1 (RGT Planet),8
879,39,V43,43,63,5,2,43,1,EGA_Eaglehawk,TL,2,V43 (EGA_Eaglehawk),8
880,40,V63,63,64,5,1,63,1,Kellalac,TL,2,V63 (Kellalac),8
881,41,V90,90,57,6,1,90,1,Trojan,TL,2,V90 (Trojan),8
882,42,V6,6,58,6,1,6,1,Scepter,Control,2,V6 (Scepter),8
883,43,V26,26,59,6,1,26,1,CSIROW003,TL,2,V26 (CSIROW003),8
884,44,V54,54,60,6,1,54,1,Franklin,TL,2,V54 (Franklin),8
885,45,V42,42,61,6,2,42,1,Derrimut,TL,2,V42 (Derrimut),8
886,46,V13,13,62,6,1,13,1,Biere,TL,2,V13 (Biere),8
887,47,V19,19,63,6,1,19,1,Catalina,TL,2,V19 (Catalina),8
888,48,V38,38,64,6,2,38,1,CSIROW102,TL,2,V38 (CSIROW102),8
889,49,V16,16,57,7,1,16,1,Calingiri,TL,2,V16 (Calingiri),8
890,50,V92,92,58,7,1,92,1,Westminster,TL,2,V92 (Westminster),8
891,51,V35,35,59,7,2,35,1,CSIROW073,TL,2,V35 (CSIROW073),8
892,52,V95,95,60,7,1,95,1,Yitpi,TL,2,V95 (Yitpi),8
893,53,V55,55,61,7,1,55,1,Gairdner,TL,2,V55 (Gairdner),8
894,54,V39,39,62,7,2,39,1,CSIROW105,TL,2,V39 (CSIROW105),8
895,55,V51,51,63,7,1,51,1,Fleet,TL,2,V51 (Fleet),8
896,56,V33,33,64,7,2,33,1,CSIROW027,TL,2,V33 (CSIROW027),8
897,57,V67,67,57,8,1,67,1,Mace,TL,2,V67 (Mace),8
898,58,V29,29,58,8,2,29,1,CSIROW011,TL,2,V29 (CSIROW011),8
899,59,V8,8,59,8,1,8,1,Alestar,TL,2,V8 (Alestar),8
900,60,V4,4,60,8,1,4,1,Spartacus CL,Control,2,V4 (Spartacus CL),8
901,61,V15,15,61,8,1,15,1,Braewood,TL,2,V15 (Braewood),8
902,62,V80,80,62,8,1,80,1,Scout,TL,2,V80 (Scout),8
903,63,V45,45,63,8,2,45,1,EGA_Hume,TL,2,V45 (EGA_Hume),8
904,64,V69,69,64,8,1,69,1,Merinda,TL,2,V69 (Merinda),8
905,65,V3,3,57,9,1,3,1,Lancer,Control,2,V3 (Lancer),8
906,66,V53,53,58,9,1,53,1,Forrest,TL,2,V53 (Forrest),8
907,67,V37,37,59,9,2,37,1,CSIROW087,TL,2,V37 (CSIROW087),8
908,68,V30,30,60,9,2,30,1,CSIROW018,TL,2,V30 (CSIROW018),8
909,69,V94,94,61,9,1,94,1,Wyalkatchem,TL,2,V94 (Wyalkatchem),8
910,70,V5,5,62,9,1,5,1,Manning,Control,2,V5 (Manning),8
911,71,V71,71,63,9,1,71,1,Navigator,TL,2,V71 (Navigator),8
912,72,V58,58,64,9,1,58,1,Grenade CL Plus,TL,2,V58 (Grenade CL Plus),8
913,73,V27,27,57,10,1,27,1,CSIROW005,TL,2,V27 (CSIROW005),8
914,74,V31,31,58,10,2,31,1,CSIROW021,TL,2,V31 (CSIROW021),8
915,75,V9,9,59,10,1,9,1,Axe,TL,2,V9 (Axe),8
916,76,V41,41,60,10,2,41,1,Dash,TL,2,V41 (Dash),8
917,77,V36,36,61,10,2,36,1,CSIROW077,TL,2,V36 (CSIROW077),8
918,78,V49,49,62,10,1,49,1,Emu_Rock,TL,2,V49 (Emu_Rock),8
919,79,V28,28,63,10,2,28,1,CSIROW007,TL,2,V28 (CSIROW007),8
920,80,V11,11,64,10,1,11,1,Bass,TL,2,V11 (Bass),8
921,81,V43,43,57,11,2,43,1,EGA_Eaglehawk,TL,2,V43 (EGA_Eaglehawk),8
922,82,V70,70,58,11,1,70,1,Mitch,TL,2,V70 (Mitch),8
923,83,V21,21,59,11,1,21,1,Compass,TL,2,V21 (Compass),8
924,84,V66,66,60,11,1,66,1,Longsword,TL,2,V66 (Longsword),8
925,85,V7,7,61,11,1,7,1,AGT_Scythe,TL,2,V7 (AGT_Scythe),8
926,86,V46,46,62,11,2,46,1,EGA_Wedgetail,TL,2,V46 (EGA_Wedgetail),8
927,87,V4,4,63,11,1,4,1,Spartacus CL,Control,2,V4 (Spartacus CL),8
928,88,V12,12,64,11,1,12,1,Baudin,TL,2,V12 (Baudin),8
929,89,V56,56,57,12,1,56,1,Gauntlet,TL,2,V56 (Gauntlet),8
930,90,V48,48,58,12,2,48,1,Ellison,TL,2,V48 (Ellison),8
931,91,V62,62,59,12,1,62,1,Keel,TL,2,V62 (Keel),8
932,92,V33,33,60,12,2,33,1,CSIROW027,TL,2,V33 (CSIROW027),8
933,93,V24,24,61,12,1,24,1,CSIROB3,TL,2,V24 (CSIROB3),8
934,94,V44,44,62,12,2,44,1,EGA_Gregory,TL,2,V44 (EGA_Gregory),8
935,95,V23,23,63,12,1,23,1,CSIROB1,TL,2,V23 (CSIROB1),8
936,96,V82,82,64,12,1,82,1,Spitfire,TL,2,V82 (Spitfire),8
937,97,V76,76,57,13,1,76,1,Rosalind,TL,2,V76 (Rosalind),8
938,98,V38,38,58,13,2,38,1,CSIROW102,TL,2,V38 (CSIROW102),8
939,99,V5,5,59,13,1,5,1,Manning,Control,2,V5 (Manning),8
940,100,V17,17,60,13,1,17,1,Capstan,TL,2,V17 (Capstan),8
941,101,V10,10,61,13,1,10,1,Banks,TL,2,V10 (Banks),8
942,102,V84,84,62,13,1,84,1,Strzelecki,TL,2,V84 (Strzelecki),8
943,103,V72,72,63,13,1,72,1,Ouyen,TL,2,V72 (Ouyen),8
944,104,V35,35,64,13,2,35,1,CSIROW073,TL,2,V35 (CSIROW073),8
945,105,V46,46,57,14,2,46,1,EGA_Wedgetail,TL,2,V46 (EGA_Wedgetail),8
946,106,V86,86,58,14,1,86,1,Sunbri,TL,2,V86 (Sunbri),8
947,107,V50,50,59,14,1,50,1,Fathom,TL,2,V50 (Fathom),8
948,108,V40,40,60,14,2,40,1,Cutlass,TL,2,V40 (Cutlass),8
949,109,V20,20,61,14,1,20,1,Commander,TL,2,V20 (Commander),8
950,110,V48,48,62,14,2,48,1,Ellison,TL,2,V48 (Ellison),8
951,111,V61,61,63,14,1,61,1,Janz,TL,2,V61 (Janz),8
952,112,V47,47,64,14,2,47,1,EGA_Wills,TL,2,V47 (EGA_Wills),8
953,113,V79,79,57,15,1,79,1,Scope,TL,2,V79 (Scope),8
954,114,V77,77,58,15,1,77,1,Rosella,TL,2,V77 (Rosella),8
955,115,V88,88,59,15,1,88,1,Sunstate,TL,2,V88 (Sunstate),8
956,116,V32,32,60,15,2,32,1,CSIROW023,TL,2,V32 (CSIROW023),8
957,117,V41,41,61,15,2,41,1,Dash,TL,2,V41 (Dash),8
958,118,V18,18,62,15,1,18,1,Cassiopee,TL,2,V18 (Cassiopee),8
959,119,V34,34,63,15,2,34,1,CSIROW029,TL,2,V34 (CSIROW029),8
960,120,V78,78,64,15,1,78,1,Schooner,TL,2,V78 (Schooner),8
